Workbook
Name dd: #REF!
Name dd: #REF!
Name te: #REF!
Name te: #REF!
Name vDateTime: #REF!
Name vDateTime: #REF!
Name vDateTime: #REF!
Name vDateTime: #REF!
Name vDateTime: #REF!
Name vDiastolic: #REF!
Name vDiastolic: #REF!
Name vDiastolic: #REF!
Name vHeartRate: #REF!
Name vHeartRate: #REF!
Name vHeartRate: #REF!
Name vSystolic: #REF!
Name vSystolic: #REF!
Name vSystolic: #REF!

Sheet Summary
A1: Summary
A2: Project: | B2: TFK
A3: Product: | B3: Plan Analytics
A4: Task/Area/Module/Feature | B4: Financial Analytics/Clinical Analytics-TFK
A5: Cycle Date | B5: January 01, 2012 to December 31, 2016
A6: Remarks | B6: Plan Analytics Ver: 6.0.0
A8: TEST CASE REVISION HISTORY
A10: Date | B10: Version | C10: Description | D10: Author/s | E10: Reviewer/s | F10: Remarks
A11: 41290 | B11: 1.5.5 | D11: Mgole
A14: TEST EXECUTION HISTORY
A16: Start Date | B16: End Date | C16: Test Environment | D16: Tester/s | E16: Overall Result | F16: Remarks
A17: 42766 | B17: 42766 | C17: https://app1.pa.uat.deerwalk.com | D17: AchyutB | E17: Pass | F17: Manually tested summary page data, counts and LOA values
C18: stage1_tfk_app_20170130

Sheet Summary_Page
A1: Testing Environment | B1: Section | C1: Sub-Section | D1: Test Summary | E1: Makalu Test Procedure | F1: Backend Test Procedure | G1: Test Data | H1: Test Result | I1: Related Defects | J1: Remarks
H2: DATE
A3: MSSQL 2008 R2 | B3: Book of Business | C3: Medical Claims Paid | D3: Verify Medical Claims Paid | E3: 1) Login to Makalu 2) Click "Dynamic Reports" 3) Select Default values(Basis and Period) 3) Click "Search" 4)The Makalu result for both "Reporting Period" and "Comparision Period" can be seen in "SP Data" tab. | F3: 1)Run the query from following svn path. http://www.deerwalk.com/repos/dwproject/makalu/docs/quality_control/test_cases/data_qc/Testing_Script/SummaryPage.sql 2)The Backend result for both "Reporting Period" and "Comparision Period" can be seen in "SP Data" tab. | G3: SP_Data!A1 | H3: Pass
C4: Pharmacy Claims Paid | D4: Verify Pharmacy Claims Paid | F4: http://www.deerwalk.com/repos/dwproject/makalu/docs/quality_control/test_cases/data_qc/1MASTER/Automated_Scripts/Care_Analytics/All_IN_ONE_INCURRED_1_8_0.sql | H4: Pass
C5: Total Healthplan Claims Paid | D5: Verify Total Healthplan Claims Paid | F5: 2)The Backend result for both "Reporting Period" and "Comparision Period" can be seen in "BB Data" tab. | H5: Pass
C6: Subscribers | D6: Verify Subscribers | H6: Pass
C7: Members | D7: Verify Members | H7: Pass
C8: Member Months | D8: Verify Member Months | H8: Pass
C9: Average Contract Size | D9: Verify Average Contract Size | H9: Pass
C10: Acute Care PMPM | D10: Verify Acute Care PMPM | H10: Pass
C11: Outpatient Facility PMPM | D11: Verify Outpatient Facility PMPM | H11: Pass
C12: Professional PMPM | D12: Verify Professional PMPM | H12: Pass
C13: Medical Claims PMPM | D13: Verify Medical Claims PMPM | H13: Pass
C14: Pharmacy Claims PMPM | D14: Verify Pharmacy Claims PMPM | H14: Pass
C15: Other PMPM | D15: Verify Other PMPM | H15: Pass
C16: Total Healthplan Claims PMPM | D16: Verify Total Healthplan Claims PMPM | H16: Pass

Sheet SP_Data
A1: Basis: Paid
A2: Makalu Result (Last Processing) | F2: Makalu Result (Current Processing) | K2: Backend Result
A3: Healthplan Snapshot | B3: Reporting Period | C3: Comparison Period | D3: % Change | F3: Healthplan Snapshot | G3: Reporting Period | H3: Comparison Period | I3: % Change | K3: Healthplan Snapshot | L3: Reporting Period | M3: Comparison Period | N3: % Change | O3: Repo amount check | P3: Comp amount check | Q3: Result
A4: Medical Claims Paid | B4: 61573744 | C4: 45259306 | D4: 0.3605 | F4: Medical Claims Paid | G4: 62592749 | H4: 56142858 | I4: 0.1149 | K4: Medical Claims Paid | L4: 62592749 | M4: 56142858 | N4: 11.49 | O4: =L4-G4 -> -0.13 | P4: =M4-H4 -> -0.46 | Q4: =IF(AND(ROUNDDOWN(O4,0)=0,ROUNDDOWN(P4,0)=0),"PASS","FAIL") -> PASS | R4: Manully tested
A5: Pharmacy Claims Paid | B5: 14810810 | C5: 14446001 | D5: 0.0253 | F5: Pharmacy Claims Paid | G5: 14880889 | H5: 14581890 | I5: 0.0205 | K5: Pharmacy Claims Paid | L5: 14880889 | M5: 14581890 | N5: 2.05 | O5: =L5-G5 -> 0.0099999998 | P5: =M5-H5 -> -0.46 | Q5: =IF(AND(ROUNDDOWN(O5,0)=0,ROUNDDOWN(P5,0)=0),"PASS","FAIL") -> PASS | R5: Manully tested
A6: Total Health Plan Claims Paid | B6: 76384554 | C6: 59705307 | D6: 0.2794 | F6: Total Health Plan Claims Paid | G6: 77473638 | H6: 70724747 | I6: 0.0954 | K6: Total Healthplan Claims Paid | L6: 77473638 | M6: 70724747 | N6: 9.54 | O6: =L6-G6 -> -0.12 | P6: =M6-H6 -> 0.079999998 | Q6: =IF(AND(ROUNDDOWN(O6,0)=0,ROUNDDOWN(P6,0)=0),"PASS","FAIL") -> PASS | R6: Manully tested
A7: Subscribers | B7: 8400 | C7: 8303 | D7: 0.0117 | F7: Subscribers | G7: 8483 | H7: 8298 | I7: 0.0223 | K7: Subscribers | L7: 8483 | M7: 8298 | N7: 2.23 | O7: =L7-G7 -> 0 | P7: =M7-H7 -> 0 | Q7: =IF(AND(ROUNDDOWN(O7,0)=0,ROUNDDOWN(P7,0)=0),"PASS","FAIL") -> PASS | R7: Manully tested
A8: Members | B8: 17524 | C8: 17494 | D8: 0.0017 | F8: Members | G8: 17705 | H8: 17492 | I8: 0.0122 | K8: Members | L8: 17705 | M8: 17492 | N8: 0 | O8: =L8-G8 -> 0 | P8: =M8-H8 -> 0 | Q8: =IF(AND(ROUNDDOWN(O8,0)=0,ROUNDDOWN(P8,0)=0),"PASS","FAIL") -> PASS | R8: Manully tested
A9: Member Months | B9: 212440 | C9: 177746 | D9: 0.1952 | F9: Member Months | G9: 213333 | H9: 212713 | I9: 0.0029 | K9: Member Months | L9: 226040 | M9: 212713 | N9: 6.27 | O9: =L9-G9 -> 12707 | P9: =M9-H9 -> 0 | Q9: =IF(AND(ROUNDDOWN(O9,0)=0,ROUNDDOWN(P9,0)=0),"PASS","FAIL") -> FAIL
A10: Average Family Size | B10: 2.09 | C10: 2.11 | D10: -0.0098 | F10: Average Family Size | G10: 2.09 | H10: 2.11 | I10: -0.0099 | K10: Average Contract Size | L10: 2.81 | M10: 0 | N10: 0 | O10: =L10-G10 -> 0.72 | P10: =M10-H10 -> -2.11 | Q10: =IF(AND(ROUNDDOWN(O10,0)=0,ROUNDDOWN(P10,0)=0),"PASS","FAIL") -> FAIL
A11: Inpatient PMPM | B11: 120.45 | C11: 111.33 | D11: 0.0819 | F11: Inpatient PMPM | G11: 116.61 | H11: 114.28 | I11: 0.0203 | K11: Inpatient PMPM | L11: 110.05 | M11: 114.28 | N11: -3.7 | O11: =L11-G11 -> -6.56 | P11: =M11-H11 -> 0 | Q11: =IF(AND(ROUNDDOWN(O11,0)=0,ROUNDDOWN(P11,0)=0),"PASS","FAIL") -> FAIL
A12: Outpatient PMPM | B12: 126.02 | C12: 104.35 | D12: 0.2076 | F12: Outpatient PMPM | G12: 132.91 | H12: 108.1 | I12: 0.2295 | K12: Outpatient PMPM | L12: 125.43 | M12: 108.09 | N12: 16.04 | O12: =L12-G12 -> -7.48 | P12: =M12-H12 -> -0.01 | Q12: =IF(AND(ROUNDDOWN(O12,0)=0,ROUNDDOWN(P12,0)=0),"PASS","FAIL") -> FAIL
A13: Office Visit PMPM | B13: 43.37 | C13: 38.95 | D13: 0.1136 | F13: Office Visit PMPM | G13: 43.89 | H13: 41.56 | I13: 0.0561 | K13: Office PMPM | L13: 41.42 | M13: 41.55 | N13: -0.31 | O13: =L13-G13 -> -2.47 | P13: =M13-H13 -> -0.01 | Q13: =IF(AND(ROUNDDOWN(O13,0)=0,ROUNDDOWN(P13,0)=0),"PASS","FAIL") -> FAIL
A14: Medical Claims PMPM | B14: 289.84 | C14: 254.63 | D14: 0.1383 | F14: Medical Claims PMPM | G14: 293.4 | H14: 263.94 | I14: 0.1116 | K14: Medical PMPM | L14: 276.91 | M14: 263.93 | N14: 4.92 | O14: =L14-G14 -> -16.49 | P14: =M14-H14 -> -0.01 | Q14: =IF(AND(ROUNDDOWN(O14,0)=0,ROUNDDOWN(P14,0)=0),"PASS","FAIL") -> FAIL
A15: Pharmacy Claims PMPM | B15: 69.72 | C15: 81.27 | D15: -0.1422 | F15: Pharmacy Claims PMPM | G15: 69.75 | H15: 68.55 | I15: 0.0175 | K15: Pharmacy Claims PMPM | L15: 65.83 | M15: 68.55 | N15: -3.97 | O15: =L15-G15 -> -3.92 | P15: =M15-H15 -> 0 | Q15: =IF(AND(ROUNDDOWN(O15,0)=0,ROUNDDOWN(P15,0)=0),"PASS","FAIL") -> FAIL
A16: Medical and Pharmacy Claims PMPM | B16: 359.56 | C16: 335.9 | D16: 0.0704 | F16: Medical and Pharmacy Claims PMPM | G16: 363.16 | H16: 332.49 | I16: 0.0922 | K16: Total Health Plan claims PMPM | L16: 342.74 | M16: 332.48 | N16: 3.09 | O16: =L16-G16 -> -20.42 | P16: =M16-H16 -> -0.01 | Q16: =IF(AND(ROUNDDOWN(O16,0)=0,ROUNDDOWN(P16,0)=0),"PASS","FAIL") -> FAIL
A18: Basis: Incurred
A19: Makalu Result (Last Processing) | F19: Makalu Result (Current Processing) | K19: Backend Result
A20: Healthplan Snapshot | B20: Reporting Period | C20: Comparison Period | D20: % Change | F20: Healthplan Snapshot | G20: Reporting Period | H20: Comparison Period | I20: % Change | K20: Healthplan Snapshot | L20: Reporting Period | M20: Comparison Period | N20: % Change | O20: Repo Amount Diff | P20: Comp Amount Diff | Q20: Result
A21: Medical Claims Paid | B21: 51953972 | C21: 43948438 | D21: 0.1822 | F21: Medical Claims Paid | G21: 53225145 | H21: 48776404 | I21: 0.0912 | K21: Medical Claims Paid | L21: 53225145 | M21: 48776404 | N21: 9.12 | O21: =G21-L21 -> -0.1 | P21: =H21-M21 -> 0.079999998 | Q21: =IF(AND(ROUNDDOWN(O21,0)=0,ROUNDDOWN(P21,0)=0),"PASS","FAIL") -> PASS | R21: Manully tested
A22: Pharmacy Claims Paid | B22: 14297442 | C22: 14221984 | D22: 0.0053 | F22: Pharmacy Claims Paid | G22: 14494637 | H22: 14273024 | I22: 0.0155 | K22: Pharmacy Claims Paid | L22: 14494637 | M22: 14273024 | N22: 1.55 | O22: =G22-L22 -> 0.31 | P22: =H22-M22 -> -0.3 | Q22: =IF(AND(ROUNDDOWN(O22,0)=0,ROUNDDOWN(P22,0)=0),"PASS","FAIL") -> PASS | R22: Manully tested
A23: Total Health Plan Claims Paid | B23: 66251413 | C23: 58170422 | D23: 0.1389 | F23: Total Health Plan Claims Paid | G23: 67719782 | H23: 63049428 | I23: 0.0741 | K23: Total Healthplan Claims Paid | L23: 67719782 | M23: 63049428 | N23: 7.41 | O23: =G23-L23 -> 0.20999999 | P23: =H23-M23 -> -0.22 | Q23: =IF(AND(ROUNDDOWN(O23,0)=0,ROUNDDOWN(P23,0)=0),"PASS","FAIL") -> PASS | R23: Manully tested
A24: Subscribers | B24: 8400 | C24: 8303 | D24: 0.0117 | F24: Subscribers | G24: 8483 | H24: 8298 | I24: 0.0223 | K24: Subscribers | L24: 8483 | M24: 8298 | N24: 2.23 | O24: =G24-L24 -> 0 | P24: =H24-M24 -> 0 | Q24: =IF(AND(ROUNDDOWN(O24,0)=0,ROUNDDOWN(P24,0)=0),"PASS","FAIL") -> PASS | R24: Manully tested
A25: Members | B25: 17524 | C25: 17494 | D25: 0.0017 | F25: Members | G25: 17705 | H25: 17492 | I25: 0.0122 | K25: Members | L25: 17705 | M25: 17492 | N25: 0.0122 | O25: =G25-L25 -> 0 | P25: =H25-M25 -> 0 | Q25: =IF(AND(ROUNDDOWN(O25,0)=0,ROUNDDOWN(P25,0)=0),"PASS","FAIL") -> PASS | R25: Manully tested
A26: Member Months | B26: 212440 | C26: 177746 | D26: 0.1952 | F26: Member Months | G26: 213333 | H26: 212713 | I26: 0.0029 | K26: Member Months | L26: 226040 | M26: 212713 | N26: 6.27 | O26: =G26-L26 -> -12707 | P26: =H26-M26 -> 0 | Q26: =IF(AND(ROUNDDOWN(O26,0)=0,ROUNDDOWN(P26,0)=0),"PASS","FAIL") -> FAIL
A27: Average Family Size | B27: 2.09 | C27: 2.11 | D27: -0.0098 | F27: Average Family Size | G27: 2.09 | H27: 2.11 | I27: -0.0099 | K27: Average Contract Size | L27: 2.81 | M27: 0 | N27: 0 | O27: =G27-L27 -> -0.72 | P27: =H27-M27 -> 2.11 | Q27: =IF(AND(ROUNDDOWN(O27,0)=0,ROUNDDOWN(P27,0)=0),"PASS","FAIL") -> FAIL
A28: Inpatient PMPM | B28: 92.12 | C28: 107.98 | D28: -0.1469 | F28: Inpatient PMPM | G28: 94 | H28: 95.92 | I28: -0.0201 | K28: Inpatient PMPM | L28: 88.71 | M28: 95.91 | N28: -7.51 | O28: =G28-L28 -> 5.29 | P28: =H28-M28 -> 0.01 | Q28: =IF(AND(ROUNDDOWN(O28,0)=0,ROUNDDOWN(P28,0)=0),"PASS","FAIL") -> FAIL
A29: Outpatient PMPM | B29: 113.07 | C29: 101.3 | D29: 0.1162 | F29: Outpatient PMPM | G29: 116.13 | H29: 96.33 | I29: 0.2055 | K29: Outpatient PMPM | L29: 109.6 | M29: 96.33 | N29: 13.78 | O29: =G29-L29 -> 6.53 | P29: =H29-M29 -> 0 | Q29: =IF(AND(ROUNDDOWN(O29,0)=0,ROUNDDOWN(P29,0)=0),"PASS","FAIL") -> FAIL
A30: Office Visit PMPM | B30: 39.37 | C30: 37.97 | D30: 0.0369 | F30: Office Visit PMPM | G30: 39.37 | H30: 37.06 | I30: 0.0624 | K30: Office PMPM | L30: 37.15 | M30: 37.05 | N30: 0.27 | O30: =G30-L30 -> 2.22 | P30: =H30-M30 -> 0.01 | Q30: =IF(AND(ROUNDDOWN(O30,0)=0,ROUNDDOWN(P30,0)=0),"PASS","FAIL") -> FAIL
A31: Medical Claims PMPM | B31: 244.56 | C31: 247.25 | D31: -0.0109 | F31: Medical Claims PMPM | G31: 249.49 | H31: 229.31 | I31: 0.088 | K31: Medical PMPM | L31: 235.46 | M31: 229.3 | N31: 2.69 | O31: =G31-L31 -> 14.03 | P31: =H31-M31 -> 0.01 | Q31: =IF(AND(ROUNDDOWN(O31,0)=0,ROUNDDOWN(P31,0)=0),"PASS","FAIL") -> FAIL
A32: Pharmacy Claims PMPM | B32: 67.3 | C32: 80.01 | D32: -0.1589 | F32: Pharmacy Claims PMPM | G32: 67.94 | H32: 67.1 | I32: 0.0126 | K32: Pharmacy Claims PMPM | L32: 64.12 | M32: 67.09 | N32: -4.43 | O32: =G32-L32 -> 3.82 | P32: =H32-M32 -> 0.01 | Q32: =IF(AND(ROUNDDOWN(O32,0)=0,ROUNDDOWN(P32,0)=0),"PASS","FAIL") -> FAIL
A33: Medical and Pharmacy Claims PMPM | B33: 311.86 | C33: 327.27 | D33: -0.0471 | F33: Medical and Pharmacy Claims PMPM | G33: 317.44 | H33: 296.41 | I33: 0.071 | K33: Total Health Plan claims PMPM | L33: 299.59 | M33: 296.4 | N33: 1.08 | O33: =G33-L33 -> 17.85 | P33: =H33-M33 -> 0.01 | Q33: =IF(AND(ROUNDDOWN(O33,0)=0,ROUNDDOWN(P33,0)=0),"PASS","FAIL") -> FAIL
A35: Basis: Paid | F35: Basis: Incurrred
A36: Trending Analysis ( Diff of 10 % is considered for Monthly Clients ) | F36: Trending Analysis ( Diff of 10 % is considered for Monthly Clients )
A37: Healthplan Snapshot | B37: Reporting Period | C37: Comparison Period | D37: Result | F37: Healthplan Snapshot | G37: Reporting Period | H37: Comparison Period | I37: Result | L37: Front End Total Member | M37: Backend Total Members | N37: Result
A38: Medical Claims Paid | B38: =IF(G4=0, 0%,(G4-B4)/G4) -> 0.016279921 | C38: =IF(H4=0, 0%,(H4-C4)/H4) -> 0.19385461 | D38: =IF(AND(B38<=10%,C38<=10%,B38>=-10%,C38>=-10%),"PASS","FAIL") -> FAIL | F38: Medical Claims Paid | G38: =IF(G21=0, 0%,(G21-B21)/G21) -> 0.023882941 | H38: =IF(H21=0, 0%,(H21-C21)/H21) -> 0.09898159 | I38: =IF(AND(G38<=10%,H38<=10%,G38>=-10%,H38>=-10%),"PASS","FAIL") -> PASS | K38: Medical | L38: 984425 | M38: 984425 | N38: =IF(EXACT(L38,M38),"PASS","FAIL") -> PASS
A39: Pharmacy Claims Paid | B39: =IF(G5=0, 0%,(G5-B5)/G5) -> 0.0047093289 | C39: =IF(H5=0, 0%,(H5-C5)/H5) -> 0.0093190252 | D39: =IF(AND(B39<=10%,C39<=10%,B39>=-10%,C39>=-10%),"PASS","FAIL") -> PASS | F39: Pharmacy Claims Paid | G39: =IF(G22=0, 0%,(G22-B22)/G22) -> 0.013604687 | H39: =IF(H22=0, 0%,(H22-C22)/H22) -> 0.0035759766 | I39: =IF(AND(G39<=10%,H39<=10%,G39>=-10%,H39>=-10%),"PASS","FAIL") -> PASS | K39: Pharmacy | L39: 288378 | M39: 288378 | N39: =IF(EXACT(L39,M39),"PASS","FAIL") -> PASS
A40: Total Healthplan Claims Paid | B40: =IF(G6=0, 0%,(G6-B6)/G6) -> 0.014057478 | C40: =IF(H6=0, 0%,(H6-C6)/H6) -> 0.15580741 | D40: =IF(AND(B40<=10%,C40<=10%,B40>=-10%,C40>=-10%),"PASS","FAIL") -> FAIL | F40: Total Healthplan Claims Paid | G40: =IF(G23=0, 0%,(G23-B23)/G23) -> 0.021683014 | H40: =IF(H23=0, 0%,(H23-C23)/H23) -> 0.077383827 | I40: =IF(AND(G40<=10%,H40<=10%,G40>=-10%,H40>=-10%),"PASS","FAIL") -> PASS | K40: Eligibility | L40: 164648 | M40: 164648 | N40: =IF(EXACT(L40,M40),"PASS","FAIL") -> PASS
A41: Subscribers | B41: =IF(G7=0, 0%,(G7-B7)/G7) -> 0.0097842744 | C41: =IF(H7=0, 0%,(H7-C7)/H7) -> -0.00060255483 | D41: =IF(AND(B41<=10%,C41<=10%,B41>=-10%,C41>=-10%),"PASS","FAIL") -> PASS | F41: Subscribers | G41: =IF(G24=0, 0%,(G24-B24)/G24) -> 0.0097842744 | H41: =IF(H24=0, 0%,(H24-C24)/H24) -> -0.00060255483 | I41: =IF(AND(G41<=10%,H41<=10%,G41>=-10%,H41>=-10%),"PASS","FAIL") -> PASS | K41: Active | L41: 17705 | M41: 17705 | N41: =IF(EXACT(L41,M41),"PASS","FAIL") -> PASS
A42: Members | B42: =IF(G8=0, 0%,(G8-B8)/G8) -> 0.010223101 | C42: =IF(H8=0, 0%,(H8-C8)/H8) -> -0.00011433798 | D42: =IF(AND(B42<=10%,C42<=10%,B42>=-10%,C42>=-10%),"PASS","FAIL") -> PASS | F42: Members | G42: =IF(G25=0, 0%,(G25-B25)/G25) -> 0.010223101 | H42: =IF(H25=0, 0%,(H25-C25)/H25) -> -0.00011433798 | I42: =IF(AND(G42<=10%,H42<=10%,G42>=-10%,H42>=-10%),"PASS","FAIL") -> PASS
A43: Member Months | B43: =IF(G9=0, 0%,(G9-B9)/G9) -> 0.004185944 | C43: =IF(H9=0, 0%,(H9-C9)/H9) -> 0.16438582 | D43: =IF(AND(B43<=10%,C43<=10%,B43>=-10%,C43>=-10%),"PASS","FAIL") -> FAIL | F43: Member Months | G43: =IF(G26=0, 0%,(G26-B26)/G26) -> 0.004185944 | H43: =IF(H26=0, 0%,(H26-C26)/H26) -> 0.16438582 | I43: =IF(AND(G43<=10%,H43<=10%,G43>=-10%,H43>=-10%),"PASS","FAIL") -> FAIL
A44: Average Family Size | B44: =IF(G10=0, 0%,(G10-B10)/G10) -> 0 | C44: =IF(H10=0, 0%,(H10-C10)/H10) -> 0 | D44: =IF(AND(B44<=10%,C44<=10%,B44>=-10%,C44>=-10%),"PASS","FAIL") -> PASS | F44: Average Family Size | G44: =IF(G27=0, 0%,(G27-B27)/G27) -> 0 | H44: =IF(H27=0, 0%,(H27-C27)/H27) -> 0 | I44: =IF(AND(G44<=10%,H44<=10%,G44>=-10%,H44>=-10%),"PASS","FAIL") -> PASS
A45: Inpatient PMPM | B45: =IF(G11=0, 0%,(G11-B11)/G11) -> -0.03293028 | C45: =IF(H11=0, 0%,(H11-C11)/H11) -> 0.025813791 | D45: =IF(AND(B45<=10%,C45<=10%,B45>=-10%,C45>=-10%),"PASS","FAIL") -> PASS | F45: Inpatient PMPM | G45: =IF(G28=0, 0%,(G28-B28)/G28) -> 0.02 | H45: =IF(H28=0, 0%,(H28-C28)/H28) -> -0.12572977 | I45: =IF(AND(G45<=10%,H45<=10%,G45>=-10%,H45>=-10%),"PASS","FAIL") -> FAIL | K45: Total LOA Count
A46: Outpatient PMPM | B46: =IF(G12=0, 0%,(G12-B12)/G12) -> 0.051839591 | C46: =IF(H12=0, 0%,(H12-C12)/H12) -> 0.034690102 | D46: =IF(AND(B46<=10%,C46<=10%,B46>=-10%,C46>=-10%),"PASS","FAIL") -> PASS | F46: Outpatient PMPM | G46: =IF(G29=0, 0%,(G29-B29)/G29) -> 0.02634978 | H46: =IF(H29=0, 0%,(H29-C29)/H29) -> -0.051593481 | I46: =IF(AND(G46<=10%,H46<=10%,G46>=-10%,H46>=-10%),"PASS","FAIL") -> PASS | K46: Parameters | L46: Value | M46: Front End LOA | N46: Back End LOA | O46: Result
A47: Office Visit PMPM | B47: =IF(G13=0, 0%,(G13-B13)/G13) -> 0.011847801 | C47: =IF(H13=0, 0%,(H13-C13)/H13) -> 0.06280077 | D47: =IF(AND(B47<=10%,C47<=10%,B47>=-10%,C47>=-10%),"PASS","FAIL") -> PASS | F47: Office Visit PMPM | G47: =IF(G30=0, 0%,(G30-B30)/G30) -> 0 | H47: =IF(H30=0, 0%,(H30-C30)/H30) -> -0.024554776 | I47: =IF(AND(G47<=10%,H47<=10%,G47>=-10%,H47>=-10%),"PASS","FAIL") -> PASS | K47: Level 1 | L47: Group | M47: 3 | N47: 3 | O47: =IF(EXACT(M47,N47),"PASS","FAIL") -> PASS
A48: Medical Claims PMPM | B48: =IF(G14=0, 0%,(G14-B14)/G14) -> 0.012133606 | C48: =IF(H14=0, 0%,(H14-C14)/H14) -> 0.035273168 | D48: =IF(AND(B48<=10%,C48<=10%,B48>=-10%,C48>=-10%),"PASS","FAIL") -> PASS | F48: Medical Claims PMPM | G48: =IF(G31=0, 0%,(G31-B31)/G31) -> 0.019760311 | H48: =IF(H31=0, 0%,(H31-C31)/H31) -> -0.078234704 | I48: =IF(AND(G48<=10%,H48<=10%,G48>=-10%,H48>=-10%),"PASS","FAIL") -> PASS | K48: Level 2 | L48: Carrier | M48: 3 | N48: 3 | O48: =IF(EXACT(M48,N48),"PASS","FAIL") -> PASS
A49: Pharmacy Claims PMPM | B49: =IF(G15=0, 0%,(G15-B15)/G15) -> 0.00043010753 | C49: =IF(H15=0, 0%,(H15-C15)/H15) -> -0.18555799 | D49: =IF(AND(B49<=10%,C49<=10%,B49>=-10%,C49>=-10%),"PASS","FAIL") -> FAIL | F49: Pharmacy Claims PMPM | G49: =IF(G32=0, 0%,(G32-B32)/G32) -> 0.0094200765 | H49: =IF(H32=0, 0%,(H32-C32)/H32) -> -0.1923994 | I49: =IF(AND(G49<=10%,H49<=10%,G49>=-10%,H49>=-10%),"PASS","FAIL") -> FAIL | K49: Level 3 | L49: Plan | M49: 3 | N49: 3 | O49: =IF(EXACT(M49,N49),"PASS","FAIL") -> PASS
A50: Total Healthplan Claims PMPM | B50: =IF(G16=0, 0%,(G16-B16)/G16) -> 0.009912986 | C50: =IF(H16=0, 0%,(H16-C16)/H16) -> -0.010255948 | D50: =IF(AND(B50<=10%,C50<=10%,B50>=-10%,C50>=-10%),"PASS","FAIL") -> PASS | F50: Total Healthplan Claims PMPM | G50: =IF(G33=0, 0%,(G33-B33)/G33) -> 0.017578125 | H50: =IF(H33=0, 0%,(H33-C33)/H33) -> -0.10411255 | I50: =IF(AND(G50<=10%,H50<=10%,G50>=-10%,H50>=-10%),"PASS","FAIL") -> FAIL | K50: Level 4 | L50: Unit | M50: 3 | N50: 3 | O50: =IF(EXACT(M50,N50),"PASS","FAIL") -> PASS
K51: Level 5 | L51: Location | M51: 52 | N51: 52 | O51: =IF(EXACT(M51,N51),"PASS","FAIL") -> PASS
K52: Level 6 | L52: Division | M52: 104 | N52: 104 | O52: =IF(EXACT(M52,N52),"PASS","FAIL") -> PASS
K53: Level 7 | L53: Employee Type | M53: 3 | N53: 3 | O53: =IF(EXACT(M53,N53),"PASS","FAIL") -> PASS

Sheet Group Summary
A1: Testing Environment | B1: Section | C1: Sub-Section | D1: Test Summary | E1: Makalu Test Procedure | F1: Backend Test Procedure | G1: Test Data | H1: Test Result | I1: Related Defects | J1: Remarks
H2: DATE
A3: MSSQL 2008 R2 | B3: Dashboard | C3: Group | D3: Verify Group Name | E3: 1) Login to Makalu 2) Check groupwise data from dashboard. | F3: 1) Run the query from following svn path | G3: Dash_board_data | H3: Pass
C4: # of Subscribers | D4: Verify Subscribers count. | F4: http://www.deerwalk.com/repos/dwproject/makalu/docs/quality_control/test_cases/data_qc/1MASTER/Automated_Scripts/Care_Analytics/All_IN_ONE_INCURRED_1_8_0.sql | H4: Pass
C5: # of Members | D5: Verify Member count. | F5: 2) Tally Makalu data with executed SQL result. | H5: Pass
C6: Med Paid | D6: Verify Med Paid amount | H6: Pass
C7: Rx Paid | D7: Verify Rx Paid amount | H7: Pass
C8: Total Paid | H8: Pass
C9: Med PEPM | D9: Verify Med PEPM | H9: Pass
C10: Rx PEPM | D10: Verify Rx PEPM | H10: Pass
C11: Total PEPM | D11: Verify Total PEPM | H11: Pass
C12: Group Risk Score | D12: Verify Group Risk Score | H12: Pass

Sheet Group Summary Data
A1: Basis: Incurred
A2: Makalu Result (Current Processing) | L2: Scrub Result
A3: Group | B3: # of Subscribers | C3: # of Members | D3: Med Paid | E3: Rx Paid | F3: Total Paid | G3: Med PEPM | H3: Rx PEPM | I3: Total PEPM | J3: Group Risk Score | L3: SN | M3: Group | N3: # of Subscribers | O3: # of Members | P3: Med Paid | Q3: Rx Paid | R3: Total Paid | S3: Med PEPM | T3: Rx PEPM | U3: Total PEPM
A4: School District of Manatee County | B4: 5221 | C4: 10238 | D4: 26186950 | E4: 13260811 | F4: 39447762 | G4: 458.11 | H4: 231.98 | I4: 690.09 | J4: 1.02 | L4: 1 | M4: School District of Manatee County | N4: 5221 | O4: 10238 | P4: 26186950 | Q4: 13260811 | R4: =SUM(N4:Q4) -> 39463221 | S4: 458.11 | T4: 231.98 | U4: 690.09
A5: Alachua County BOCC | B5: 2410 | C5: 4744 | D5: 16018971 | E5: 4101898.7 | F5: 20120870 | G5: 582.21 | H5: 149.08 | I5: 731.3 | J5: 0.95 | L5: 2 | M5: Alachua County BOCC | N5: 2410 | O5: 4744 | P5: 16018971 | Q5: 4101898.7 | R5: 20120870 | S5: 582.21 | T5: 149.08 | U5: 731.3
A6: Page Total | B6: 7631 | C6: 14982 | D6: 42205922 | E6: 17362710 | F6: 59568632 | G6: 498.43 | H6: 205.05 | I6: 703.48 | N6: =SUM(N4:N5) -> 7631 | O6: =SUM(O4:O5) -> 14982 | P6: =SUM(P4:P5) -> 42205922 | Q6: =SUM(Q4:Q5) -> 17362710 | R6: =SUM(R4:R5) -> 59584091 | S6: =SUM(S4:S5) -> 1040.32 | T6: =SUM(T4:T5) -> 381.06
A7: Total | B7: 7631 | C7: 14982 | D7: 42205922 | E7: 17362710 | F7: 59568632 | G7: 498.43 | H7: 205.05 | I7: 703.48 | N7: =SUM(N4:N6) -> 15262 | O7: =SUM(O4:O6) -> 29964 | P7: =SUM(N7:O7) -> 45226 | Q7: =SUM(Q4:Q6) -> 34725420 | R7: =SUM(R6) -> 59584091 | S7: =SUM(S6) -> 1040.32 | T7: =SUM(T5:T6) -> 530.14
A9: Result
A10: SN | B10: Group | C10: # of Subscribers | D10: # of Members | E10: Med Paid | F10: Rx Paid | G10: Total Paid | H10: Med PEPM | I10: Rx PEPM | J10: Total PEPM | K10: Result
A11: 1 | B11: =IF(EXACT(A4,M4),""&A4,"Different Name: "&A4) -> School District of Manatee County | C11: =B4-N4 -> 0 | D11: =C4-O4 -> 0 | E11: =D4-P4 -> 0 | F11: =E4-Q4 -> 0 | G11: =F4-R4 -> -15459 | H11: =G4-S4 -> 0 | I11: =H4-T4 -> 0 | J11: =I4-U4 -> 0 | K11: =IF(AND(EXACT(C11,0),EXACT(D11,0),ROUNDDOWN(E11,0)=0,ROUNDDOWN(F11,0)=0,ROUNDDOWN(G11,0)=0,ROUNDDOWN(H11,0)=0,ROUNDDOWN(I11,0)=0,ROUNDDOWN(J11,0)=0),"TRUE","FALSE") -> FALSE
A12: 2 | B12: =IF(EXACT(A6,M6),""&A6,"Different Name: "&A6) -> Different Name: Page Total | C12: =B6-N6 -> 0 | D12: =C6-O6 -> 0 | E12: =D6-P6 -> 0.0099999979 | F12: =E6-Q6 -> 0 | G12: =F6-R6 -> -15458.99 | H12: =G6-S6 -> -541.89 | I12: =H6-T6 -> -176.01 | J12: =I6-U6 -> 703.48 | K12: =IF(AND(EXACT(C12,0),EXACT(D12,0),ROUNDDOWN(E12,0)=0,ROUNDDOWN(F12,0)=0,ROUNDDOWN(G12,0)=0,ROUNDDOWN(H12,0)=0,ROUNDDOWN(I12,0)=0,ROUNDDOWN(J12,0)=0),"TRUE","FALSE") -> FALSE

Sheet HealthCareTrend
A1: Testing Environment | B1: Section | C1: Sub-Section | E1: Test Summary | F1: Makalu Test Procedure | G1: Backend Test Procedure | H1: Test Data | I1: Test Result | J1: Related Defects | K1: Remarks
I2: 41215
A3: MSSQL 2008 R2 | B3: Trending report | C3: Perodic | D3: 1) Count 2) Amount | E3: 1) Verify # Employees Verify # Members Verify # Avg Age Verify Avg Family Size Verify Gender Mix (% of Verify Female) Verify # Claimants Verify # Claim Lines Verify Total Dollars (in thousand) Verify Avg. claims/member Verify Avg Lines/Members Verify % of claimants to members Verify Avg. turnaround incurred to paid Verify Claims/1000 cov. lives Verify E & M visits/1000 covered lives Verify Procedure/1000 covered lives Verify Avg Claim Cost Verify Avg Cost/claimants Verify Avg Lines/Claimants Verify % Paid In-Network (Facility) Verify % In Paid In-Network (Professional) Verify % In Paid In-Network (Total) | F3: 1) Login to Makalu 2) Click "Care Analytics" 3) Select Default values(Basis and Period) 3) Click "Select" 4) Click "Trending Analysis" 5) The Makalu trending result for monthly and perodic can be seen in report. | G3: 1) Run the query from svn path | H3: Periodic Analysis'!A1 | I3: Pass
I4: Pass
G5: 2) The Backend result for both periodic and monthwise and can be seen in "trending data " tab. | I5: Pass
C6: Monthwise | I6: Pass

Sheet Periodic Analysis
A1: Medical_Periodic_Analysis
A3: Makalu Result (Last Processing) | E3: Makalu Result (Current Processing) | I3: Scrub Result
B4: Reporting Period | C4: Comparison Period | F4: Reporting Period | G4: Comparison Period | J4: Reporting Period | K4: Comparison Period | L4: Reporting Check | M4: Comparison Check | N4: Result
A5: # Employees | B5: 7468 | C5: 6766 | E5: # Employees | I5: # Employees | J5: 7631 | K5: 6773 | L5: =SUM(J5-F5) -> 7631 | M5: =SUM(K5-G5) -> 6773 | N5: =IF(AND(ROUNDDOWN(L5,0)=0,ROUNDDOWN(M5,0)=0),"PASS","FAIL") -> FAIL
A6: # Members | B6: 14638 | C6: 13256 | E6: # Members | I6: # Members | J6: 14982 | K6: 13257 | L6: =SUM(J6-F6) -> 14982 | M6: =SUM(K6-G6) -> 13257 | N6: =IF(AND(ROUNDDOWN(L6,0)=0,ROUNDDOWN(M6,0)=0),"PASS","FAIL") -> FAIL
A7: Avg Age | B7: 38.25 | C7: 39.12 | E7: Avg Age | I7: # Avg Age | J7: 38.3017 | K7: 37.3017 | L7: =SUM(J7-F7) -> 38.3017 | M7: =SUM(K7-G7) -> 37.3017 | N7: =IF(AND(ROUNDDOWN(L7,0)=0,ROUNDDOWN(M7,0)=0),"PASS","FAIL") -> FAIL
A8: Avg Family Size | B8: 1.96 | C8: 1.96 | E8: Avg Family Size | I8: Avg Family Size | J8: 2 | K8: 1.96 | L8: =SUM(J8-F8) -> 2 | M8: =SUM(K8-G8) -> 1.96 | N8: =IF(AND(ROUNDDOWN(L8,0)=0,ROUNDDOWN(M8,0)=0),"PASS","FAIL") -> FAIL
A9: Gender Mix (% of Female) | B9: 0.56 | C9: 0.5591 | E9: Gender Mix (% of Female) | I9: Gender Mix (% of Female) | J9: 55.9471 | K9: 55.9101 | L9: =SUM(J9-F9) -> 55.9471 | M9: =SUM(K9-G9) -> 55.9101 | N9: =IF(AND(ROUNDDOWN(L9,0)=0,ROUNDDOWN(M9,0)=0),"PASS","FAIL") -> FAIL
A10: # Claimants | B10: 12736 | C10: 12998 | E10: # Claimants | I10: # Claimants | J10: 13056 | K10: 13010 | L10: =SUM(J10-F10) -> 13056 | M10: =SUM(K10-G10) -> 13010 | N10: =IF(AND(ROUNDDOWN(L10,0)=0,ROUNDDOWN(M10,0)=0),"PASS","FAIL") -> FAIL
A11: # Claims | B11: 169139 | C11: 184769 | E11: # Claims | I11: # Claims | J11: 183848 | K11: 186135 | L11: =SUM(J11-F11) -> 183848 | M11: =SUM(K11-G11) -> 186135 | N11: =IF(AND(ROUNDDOWN(L11,0)=0,ROUNDDOWN(M11,0)=0),"PASS","FAIL") -> FAIL
A12: Total Dollars (in thousands) | B12: 41059.94 | C12: 40283.53 | E12: Total Dollars (in thousands) | I12: Total Dollars (in thousand) | J12: 44785.452 | K12: 40270.474 | L12: =SUM(J12-F12) -> 44785.452 | M12: =SUM(K12-G12) -> 40270.474 | N12: =IF(AND(ROUNDDOWN(L12,0)=0,ROUNDDOWN(M12,0)=0),"PASS","FAIL") -> FAIL
A13: Avg. claims/member | B13: 11.55 | C13: 13.94 | E13: Avg. claims/member | I13: Avg. claims/member | J13: 12.2713 | K13: 14.0405 | L13: =SUM(J13-F13) -> 12.2713 | M13: =SUM(K13-G13) -> 14.0405 | N13: =IF(AND(ROUNDDOWN(L13,0)=0,ROUNDDOWN(M13,0)=0),"PASS","FAIL") -> FAIL
A14: Avg. lines/member | B14: 29.24 | C14: 34.08 | E14: Avg. lines/member | I14: Avg Lines/Members | J14: 10.2287 | K14: 9.6977 | L14: =SUM(J14-F14) -> 10.2287 | M14: =SUM(K14-G14) -> 9.6977 | N14: =IF(AND(ROUNDDOWN(L14,0)=0,ROUNDDOWN(M14,0)=0),"PASS","FAIL") -> FAIL
A15: % of claimants to members | B15: 0.8701 | C15: 0.9805 | E15: % of claimants to members | I15: % of claimants to members | J15: 0.871446 | K15: 0.981368 | L15: =SUM(J15-F15) -> 0.871446 | M15: =SUM(K15-G15) -> 0.981368 | N15: =IF(AND(ROUNDDOWN(L15,0)=0,ROUNDDOWN(M15,0)=0),"PASS","FAIL") -> PASS
A16: Avg. turnaround incurred to paid | B16: 35.09 | C16: 35.83 | E16: Avg. turnaround incurred to paid | I16: Avg. turnaround incurred to paid | J16: 31.5 | K16: 32.21 | L16: =SUM(J16-F16) -> 31.5 | M16: =SUM(K16-G16) -> 32.21 | N16: =IF(AND(ROUNDDOWN(L16,0)=0,ROUNDDOWN(M16,0)=0),"PASS","FAIL") -> FAIL
A17: Claims/1000 covered lives | B17: 12257.71 | C17: 13774.85 | E17: Claims/1000 covered lives | I17: Claims/1000 cov. lives | J17: 12271.3 | K17: 14040.5 | L17: =SUM(J17-F17) -> 12271.3 | M17: =SUM(K17-G17) -> 14040.5 | N17: =IF(AND(ROUNDDOWN(L17,0)=0,ROUNDDOWN(M17,0)=0),"PASS","FAIL") -> FAIL
A18: Procedure/1000 covered lives | B18: 27522.83 | C18: 29742.57 | E18: Procedure/1000 covered lives | I18: Procedure/1000 covered lives | J18: NULL | K18: NULL | L18: =SUM(J18-F18) -> #VALUE! | M18: =SUM(K18-G18) -> #VALUE! | N18: =IF(AND(ROUNDDOWN(L18,0)=0,ROUNDDOWN(M18,0)=0),"PASS","FAIL") -> #VALUE!
A19: Inpatient Days/1,000 | B19: 404.17 | C19: 397.06 | E19: Inpatient Days/1,000 | I19: Avg Claim Cost | J19: 243.6 | K19: 216.351
A20: ER visits/1000 covered lives | B20: 184.87 | C20: 186.23 | E20: ER visits/1000 covered lives | I20: Avg Cost/claimants | J20: 3430.26 | K20: 3095.35 | L20: =SUM(J20-F20) -> 3430.26 | M20: =SUM(K20-G20) -> 3095.35 | N20: =IF(AND(ROUNDDOWN(L20,0)=0,ROUNDDOWN(M20,0)=0),"PASS","FAIL") -> FAIL
A21: Avg Claim Cost | B21: 242.76 | C21: 218.02 | E21: Avg Claim Cost | I21: Avg Lines/Claimants | J21: NULL | K21: NULL | L21: =SUM(J21-F21) -> #VALUE! | M21: =SUM(K21-G21) -> #VALUE! | N21: =IF(AND(ROUNDDOWN(L21,0)=0,ROUNDDOWN(M21,0)=0),"PASS","FAIL") -> #VALUE!
A22: Avg Cost/claimants | B22: 3223.93 | C22: 3099.21 | E22: Avg Cost/claimants | I22: % Paid In-Network (Facility) | J22: 99.7239 | K22: 100.528 | L22: =SUM(J22-F22) -> 99.7239 | M22: =SUM(K22-G22) -> 100.528 | N22: =IF(AND(ROUNDDOWN(L22,0)=0,ROUNDDOWN(M22,0)=0),"PASS","FAIL") -> FAIL
A23: Avg Lines/claimants | B23: 33.6 | C23: 34.76 | E23: Avg Lines/claimants | I23: % In Paid In-Network (Professional) | J23: 93.4445 | K23: 95.0595 | L23: =SUM(J23-F23) -> 93.4445 | M23: =SUM(K23-G23) -> 95.0595 | N23: =IF(AND(ROUNDDOWN(L23,0)=0,ROUNDDOWN(M23,0)=0),"PASS","FAIL") -> FAIL
A24: % In Paid In-Network (Facility) | B24: 0.9973 | C24: 1.0053 | E24: % In Paid In-Network (Facility) | I24: % In Paid In-Network (Total) | J24: 96.8629 | K24: 97.9248 | L24: =SUM(J24-F24) -> 96.8629 | M24: =SUM(K24-G24)*100 -> 9792.48 | N24: =IF(AND(ROUNDDOWN(L24,0)=0,ROUNDDOWN(M24,0)=0),"PASS","FAIL") -> FAIL
A25: % In Paid In-Network (Professional) | B25: 0.9356 | C25: 0.9506 | E25: % In Paid In-Network (Professional) | L25: =SUM(J25-F25) -> 0 | M25: =SUM(K25-G25)*100 -> 0 | N25: =IF(AND(ROUNDDOWN(L25,0)=0,ROUNDDOWN(M25,0)=0),"PASS","FAIL") -> PASS
A26: % In Paid In-Network (Total) | B26: 0.9692 | C26: 0.9792 | E26: % In Paid In-Network (Total) | L26: =SUM(J26-F26) -> 0 | M26: =SUM(K26-G26)*100 -> 0 | N26: =IF(AND(ROUNDDOWN(L26,0)=0,ROUNDDOWN(M26,0)=0),"PASS","FAIL") -> PASS
A28: Pharmacy_Periodic_Analysis
A30: Makalu Result (Last Processing) | E30: Makalu Result (Current Processing) | I30: Scrub Result
B31: Reporting Period | C31: Comparison Period | F31: Reporting Period | G31: Comparison Period | J31: Reporting Period | K31: Comparison Period | L31: Reporting Check | M31: Comparison Check | N31: Result
A32: # Employees | B32: 7468 | C32: 6766 | I32: # Employees | J32: 7631 | K32: 6773 | L32: =SUM(J32-F32) -> 7631 | M32: =SUM(K32-G32) -> 6773 | N32: =IF(AND(ROUNDDOWN(L32,0)=0,ROUNDDOWN(M32,0)=0),"PASS","FAIL") -> FAIL
A33: # Members | B33: 14638 | C33: 13256 | I33: # Members | J33: 14982 | K33: 13257 | L33: =SUM(J33-F33) -> 14982 | M33: =SUM(K33-G33) -> 13257 | N33: =IF(AND(ROUNDDOWN(L33,0)=0,ROUNDDOWN(M33,0)=0),"PASS","FAIL") -> FAIL
A34: # Avg Age | B34: 38.25 | C34: 39.12 | I34: # Avg Age | J34: 38.3017 | K34: 37.3017 | L34: =SUM(J34-F34) -> 38.3017 | M34: =SUM(K34-G34) -> 37.3017 | N34: =IF(AND(ROUNDDOWN(L34,0)=0,ROUNDDOWN(M34,0)=0),"PASS","FAIL") -> FAIL
A35: Avg Family Size | B35: 1.96 | C35: 1.96 | I35: Avg Family Size | J35: 2 | K35: 1.96 | L35: =SUM(J35-F35) -> 2 | M35: =SUM(K35-G35) -> 1.96 | N35: =IF(AND(ROUNDDOWN(L35,0)=0,ROUNDDOWN(M35,0)=0),"PASS","FAIL") -> FAIL
A36: Gender Mix (% of Female) | B36: 0.56 | C36: 0.5591 | I36: Gender Mix (% of Female) | J36: 0.559471 | K36: 0.559101 | L36: =SUM(J36-F36) -> 0.559471 | M36: =SUM(K36-G36) -> 0.559101 | N36: =IF(AND(ROUNDDOWN(L36,0)=0,ROUNDDOWN(M36,0)=0),"PASS","FAIL") -> PASS
A37: # Claimants | B37: 10988 | C37: 10951 | I37: # Claimants | J37: 11263 | K37: 10950 | L37: =SUM(J37-F37) -> 11263 | M37: =SUM(K37-G37) -> 10950 | N37: =IF(AND(ROUNDDOWN(L37,0)=0,ROUNDDOWN(M37,0)=0),"PASS","FAIL") -> FAIL
A38: # Scripts | B38: 146550 | C38: 153156 | I38: # Scripts | J38: 159443 | K38: 153120 | L38: =SUM(J38-F38) -> 159443 | M38: =SUM(K38-G38) -> 153120 | N38: =IF(AND(ROUNDDOWN(L38,0)=0,ROUNDDOWN(M38,0)=0),"PASS","FAIL") -> FAIL
A39: Total Dollars (in thousand) | B39: 16017.78 | C39: 15130.98 | I39: Total Dollars (in thousand) | J39: 17417.32 | K39: 15125.67 | L39: =SUM(J39-F39) -> 17417.32 | M39: =SUM(K39-G39) -> 15125.67 | N39: =IF(AND(ROUNDDOWN(L39,0)=0,ROUNDDOWN(M39,0)=0),"PASS","FAIL") -> FAIL
A40: % of claimants to members | B40: 0.7506 | C40: 0.8261 | I40: % of claimants to members | J40: 0.751769 | K40: 0.825979 | L40: =SUM(J40-F40) -> 0.751769 | M40: =SUM(K40-G40) -> 0.825979 | N40: =IF(AND(ROUNDDOWN(L40,0)=0,ROUNDDOWN(M40,0)=0),"PASS","FAIL") -> PASS
A41: Avg. script cost | B41: 109.3 | C41: 98.79 | I41: Avg. script cost | J41: 109.239 | K41: 98.7831 | L41: =SUM(J41-F41) -> 109.239 | M41: =SUM(K41-G41) -> 98.7831 | N41: =IF(AND(ROUNDDOWN(L41,0)=0,ROUNDDOWN(M41,0)=0),"PASS","FAIL") -> FAIL
A42: Avg. scripts/claimant | B42: 13.34 | C42: 13.99 | I42: Avg. scripts/claimant | J42: 14.1564 | K42: 13.9836 | L42: =SUM(J42-F42) -> 14.1564 | M42: =SUM(K42-G42) -> 13.9836 | N42: =IF(AND(ROUNDDOWN(L42,0)=0,ROUNDDOWN(M42,0)=0),"PASS","FAIL") -> FAIL
A43: Avg. scripts/member | B43: 10.01 | C43: 11.55 | I43: Avg. scripts/member | J43: 10.6423 | K43: 11.5501 | L43: =SUM(J43-F43) -> 10.6423 | M43: =SUM(K43-G43) -> 11.5501 | N43: =IF(AND(ROUNDDOWN(L43,0)=0,ROUNDDOWN(M43,0)=0),"PASS","FAIL") -> FAIL
A44: Employer Cost (in thousands) | B44: Employer vs. Copay | I44: Employer Cost (in thousands) | J44: 17417.3 | K44: 15125.7
A45: Total Copay (in thousands) | B45: 16017.78 | C45: 15130.98 | I45: Total Copay (in thousands) | J45: 1068.6472 | K45: 1044.6838 | L45: =SUM(J45-F45) -> 1068.6472 | M45: =SUM(K45-G45) -> 1044.6838 | N45: =IF(AND(ROUNDDOWN(L45,0)=0,ROUNDDOWN(M45,0)=0),"PASS","FAIL") -> FAIL
A46: Total Coinsurance | B46: 977.07 | C46: 1044.84 | I46: Total Coinsurance | J46: 0 | K46: 0 | L46: =SUM(J46-F46) -> 0 | M46: =SUM(K46-G46) -> 0 | N46: =IF(AND(ROUNDDOWN(L46,0)=0,ROUNDDOWN(M46,0)=0),"PASS","FAIL") -> PASS
A47: Total Deductible | B47: 0 | C47: 0 | I47: Total Deductible | J47: 0 | K47: 0 | L47: =SUM(J47-F47) -> 0 | M47: =SUM(K47-G47) -> 0 | N47: =IF(AND(ROUNDDOWN(L47,0)=0,ROUNDDOWN(M47,0)=0),"PASS","FAIL") -> PASS
A48: Total Cost (thousands) | B48: 0 | C48: 0 | I48: Total Cost (thousands) | J48: 18485.9 | K48: 16170.4 | L48: =SUM(J48-F48) -> 18485.9 | M48: =SUM(K48-G48) -> 16170.4 | N48: =IF(AND(ROUNDDOWN(L48,0)=0,ROUNDDOWN(M48,0)=0),"PASS","FAIL") -> FAIL
A49: Employee % | B49: 16994.85 | C49: 16175.83 | I49: Employee % | J49: 0.0578 | K49: 0.0646 | L49: =SUM(J49-F49) -> 0.0578 | M49: =SUM(K49-G49) -> 0.0646 | N49: =IF(AND(ROUNDDOWN(L49,0)=0,ROUNDDOWN(M49,0)=0),"PASS","FAIL") -> PASS
A50: Employer % | B50: 0.0575 | C50: 0.0646 | I50: Employer % | J50: 0.9422 | K50: 0.9354 | L50: =SUM(J50-F50) -> 0.9422 | M50: =SUM(K50-G50) -> 0.9354 | N50: =IF(AND(ROUNDDOWN(L50,0)=0,ROUNDDOWN(M50,0)=0),"PASS","FAIL") -> PASS
A51: $0.00-$5.00 | B51: 0.9425 | C51: 0.9354 | I51: $0.00-$5.00 | J51: 0.758177 | K51: 0.771735 | L51: =SUM(J51-F51) -> 0.758177 | M51: =SUM(K51-G51) -> 0.771735 | N51: =IF(AND(ROUNDDOWN(L51,0)=0,ROUNDDOWN(M51,0)=0),"PASS","FAIL") -> PASS
A52: $5.00-$10.00 | B52: Copay Breakdown of Scripts | I52: $5.00-$10.00 | J52: 0.13214 | K52: 0.115664
A53: $10.00-$15.00 | B53: 0.7594 | C53: 0.7718 | I53: $10.00-$15.00 | J53: 0.00711009 | K53: 0.00413133 | L53: =SUM(J53-F53) -> 0.00711009 | M53: =SUM(K53-G53)*100 -> 0.413133 | N53: =IF(AND(ROUNDDOWN(L53,0)=0,ROUNDDOWN(M53,0)=0),"PASS","FAIL") -> PASS
A54: $15.01-$20.00 | B54: 0.1287 | C54: 0.1137 | I54: $15.01-$20.00 | J54: 0.00399903 | K54: 0.00223171 | L54: =SUM(J54-F54) -> 0.00399903 | M54: =SUM(K54-G54)*100 -> 0.223171 | N54: =IF(AND(ROUNDDOWN(L54,0)=0,ROUNDDOWN(M54,0)=0),"PASS","FAIL") -> PASS
A55: $20.00-$25.00 | B55: 0.0069 | C55: 0.0041 | I55: $20.00-$25.00 | J55: 0.0466149 | K55: 0.0494364 | L55: =SUM(J55-F55) -> 0.0466149 | M55: =SUM(K55-G55)*100 -> 4.94364 | N55: =IF(AND(ROUNDDOWN(L55,0)=0,ROUNDDOWN(M55,0)=0),"PASS","FAIL") -> FAIL
A56: $25.00-$30.00 | B56: 0.004 | C56: 0.0022 | I56: $25.00-$30.00 | J56: 0.00367323 | K56: 0.000943164 | L56: =SUM(J56-F56) -> 0.00367323 | M56: =SUM(K56-G56)*100 -> 0.0943164 | N56: =IF(AND(ROUNDDOWN(L56,0)=0,ROUNDDOWN(M56,0)=0),"PASS","FAIL") -> PASS
A57: $30.01+ | B57: 0.0455 | C57: 0.0486 | I57: $30.01+ | J57: 0.0527731 | K57: 0.0597448 | L57: =SUM(J57-F57) -> 0.0527731 | M57: =SUM(K57-G57)*100 -> 5.97448 | N57: =IF(AND(ROUNDDOWN(L57,0)=0,ROUNDDOWN(M57,0)=0),"PASS","FAIL") -> FAIL
A58: Generic % of Dollors | B58: 0.0036 | C58: 0.0009 | I58: Generic % of Dollors | J58: 0.214561 | K58: 0.253932 | L58: =SUM(J58-F58) -> 0.214561 | M58: =SUM(K58-G58)*100 -> 25.3932 | N58: =IF(AND(ROUNDDOWN(L58,0)=0,ROUNDDOWN(M58,0)=0),"PASS","FAIL") -> FAIL
A59: brand % of dollor | B59: 0.0519 | C59: 0.0587 | I59: brand % of dollor | J59: 0.280303 | K59: 0.291684 | L59: =SUM(J59-F59) -> 0.280303 | M59: =SUM(K59-G59)*100 -> 29.1684 | N59: =IF(AND(ROUNDDOWN(L59,0)=0,ROUNDDOWN(M59,0)=0),"PASS","FAIL") -> FAIL
A60: Generic % of Scripts | B60: 0.2154 | C60: 0.2568 | I60: Generic % of Scripts | J60: 0.804821 | K60: 0.785762 | L60: =SUM(J60-F60) -> 0.804821 | M60: =SUM(K60-G60)*100 -> 78.5762 | N60: =IF(AND(ROUNDDOWN(L60,0)=0,ROUNDDOWN(M60,0)=0),"PASS","FAIL") -> FAIL
A61: Brand % of Scripts | B61: 0.7846 | C61: 0.7432 | I61: Brand % of Scripts | J61: 0.200597 | K61: 0.219897 | L61: =SUM(J61-F61) -> 0.200597 | M61: =SUM(K61-G61)*100 -> 21.9897 | N61: =IF(AND(ROUNDDOWN(L61,0)=0,ROUNDDOWN(M61,0)=0),"PASS","FAIL") -> FAIL
A62: % Ingrediant cost | B62: 0.7132 | C62: 0.7036 | I62: % Ingrediant cost | J62: 0.994741 | K62: 0.994547 | L62: =SUM(J62-F62) -> 0.994741 | M62: =SUM(K62-G62)*100 -> 99.4547 | N62: =IF(AND(ROUNDDOWN(L62,0)=0,ROUNDDOWN(M62,0)=0),"PASS","FAIL") -> FAIL
A63: % admin cost | B63: 0.2868 | C63: 0.2964 | I63: % admin cost | J63: 0.005258 | K63: 0.005452 | L63: =SUM(J63-F63) -> 0.005258 | M63: =SUM(K63-G63)*100 -> 0.5452 | N63: =IF(AND(ROUNDDOWN(L63,0)=0,ROUNDDOWN(M63,0)=0),"PASS","FAIL") -> PASS
A64: [% tax cost] | B64: Total Cost Breakdown | I64: [% tax cost] | J64: 7e-06 | K64: 0 | L64: =SUM(J64-F64) -> 7e-06 | M64: =SUM(K64-G64)*100 -> 0 | N64: =IF(AND(ROUNDDOWN(L64,0)=0,ROUNDDOWN(M64,0)=0),"PASS","FAIL") -> PASS
A65: % 90 Day Supply % of dollars | B65: 0.9941 | C65: 0.9945 | I65: % 90 Day Supply % of dollars | J65: 0.00209 | K65: 0.002138 | L65: =SUM(J65-F65) -> 0.00209 | M65: =SUM(K65-G65)*100 -> 0.2138 | N65: =IF(AND(ROUNDDOWN(L65,0)=0,ROUNDDOWN(M65,0)=0),"PASS","FAIL") -> PASS
A66: 90 Day Supply % of scripts | B66: 0.0059 | C66: 0.0055 | I66: 90 Day Supply % of scripts | J66: 0.248553 | K66: 0.252562 | L66: =SUM(J66-F66) -> 0.248553 | M66: =SUM(K66-G66)*100 -> 25.2562 | N66: =IF(AND(ROUNDDOWN(L66,0)=0,ROUNDDOWN(M66,0)=0),"PASS","FAIL") -> FAIL
A67: % Tax Cost | B67: 0.0007 | C67: 0 | L67: =SUM(J67-F67) -> 0 | M67: =SUM(K67-G67)*100 -> 0 | N67: =IF(AND(ROUNDDOWN(L67,0)=0,ROUNDDOWN(M67,0)=0),"PASS","FAIL") -> PASS
A68: 90 Day Supply % of dollars | B68: 0.3553 | C68: 0.3786 | L68: =SUM(J68-F68) -> 0 | M68: =SUM(K68-G68)*100 -> 0 | N68: =IF(AND(ROUNDDOWN(L68,0)=0,ROUNDDOWN(M68,0)=0),"PASS","FAIL") -> PASS
A69: 90 Day Supply % of scripts | B69: 0.2436 | C69: 0.2484 | L69: =SUM(J69-F69) -> 0 | M69: =SUM(K69-G69)*100 -> 0 | N69: =IF(AND(ROUNDDOWN(L69,0)=0,ROUNDDOWN(M69,0)=0),"PASS","FAIL") -> PASS
A71: Trending_Analysis
A73: Trending Result | I73: Trending Result
B74: Reporting Period | C74: Comparison Period | D74: Result | J74: Reporting Period | K74: Comparison Period | L74: Result
A75: # Employees | B75: =B5-F5 -> 7468 | C75: =C5-G5 -> 6766 | D75: =IF(AND(ROUNDDOWN(B75,0)=0,ROUNDDOWN(C75,0)=0),"PASS","FAIL") -> FAIL | I75: # Employees | J75: =B32-F32 -> 7468 | K75: =C32-G32 -> 6766 | L75: =IF(AND(ROUNDDOWN(J75,0)=0,ROUNDDOWN(K75,0)=0),"PASS","FAIL") -> FAIL
A76: # Members | B76: =B6-F6 -> 14638 | C76: =C6-G6 -> 13256 | D76: =IF(AND(ROUNDDOWN(B76,0)=0,ROUNDDOWN(C76,0)=0),"PASS","FAIL") -> FAIL | I76: # Members | J76: =B33-F33 -> 14638 | K76: =C33-G33 -> 13256 | L76: =IF(AND(ROUNDDOWN(J76,0)=0,ROUNDDOWN(K76,0)=0),"PASS","FAIL") -> FAIL
A77: # Avg Age | B77: =B7-F7 -> 38.25 | C77: =C7-G7 -> 39.12 | D77: =IF(AND(ROUNDDOWN(B77,0)=0,ROUNDDOWN(C77,0)=0),"PASS","FAIL") -> FAIL | I77: Avg Age | J77: =B34-F34 -> 38.25 | K77: =C34-G34 -> 39.12 | L77: =IF(AND(ROUNDDOWN(J77,0)=0,ROUNDDOWN(K77,0)=0),"PASS","FAIL") -> FAIL
A78: Avg Family Size | B78: =B8-F8 -> 1.96 | C78: =C8-G8 -> 1.96 | D78: =IF(AND(ROUNDDOWN(B78,0)=0,ROUNDDOWN(C78,0)=0),"PASS","FAIL") -> FAIL | I78: Avg Family Size | J78: =B35-F35 -> 1.96 | K78: =C35-G35 -> 1.96 | L78: =IF(AND(ROUNDDOWN(J78,0)=0,ROUNDDOWN(K78,0)=0),"PASS","FAIL") -> FAIL
A79: Gender Mix (% of Female) | B79: =B9-F9 -> 0.56 | C79: =C9-G9 -> 0.5591 | D79: =IF(AND(ROUNDDOWN(B79,0)=0,ROUNDDOWN(C79,0)=0),"PASS","FAIL") -> PASS | I79: Gender Mix (% of Female) | J79: =B36-F36 -> 0.56 | K79: =C36-G36 -> 0.5591 | L79: =IF(AND(ROUNDDOWN(J79,0)=0,ROUNDDOWN(K79,0)=0),"PASS","FAIL") -> PASS
A80: # Claimants | B80: =B10-F10 -> 12736 | C80: =C10-G10 -> 12998 | D80: =IF(AND(ROUNDDOWN(B80,0)=0,ROUNDDOWN(C80,0)=0),"PASS","FAIL") -> FAIL | I80: # Claimants | J80: =B37-F37 -> 10988 | K80: =C37-G37 -> 10951 | L80: =IF(AND(ROUNDDOWN(J80,0)=0,ROUNDDOWN(K80,0)=0),"PASS","FAIL") -> FAIL
A81: # Claims | B81: =B11-F11 -> 169139 | C81: =C11-G11 -> 184769 | D81: =IF(AND(ROUNDDOWN(B81,0)=0,ROUNDDOWN(C81,0)=0),"PASS","FAIL") -> FAIL | I81: # Scripts | J81: =B38-F38 -> 146550 | K81: =C38-G38 -> 153156 | L81: =IF(AND(ROUNDDOWN(J81,0)=0,ROUNDDOWN(K81,0)=0),"PASS","FAIL") -> FAIL
A82: Total Dollars (in thousand) | B82: =B12-F12 -> 41059.94 | C82: =C12-G12 -> 40283.53 | D82: =IF(AND(ROUNDDOWN(B82,0)=0,ROUNDDOWN(C82,0)=0),"PASS","FAIL") -> FAIL | I82: Employer Cost (in thousands) | J82: =B39-F39 -> 16017.78 | K82: =C39-G39 -> 15130.98 | L82: =IF(AND(ROUNDDOWN(J82,0)=0,ROUNDDOWN(K82,0)=0),"PASS","FAIL") -> FAIL
A83: Avg. claims/member | B83: =B13-F13 -> 11.55 | C83: =C13-G13 -> 13.94 | D83: =IF(AND(ROUNDDOWN(B83,0)=0,ROUNDDOWN(C83,0)=0),"PASS","FAIL") -> FAIL | I83: % of claimants to members | J83: =B40-F40 -> 0.7506 | K83: =C40-G40 -> 0.8261 | L83: =IF(AND(ROUNDDOWN(J83,0)=0,ROUNDDOWN(K83,0)=0),"PASS","FAIL") -> PASS
A84: Avg Lines/Members | B84: =B14-F14 -> 29.24 | C84: =C14-G14 -> 34.08 | D84: =IF(AND(ROUNDDOWN(B84,0)=0,ROUNDDOWN(C84,0)=0),"PASS","FAIL") -> FAIL | I84: Avg. script cost | J84: =B41-F41 -> 109.3 | K84: =C41-G41 -> 98.79 | L84: =IF(AND(ROUNDDOWN(J84,0)=0,ROUNDDOWN(K84,0)=0),"PASS","FAIL") -> FAIL
A85: % of claimants to members | B85: =B15-F15 -> 0.8701 | C85: =C15-G15 -> 0.9805 | D85: =IF(AND(ROUNDDOWN(B85,0)=0,ROUNDDOWN(C85,0)=0),"PASS","FAIL") -> PASS | I85: Avg. scripts/claimant | J85: =B42-F42 -> 13.34 | K85: =C42-G42 -> 13.99 | L85: =IF(AND(ROUNDDOWN(J85,0)=0,ROUNDDOWN(K85,0)=0),"PASS","FAIL") -> FAIL
A86: Avg. turnaround incurred to paid | B86: =B16-F16 -> 35.09 | C86: =C16-G16 -> 35.83 | D86: =IF(AND(ROUNDDOWN(B86,0)=0,ROUNDDOWN(C86,0)=0),"PASS","FAIL") -> FAIL | I86: Avg. scripts/member | J86: =B43-F43 -> 10.01 | K86: =C43-G43 -> 11.55 | L86: =IF(AND(ROUNDDOWN(J86,0)=0,ROUNDDOWN(K86,0)=0),"PASS","FAIL") -> FAIL
... A88: Procedure/1000 covered lives | B88: =B18-F18 -> 27522.83 | C88: =C18-G18 -> 29742.57 | D88: =IF(AND(ROUNDDOWN(B88,0)=0,ROUNDDOWN(C88,0)=0),"PASS","FAIL") -> FAIL | I88: Employer Cost (in thousands) | J88: =B45-F45 -> 16017.78 | K88: =C45-G45 -> 15130.98 | L88: =IF(AND(ROUNDDOWN(J88,0)=0,ROUNDDOWN(K88,0)=0),"PASS","FAIL") -> FAIL
A89: ER visits/1000 covered lives | B89: =B20-F20 -> 184.87 | C89: =C20-G20 -> 186.23 | D89: =IF(AND(ROUNDDOWN(B89,0)=0,ROUNDDOWN(C89,0)=0),"PASS","FAIL") -> FAIL | I89: Total Copay (in thousands) | J89: =B46-F46 -> 977.07 | K89: =C46-G46 -> 1044.84 | L89: =IF(AND(ROUNDDOWN(J89,0)=0,ROUNDDOWN(K89,0)=0),"PASS","FAIL") -> FAIL
A90: Avg Claim Cost | B90: =B21-F21 -> 242.76 | C90: =C21-G21 -> 218.02 | D90: =IF(AND(ROUNDDOWN(B90,0)=0,ROUNDDOWN(C90,0)=0),"PASS","FAIL") -> FAIL | I90: Total Coinsurance | J90: =B47-F47 -> 0 | K90: =C47-G47 -> 0 | L90: =IF(AND(ROUNDDOWN(J90,0)=0,ROUNDDOWN(K90,0)=0),"PASS","FAIL") -> PASS
A91: Avg Cost/claimants | B91: =B22-F22 -> 3223.93 | C91: =C22-G22 -> 3099.21 | D91: =IF(AND(ROUNDDOWN(B91,0)=0,ROUNDDOWN(C91,0)=0),"PASS","FAIL") -> FAIL | I91: Total Deductible | J91: =B48-F48 -> 0 | K91: =C48-G48 -> 0 | L91: =IF(AND(ROUNDDOWN(J91,0)=0,ROUNDDOWN(K91,0)=0),"PASS","FAIL") -> PASS
A92: Avg Lines/Claimants | B92: =B23-F23 -> 33.6 | C92: =C23-G23 -> 34.76 | D92: =IF(AND(ROUNDDOWN(B92,0)=0,ROUNDDOWN(C92,0)=0),"PASS","FAIL") -> FAIL | I92: Total Cost (in thousands) | J92: =B49-F49 -> 16994.85 | K92: =C49-G49 -> 16175.83 | L92: =IF(AND(ROUNDDOWN(J92,0)=0,ROUNDDOWN(K92,0)=0),"PASS","FAIL") -> FAIL
A93: % Paid In-Network (Facility) | B93: =B24-F24 -> 0.9973 | C93: =C24-G24 -> 1.0053 | D93: =IF(AND(ROUNDDOWN(B93,0)=0,ROUNDDOWN(C93,0)=0),"PASS","FAIL") -> FAIL | I93: Employee % | J93: =B50-F50 -> 0.0575 | K93: =C50-G50 -> 0.0646 | L93: =IF(AND(ROUNDDOWN(J93,0)=0,ROUNDDOWN(K93,0)=0),"PASS","FAIL") -> PASS
A94: % In Paid In-Network (Professional) | B94: =B25-F25 -> 0.9356 | C94: =C25-G25 -> 0.9506 | D94: =IF(AND(ROUNDDOWN(B94,0)=0,ROUNDDOWN(C94,0)=0),"PASS","FAIL") -> PASS | I94: Employer % | J94: =B51-F51 -> 0.9425 | K94: =C51-G51 -> 0.9354 | L94: =IF(AND(ROUNDDOWN(J94,0)=0,ROUNDDOWN(K94,0)=0),"PASS","FAIL") -> PASS
A95: % In Paid In-Network (Total) | B95: =B26-F26 -> 0.9692 | C95: =C26-G26 -> 0.9792 | D95: =IF(AND(ROUNDDOWN(B95,0)=0,ROUNDDOWN(C95,0)=0),"PASS","FAIL") -> PASS | I95: Copay Breakdown of Scripts | J95: =B52-F52 -> #VALUE! | K95: =C52-G52 -> 0 | L95: =IF(AND(ROUNDDOWN(J95,0)=0,ROUNDDOWN(K95,0)=0),"PASS","FAIL") -> #VALUE!
I96: $0.00 - $5.00 | J96: =B53-F53 -> 0.7594 | K96: =C53-G53 -> 0.7718 | L96: =IF(AND(ROUNDDOWN(J96,0)=0,ROUNDDOWN(K96,0)=0),"PASS","FAIL") -> PASS
I97: $5.01 - $10.00 | J97: =B54-F54 -> 0.1287 | K97: =C54-G54 -> 0.1137 | L97: =IF(AND(ROUNDDOWN(J97,0)=0,ROUNDDOWN(K97,0)=0),"PASS","FAIL") -> PASS
I98: $10.01 - $15.00 | J98: =B55-F55 -> 0.0069 | K98: =C55-G55 -> 0.0041 | L98: =IF(AND(ROUNDDOWN(J98,0)=0,ROUNDDOWN(K98,0)=0),"PASS","FAIL") -> PASS
I99: $15.01 - $20.00 | J99: =B56-F56 -> 0.004 | K99: =C56-G56 -> 0.0022 | L99: =IF(AND(ROUNDDOWN(J99,0)=0,ROUNDDOWN(K99,0)=0),"PASS","FAIL") -> PASS
I100: $20.01 - $25.00 | J100: =B57-F57 -> 0.0455 | K100: =C57-G57 -> 0.0486 | L100: =IF(AND(ROUNDDOWN(J100,0)=0,ROUNDDOWN(K100,0)=0),"PASS","FAIL") -> PASS
I101: $25.01 - $30.00 | J101: =B58-F58 -> 0.0036 | K101: =C58-G58 -> 0.0009 | L101: =IF(AND(ROUNDDOWN(J101,0)=0,ROUNDDOWN(K101,0)=0),"PASS","FAIL") -> PASS
I102: $30.01+ | J102: =B59-F59 -> 0.0519 | K102: =C59-G59 -> 0.0587 | L102: =IF(AND(ROUNDDOWN(J102,0)=0,ROUNDDOWN(K102,0)=0),"PASS","FAIL") -> PASS
I103: Generic % of dollars | J103: =B60-F60 -> 0.2154 | K103: =C60-G60 -> 0.2568 | L103: =IF(AND(ROUNDDOWN(J103,0)=0,ROUNDDOWN(K103,0)=0),"PASS","FAIL") -> PASS
I104: Brand % of dollars | J104: =B61-F61 -> 0.7846 | K104: =C61-G61 -> 0.7432 | L104: =IF(AND(ROUNDDOWN(J104,0)=0,ROUNDDOWN(K104,0)=0),"PASS","FAIL") -> PASS
I105: Generic % of Scripts | J105: =B62-F62 -> 0.7132 | K105: =C62-G62 -> 0.7036 | L105: =IF(AND(ROUNDDOWN(J105,0)=0,ROUNDDOWN(K105,0)=0),"PASS","FAIL") -> PASS
I106: Brand % of Scripts | J106: =B63-F63 -> 0.2868 | K106: =C63-G63 -> 0.2964 | L106: =IF(AND(ROUNDDOWN(J106,0)=0,ROUNDDOWN(K106,0)=0),"PASS","FAIL") -> PASS
...

Sheet Monthly Analysis
A1: Basis: Incurred
A2: Medical Monthly Analysis | S2: Pharmacy Monthly Analysis
A4: Makalu Result (Last Processing) | S4: Makalu Result (Last Processing)
B5: Avg | C5: Jun | D5: Jul | E5: Aug | F5: Sep | G5: Oct | H5: Nov | I5: Dec | J5: Jan | K5: Feb | L5: Mar | M5: Apr | N5: May | T5: Avg | U5: Jun | V5: Jul | W5: Aug | X5: Sep | Y5: Oct | Z5: Nov | AA5: Dec | AB5: Jan | AC5: Feb | AD5: Mar | AE5: Apr | AF5: May
A6: # Employees | B6: 7035 | C6: 6763 | D6: 6783 | E6: 6785 | F6: 6799 | G6: 6850 | H6: 6887 | I6: 6930 | J6: 6976 | K6: 7297 | L6: 7408 | M6: 7484 | N6: 7468 | S6: # Employees | T6: 7035.83 | U6: 6763 | V6: 6783 | W6: 6785 | X6: 6799 | Y6: 6850 | Z6: 6887 | AA6: 6930 | AB6: 6976 | AC6: 7297 | AD6: 7408 | AE6: 7484 | AF6: 7468
A7: # Members | B7: 13798 | C7: 13263 | D7: 13297 | E7: 13301 | F7: 13342 | G7: 13434 | H7: 13502 | I7: 13599 | J7: 13696 | K7: 14325 | L7: 14522 | M7: 14664 | N7: 14638 | S7: # Members | T7: 13798.58 | U7: 13263 | V7: 13297 | W7: 13301 | X7: 13342 | Y7: 13434 | Z7: 13502 | AA7: 13599 | AB7: 13696 | AC7: 14325 | AD7: 14522 | AE7: 14664 | AF7: 14638
A8: Avg Age | B8: 38.68 | C8: 39.06 | D8: 39.04 | E8: 38.98 | F8: 38.93 | G8: 38.85 | H8: 38.8 | I8: 38.74 | J8: 38.7 | K8: 38.33 | L8: 38.27 | M8: 38.24 | N8: 38.25 | S8: Avg Age | T8: 38.68 | U8: 39.06 | V8: 39.04 | W8: 38.98 | X8: 38.93 | Y8: 38.85 | Z8: 38.8 | AA8: 38.74 | AB8: 38.7 | AC8: 38.33 | AD8: 38.27 | AE8: 38.24 | AF8: 38.25
A9: Avg Family Size | B9: 1.96 | C9: 1.96 | D9: 1.96 | E9: 1.96 | F9: 1.96 | G9: 1.96 | H9: 1.96 | I9: 1.96 | J9: 1.96 | K9: 1.96 | L9: 1.96 | M9: 1.96 | N9: 1.96 | S9: Avg Family Size | T9: 1.96 | U9: 1.96 | V9: 1.96 | W9: 1.96 | X9: 1.96 | Y9: 1.96 | Z9: 1.96 | AA9: 1.96 | AB9: 1.96 | AC9: 1.96 | AD9: 1.96 | AE9: 1.96 | AF9: 1.96
A10: Gender Mix (% of Female) | B10: 0.5586 | C10: 0.5591 | D10: 0.5589 | E10: 0.5589 | F10: 0.559 | G10: 0.5575 | H10: 0.5573 | I10: 0.557 | J10: 0.5573 | K10: 0.5586 | L10: 0.5594 | M10: 0.5601 | N10: 0.56 | S10: Gender Mix (% of Female) | T10: 0.5586 | U10: 0.5591 | V10: 0.5589 | W10: 0.5589 | X10: 0.559 | Y10: 0.5575 | Z10: 0.5573 | AA10: 0.557 | AB10: 0.5573 | AC10: 0.5586 | AD10: 0.5594 | AE10: 0.5601 | AF10: 0.56
A11: # Claimants | B11: 4899 | C11: 5479 | D11: 5189 | E11: 5293 | F11: 5104 | G11: 5309 | H11: 5367 | I11: 5261 | J11: 5105 | K11: 5677 | L11: 4931 | M11: 5664 | N11: 420 | S11: # Claimants | T11: 4769.08 | U11: 4972 | V11: 5247 | W11: 5315 | X11: 5084 | Y11: 5068 | Z11: 5072 | AA11: 4909 | AB11: 5065 | AC11: 5837 | AD11: 5184 | AE11: 5476 | AF11: 0
A12: # Claims | B12: 14094 | C12: 16105 | D12: 14409 | E12: 15621 | F12: 14183 | G12: 15261 | H12: 15878 | I12: 15047 | J12: 14978 | K12: 17374 | L12: 12861 | M12: 16833 | N12: 589 | S12: # Scripts | T12: 12212.5 | U12: 12173 | V12: 13247 | W12: 14251 | X12: 12896 | Y12: 12598 | Z12: 13655 | AA12: 12289 | AB12: 12776 | AC12: 15132 | AD12: 12812 | AE12: 14721 | AF12: 0
A13: Total Dollars (in thousands) | B13: 3421.66 | C13: 3301.67 | D13: 3380.89 | E13: 3612.8 | F13: 3148.9 | G13: 3984.61 | H13: 3835.42 | I13: 3971.48 | J13: 3601.66 | K13: 3531.9 | L13: 4221.11 | M13: 4372.39 | N13: 97.12 | S13: Employer Cost (in thousands) | T13: 1334.82 | U13: 1122.37 | V13: 1441.75 | W13: 1573.66 | X13: 1499.01 | Y13: 1596.11 | Z13: 1549.79 | AA13: 1382.97 | AB13: 1410.66 | AC13: 1457.55 | AD13: 1392.05 | AE13: 1591.85 | AF13: 0
A14: Actual PEPM | B14: 488.44 | C14: 488.2 | D14: 498.44 | E14: 532.47 | F14: 463.14 | G14: 581.69 | H14: 556.91 | I14: 573.09 | J14: 516.29 | K14: 484.02 | L14: 569.8 | M14: 584.23 | N14: 13.01 | S14: Actual PEPM | T14: 190.92 | U14: 165.96 | V14: 212.55 | W14: 231.93 | X14: 220.47 | Y14: 233.01 | Z14: 225.03 | AA14: 199.56 | AB14: 202.22 | AC14: 199.75 | AD14: 187.91 | AE14: 212.7 | AF14: 0
A15: Actual PMPM | B15: 249.05 | C15: 248.94 | D15: 254.26 | E15: 271.62 | F15: 236.01 | G15: 296.61 | H15: 284.06 | I15: 292.04 | J15: 262.97 | K15: 246.56 | L15: 290.67 | M15: 298.17 | N15: 6.64 | S15: Actual PMPM | T15: 97.35 | U15: 84.62 | V15: 108.43 | W15: 118.31 | X15: 112.35 | Y15: 118.81 | Z15: 114.78 | AA15: 101.7 | AB15: 103 | AC15: 101.75 | AD15: 95.86 | AE15: 108.55 | AF15: 0
A16: Avg. claims/member | B16: 1.03 | C16: 1.21 | D16: 1.08 | E16: 1.17 | F16: 1.06 | G16: 1.14 | H16: 1.18 | I16: 1.11 | J16: 1.09 | K16: 1.21 | L16: 0.89 | M16: 1.15 | N16: 0.04 | S16: # of Rx Claims PMPM | T16: 0.89 | U16: 0.92 | V16: 1 | W16: 1.07 | X16: 0.97 | Y16: 0.94 | Z16: 1.01 | AA16: 0.9 | AB16: 0.93 | AC16: 1.06 | AD16: 0.88 | AE16: 1 | AF16: 0
A17: Avg. lines/member | B17: 2.6 | C17: 2.92 | D17: 2.6 | E17: 2.96 | F17: 2.58 | G17: 2.92 | H17: 2.98 | I17: 3.01 | J17: 2.84 | K17: 3.14 | L17: 2.28 | M17: 2.88 | N17: 0.08 | S17: % of claimants to members | T17: 0.3476 | U17: 0.3749 | V17: 0.3946 | W17: 0.3996 | X17: 0.3811 | Y17: 0.3773 | Z17: 0.3756 | AA17: 0.361 | AB17: 0.3698 | AC17: 0.4075 | AD17: 0.357 | AE17: 0.3734 | AF17: 0
... A20: Claims/1000 covered lives | B20: 1027.84 | C20: 1214.28 | D20: 1083.63 | E20: 1174.42 | F20: 1063.03 | G20: 1136 | H20: 1175.97 | I20: 1106.48 | J20: 1093.6 | K20: 1212.84 | L20: 885.62 | M20: 1147.91 | N20: 40.24 | S20: Avg. scripts/member | T20: 0.89 | U20: 0.92 | V20: 1 | W20: 1.07 | X20: 0.97 | Y20: 0.94 | Z20: 1.01 | AA20: 0.9 | AB20: 0.93 | AC20: 1.06 | AD20: 0.88 | AE20: 1 | AF20: 0
A21: Procedure/1000 covered lives | B21: 2306.64 | C21: 2635.98 | D21: 2339.25 | E21: 2629.65 | F21: 2284.81 | G21: 2510.12 | H21: 2671.97 | I21: 2632.77 | J21: 2461.45 | K21: 2820.03 | L21: 2019.56 | M21: 2599.77 | N21: 74.33 | S21: Employer vs. Copay | T21: Employer vs. Copay
A22: Inpatient Days/1,000 | B22: 69.96 | C22: 63.86 | D22: 76.93 | E22: 71.05 | F22: 87.92 | G22: 69.38 | H22: 86.36 | I22: 98.1 | J22: 86.59 | K22: 68.76 | L22: 66.93 | M22: 61.1 | N22: 2.53 | S22: Employer Cost (in thousands) | T22: 1334.82 | U22: 1122.37 | V22: 1441.75 | W22: 1573.66 | X22: 1499.01 | Y22: 1596.11 | Z22: 1549.79 | AA22: 1382.97 | AB22: 1410.66 | AC22: 1457.55 | AD22: 1392.05 | AE22: 1591.85 | AF22: 0
A23: ER visits/1000 covered lives | B23: 21.95 | C23: 19.91 | D23: 21.36 | E23: 26.46 | F23: 22.56 | G23: 25.68 | H23: 25.48 | I23: 22.58 | J23: 24.75 | K23: 24.43 | L23: 24.45 | M23: 24.89 | N23: 0.89 | S23: Total Copay (in thousands) | T23: 81.42 | U23: 79.38 | V23: 91.94 | W23: 90.57 | X23: 87.86 | Y23: 89.31 | Z23: 87.27 | AA23: 89.31 | AB23: 93.48 | AC23: 86.73 | AD23: 83.96 | AE23: 97.26 | AF23: 0
A24: Avg Claim Cost | B24: 238.01 | C24: 205.01 | D24: 234.64 | E24: 231.28 | F24: 222.02 | G24: 261.1 | H24: 241.56 | I24: 263.94 | J24: 240.46 | K24: 203.29 | L24: 328.21 | M24: 259.75 | N24: 164.89 | S24: Total Coinsurance | T24: 0 | U24: 0 | V24: 0 | W24: 0 | X24: 0 | Y24: 0 | Z24: 0 | AA24: 0 | AB24: 0 | AC24: 0 | AD24: 0 | AE24: 0 | AF24: 0
A25: Avg Cost/claimants | B25: 663.38 | C25: 602.6 | D25: 651.55 | E25: 682.56 | F25: 616.95 | G25: 750.54 | H25: 714.63 | I25: 754.89 | J25: 705.52 | K25: 622.14 | L25: 856.04 | M25: 771.96 | N25: 231.24 | S25: Total Deductible | T25: 0 | U25: 0 | V25: 0 | W25: 0 | X25: 0 | Y25: 0 | Z25: 0 | AA25: 0 | AB25: 0 | AC25: 0 | AD25: 0 | AE25: 0 | AF25: 0
A26: Avg Lines/claimants | B26: 6.92 | C26: 7.06 | D26: 6.66 | E26: 7.44 | F26: 6.73 | G26: 7.39 | H26: 7.51 | I26: 7.79 | J26: 7.62 | K26: 7.93 | L26: 6.71 | M26: 7.46 | N26: 2.78 | S26: Total Cost (in thousands) | T26: 1416.24 | U26: 1201.76 | V26: 1533.69 | W26: 1664.23 | X26: 1586.87 | Y26: 1685.42 | Z26: 1637.06 | AA26: 1472.28 | AB26: 1504.14 | AC26: 1544.28 | AD26: 1476.01 | AE26: 1689.11 | AF26: 0
A27: % In Paid In-Network (Facility) | B27: 0.9938 | C27: 0.9433 | D27: 1.0042 | E27: 1.0411 | F27: 1.011 | G27: 0.993 | H27: 0.9963 | I27: 0.9957 | J27: 0.9965 | K27: 0.9946 | L27: 0.9954 | M27: 0.9945 | N27: 0.9604 | S27: Employee % | T27: 0.053 | U27: 0.0661 | V27: 0.0599 | W27: 0.0544 | X27: 0.0554 | Y27: 0.053 | Z27: 0.0533 | AA27: 0.0607 | AB27: 0.0621 | AC27: 0.0562 | AD27: 0.0569 | AE27: 0.0576 | AF27: 0
A28: % In Paid In-Network (Professional) | B28: 0.9349 | C28: 0.9535 | D28: 0.9638 | E28: 0.9524 | F28: 0.9494 | G28: 0.9301 | H28: 0.9337 | I28: 0.9144 | J28: 0.9194 | K28: 0.9102 | L28: 0.9462 | M28: 0.9283 | N28: 0.9173 | S28: Employer % | T28: 0.8637 | U28: 0.9339 | V28: 0.9401 | W28: 0.9456 | X28: 0.9446 | Y28: 0.947 | Z28: 0.9467 | AA28: 0.9393 | AB28: 0.9379 | AC28: 0.9438 | AD28: 0.9431 | AE28: 0.9424 | AF28: 0
A29: % In Paid In-Network (Total) | B29: 0.9668 | C29: 0.9485 | D29: 0.9848 | E29: 1.0023 | F29: 0.9816 | G29: 0.9642 | H29: 0.9672 | I29: 0.959 | J29: 0.9591 | K29: 0.9533 | L29: 0.9781 | M29: 0.9656 | N29: 0.9376 | S29: Copay Breakdown of Scripts | T29: Copay Breakdown of Scripts
S30: $0.00 - $5.00 | T30: 0.6955 | U30: 0.7835 | V30: 0.7515 | W30: 0.7688 | X30: 0.7462 | Y30: 0.7371 | Z30: 0.7649 | AA30: 0.7394 | AB30: 0.7383 | AC30: 0.7917 | AD30: 0.7652 | AE30: 0.7595 | AF30: 0
S31: $5.01 - $10.00 | T31: 0.1183 | U31: 0.112 | V31: 0.1306 | W31: 0.1224 | X31: 0.1377 | Y31: 0.143 | Z31: 0.127 | AA31: 0.1396 | AB31: 0.1419 | AC31: 0.112 | AD31: 0.1263 | AE31: 0.1266 | AF31: 0
S32: $10.01 - $15.00 | T32: 0.0063 | U32: 0.0039 | V32: 0.0075 | W32: 0.0062 | X32: 0.0071 | Y32: 0.0085 | Z32: 0.0074 | AA32: 0.008 | AB32: 0.0077 | AC32: 0.0061 | AD32: 0.0059 | AE32: 0.0077 | AF32: 0
S33: $15.01 - $20.00 | T33: 0.0037 | U33: 0.0022 | V33: 0.0041 | W33: 0.0042 | X33: 0.0046 | Y33: 0.0037 | Z33: 0.004 | AA33: 0.0046 | AB33: 0.0048 | AC33: 0.0038 | AD33: 0.0037 | AE33: 0.0044 | AF33: 0
S34: $20.01 - $25.00 | T34: 0.0418 | U34: 0.0443 | V34: 0.0484 | W34: 0.0452 | X34: 0.0464 | Y34: 0.0471 | Z34: 0.0438 | AA34: 0.0474 | AB34: 0.046 | AC34: 0.0391 | AD34: 0.0446 | AE34: 0.049 | AF34: 0
S35: $25.01 - $30.00 | T35: 0.0033 | U35: 0.0018 | V35: 0.0038 | W35: 0.0034 | X35: 0.0039 | Y35: 0.0036 | Z35: 0.0037 | AA35: 0.0038 | AB35: 0.0041 | AC35: 0.0036 | AD35: 0.0037 | AE35: 0.0045 | AF35: 0
S36: $30.01+ | T36: 0.0478 | U36: 0.0522 | V36: 0.0541 | W36: 0.0498 | X36: 0.0541 | Y36: 0.0571 | Z36: 0.0492 | AA36: 0.0573 | AB36: 0.0572 | AC36: 0.0437 | AD36: 0.0506 | AE36: 0.0483 | AF36: 0
S37: Generic % of dollars | T37: 0.199 | U37: 0.2823 | V37: 0.2029 | W37: 0.2005 | X37: 0.1941 | Y37: 0.2005 | Z37: 0.2015 | AA37: 0.218 | AB37: 0.2176 | AC37: 0.2211 | AD37: 0.2217 | AE37: 0.2277 | AF37: 0
S38: Brand % of dollars | T38: 0.7177 | U38: 0.7177 | V38: 0.7971 | W38: 0.7995 | X38: 0.8059 | Y38: 0.7995 | Z38: 0.7985 | AA38: 0.782 | AB38: 0.7824 | AC38: 0.7789 | AD38: 0.7783 | AE38: 0.7723 | AF38: 0
S39: Generic % of Scripts | T39: 0.6545 | U39: 0.7184 | V39: 0.7264 | W39: 0.718 | X39: 0.7282 | Y39: 0.7304 | Z39: 0.7175 | AA39: 0.7171 | AB39: 0.7109 | AC39: 0.655 | AD39: 0.7095 | AE39: 0.7228 | AF39: 0
S40: Brand % of Scripts | T40: 0.2622 | U40: 0.2816 | V40: 0.2736 | W40: 0.282 | X40: 0.2718 | Y40: 0.2696 | Z40: 0.2825 | AA40: 0.2829 | AB40: 0.2891 | AC40: 0.345 | AD40: 0.2905 | AE40: 0.2772 | AF40: 0
S41: Total Cost Breakdown | T41: Total Cost Breakdown
S42: % Ingredient Cost | T42: 0.9112 | U42: 0.9942 | V42: 0.9938 | W42: 0.994 | X42: 0.9945 | Y42: 0.9953 | Z42: 0.9947 | AA42: 0.9945 | AB42: 0.9914 | AC42: 0.9934 | AD42: 0.9944 | AE42: 0.9941 | AF42: 0
S43: % Administrative Cost | T43: 0.0055 | U43: 0.0058 | V43: 0.0062 | W43: 0.006 | X43: 0.0055 | Y43: 0.0047 | Z43: 0.0053 | AA43: 0.0055 | AB43: 0.0086 | AC43: 0.0066 | AD43: 0.0056 | AE43: 0.0059 | AF43: 0
S44: % Tax Cost | T44: 0.0006 | U44: 0 | V44: 0.0005 | W44: 0.0008 | X44: 0.0005 | Y44: 0.0004 | Z44: 0.0004 | AA44: 0.0004 | AB44: 0.0036 | AC44: 0 | AD44: 0.0005 | AE44: 0.0005 | AF44: 0
S45: 90 Day Supply % of dollars | T45: 0.327 | U45: 0.3785 | V45: 0.3464 | W45: 0.3348 | X45: 0.3468 | Y45: 0.323 | Z45: 0.3211 | AA45: 0.3714 | AB45: 0.3977 | AC45: 0.3561 | AD45: 0.3911 | AE45: 0.3575 | AF45: 0
S46: 90 Day Supply % of scripts | T46: 0.2239 | U46: 0.2376 | V46: 0.24 | W46: 0.2396 | X46: 0.2549 | Y46: 0.2558 | Z46: 0.2446 | AA46: 0.2609 | AB46: 0.2559 | AC46: 0.2155 | AD46: 0.2441 | AE46: 0.2376 | AF46: 0
A48: Makalu Result (Current Processing) | S48: Makalu Result (Current Processing)
B49: Avg | C49: Jul | D49: Aug | E49: Sep | F49: Oct | G49: Nov | H49: Dec | I49: Jan | J49: Feb | K49: Mar | L49: Apr | M49: May | N49: Jun | T49: Avg | U49: Jul | V49: Aug | W49: Sep | X49: Oct | Y49: Nov | Z49: Dec | AA49: Jan | AB49: Feb | AC49: Mar | AD49: Apr | AE49: May | AF49: Jun
A92: Makalu Result (Scrub Result) | S92: Makalu Result (Scrub Result)
B93: AVG | C93: Month_1 | D93: Month_2 | E93: Month_3 | F93: Month_4 | G93: Month_5 | H93: Month_6 | I93: Month_7 | J93: Month_8 | K93: Month_9 | L93: Month_10 | M93: Month_11 | N93: Month_12 | T93: AVG | U93: Month_1 | V93: Month_2 | W93: Month_3 | X93: Month_4 | Y93: Month_5 | Z93: Month_6 | AA93: Month_7 | AB93: Month_8 | AC93: Month_9 | AD93: Month_10 | AE93: Month_11 | AF93: Month_12
A94: # Employees | B94: 7056.42 | C94: 6770 | D94: 6790 | E94: 6792 | F94: 6806 | G94: 6858 | H94: 6895 | I94: 6938 | J94: 6984 | K94: 7305 | L94: 7416 | M94: 7492 | N94: 7631 | S94: # Employees | T94: 7056.42 | U94: 6770 | V94: 6790 | W94: 6792 | X94: 6806 | Y94: 6858 | Z94: 6895 | AA94: 6938 | AB94: 6984 | AC94: 7305 | AD94: 7416 | AE94: 7492 | AF94: 7631
A95: # Members | B95: 13829.5 | C95: 13264 | D95: 13298 | E95: 13302 | F95: 13343 | G95: 13435 | H95: 13503 | I95: 13600 | J95: 13697 | K95: 14326 | L95: 14526 | M95: 14678 | N95: 14982 | S95: # Members | T95: 13829.5 | U95: 13264 | V95: 13298 | W95: 13302 | X95: 13343 | Y95: 13435 | Z95: 13503 | AA95: 13600 | AB95: 13697 | AC95: 14326 | AD95: 14526 | AE95: 14678 | AF95: 14982
A96: # Avg Age | B96: 38.65 | C96: 39.06 | D96: 39.04 | E96: 38.98 | F96: 38.93 | G96: 38.85 | H96: 38.8 | I96: 38.74 | J96: 38.7 | K96: 38.33 | L96: 38.26 | M96: 38.21 | N96: 38.06 | S96: # Avg Age | T96: 38.65 | U96: 39.06 | V96: 39.04 | W96: 38.98 | X96: 38.93 | Y96: 38.85 | Z96: 38.8 | AA96: 38.74 | AB96: 38.7 | AC96: 38.33 | AD96: 38.26 | AE96: 38.21 | AF96: 38.06
A97: Avg Family Size | B97: 1.96 | C97: 1.96 | D97: 1.96 | E97: 1.96 | F97: 1.96 | G97: 1.96 | H97: 1.96 | I97: 1.96 | J97: 1.96 | K97: 1.96 | L97: 1.96 | M97: 1.96 | N97: 1.96 | S97: Avg Family Size | T97: 1.96 | U97: 1.96 | V97: 1.96 | W97: 1.96 | X97: 1.96 | Y97: 1.96 | Z97: 1.96 | AA97: 1.96 | AB97: 1.96 | AC97: 1.96 | AD97: 1.96 | AE97: 1.96 | AF97: 1.96
A98: Gender Mix (% of Female) | B98: 0.5585 | C98: 0.5591 | D98: 0.5589 | E98: 0.5589 | F98: 0.5589 | G98: 0.5575 | H98: 0.5572 | I98: 0.557 | J98: 0.5573 | K98: 0.5586 | L98: 0.5593 | M98: 0.56 | N98: 0.5595 | S98: Gender Mix (% of Female) | T98: 0.5585 | U98: 0.5591 | V98: 0.5589 | W98: 0.5589 | X98: 0.5589 | Y98: 0.5575 | Z98: 0.5572 | AA98: 0.557 | AB98: 0.5573 | AC98: 0.5586 | AD98: 0.5593 | AE98: 0.56 | AF98: 0.5595
A99: # Claimants | B99: 5368.67 | C99: 5557 | D99: 5253 | E99: 5346 | F99: 5157 | G99: 5350 | H99: 5433 | I99: 5332 | J99: 5181 | K99: 5710 | L99: 4949 | M99: 5668 | N99: 5488 | S99: # Claimants | T99: 5198.08 | U99: 4968 | V99: 5248 | W99: 5315 | X99: 5083 | Y99: 5066 | Z99: 5070 | AA99: 4908 | AB99: 5065 | AC99: 5833 | AD99: 5182 | AE99: 5476 | AF99: 5163
A100: # Claims | B100: 15686.2 | C100: 16689 | D100: 14835 | E100: 16032 | F100: 14623 | G100: 15596 | H100: 16282 | I100: 15620 | J100: 15475 | K100: 17648 | L100: 12951 | M100: 16845 | N100: 15638 | S100: # Scripts | T100: 13286.92 | U100: 12171 | V100: 13253 | W100: 14249 | X100: 12894 | Y100: 12597 | Z100: 13653 | AA100: 12286 | AB100: 12778 | AC100: 15125 | AD100: 12810 | AE100: 14721 | AF100: 12906
A101: Total Dollars (in thousands) | B101: 3732.12 | C101: 3299.39 | D101: 3380.16 | E101: 3604.4 | F101: 3147.61 | G101: 3984.17 | H101: 3834.92 | I101: 3969.4 | J101: 3600.09 | K101: 3530.12 | L101: 4220.02 | M101: 4370.25 | N101: 3844.93 | S101: Total Dollars (in thousands) | T101: 1451.44 | U101: 1122.31 | V101: 1441.78 | W101: 1572.82 | X101: 1498.97 | Y101: 1595.09 | Z101: 1549.74 | AA101: 1382.51 | AB101: 1410.65 | AC101: 1456.2 | AD101: 1392.03 | AE101: 1591.77 | AF101: 1403.46
A102: Actual PEPM | B102: 528.898 | C102: 487.354 | D102: 497.814 | E102: 530.683 | F102: 462.476 | G102: 580.952 | H102: 556.188 | I102: 572.125 | J102: 515.477 | K102: 483.247 | L102: 569.043 | M102: 583.322 | N102: 503.857 | S102: Actual PEPM | T102: 205.691 | U102: 165.777 | V102: 212.339 | W102: 231.57 | X102: 220.242 | Y102: 232.588 | Z102: 224.763 | AA102: 199.266 | AB102: 201.983 | AC102: 199.343 | AD102: 187.706 | AE102: 212.463 | AF102: 183.916
A103: Actual PMPM | B103: 269.87 | C103: 248.75 | D103: 254.19 | E103: 270.97 | F103: 235.9 | G103: 296.55 | H103: 284.01 | I103: 291.87 | J103: 262.84 | K103: 246.41 | L103: 290.51 | M103: 297.74 | N103: 256.64 | S103: Actual PMPM | T103: 104.95 | U103: 84.61 | V103: 108.42 | W103: 118.24 | X103: 112.34 | Y103: 118.73 | Z103: 114.77 | AA103: 101.66 | AB103: 102.99 | AC103: 101.65 | AD103: 95.83 | AE103: 108.45 | AF103: 93.68
A104: Avg. claims/member | B104: 1.13 | C104: 1.26 | D104: 1.12 | E104: 1.21 | F104: 1.1 | G104: 1.16 | H104: 1.21 | I104: 1.15 | J104: 1.13 | K104: 1.23 | L104: 0.89 | M104: 1.15 | N104: 1.04 | S104: # of Rx Claims PMPM | T104: 0.96 | U104: 1.11 | V104: 0.96 | W104: 1.14 | X104: 0.96 | Y104: 0.91 | Z104: 1.01 | AA104: 0.93 | AB104: 0.94 | AC104: 0.99 | AD104: 0.91 | AE104: 0.83 | AF104: 0.86
A105: Avg Lines/member | B105: 2.8 | C105: 2.92 | D105: 2.6 | E105: 2.96 | F105: 2.57 | G105: 2.92 | H105: 2.98 | I105: 3.01 | J105: 2.84 | K105: 3.14 | L105: 2.28 | M105: 2.88 | N105: 2.57 | S105: % of claimants to members | T105: 0.3759 | U105: 0.4128 | V105: 0.3897 | W105: 0.4385 | X105: 0.3796 | Y105: 0.3653 | Z105: 0.3755 | AA105: 0.3725 | AB105: 0.3711 | AC105: 0.371 | AD105: 0.3613 | AE105: 0.3385 | AF105: 0.3446
... A116: % In Paid In-Network (Total) | B116: 0.9686 | C116: 0.9487 | D116: 0.9848 | E116: 1.0022 | F116: 0.9817 | G116: 0.9643 | H116: 0.9672 | I116: 0.9591 | J116: 0.9591 | K116: 0.9534 | L116: 0.9782 | M116: 0.9657 | N116: 0.9608 | S116: $0.00-$5.00 | T116: 0.7582 | U116: 0.7835 | V116: 0.7516 | W116: 0.7688 | X116: 0.7462 | Y116: 0.7372 | Z116: 0.7649 | AA116: 0.7395 | AB116: 0.7382 | AC116: 0.7917 | AD116: 0.7652 | AE116: 0.7595 | AF116: 0.7445
S117: $5.00-$10.00 | T117: 0.1297 | U117: 0.112 | V117: 0.1305 | W117: 0.1223 | X117: 0.1377 | Y117: 0.143 | Z117: 0.127 | AA117: 0.1396 | AB117: 0.142 | AC117: 0.112 | AD117: 0.1263 | AE117: 0.1266 | AF117: 0.142
S118: $10.00-$15.00 | T118: 0.007 | U118: 0.0039 | V118: 0.0075 | W118: 0.0062 | X118: 0.0071 | Y118: 0.0085 | Z118: 0.0074 | AA118: 0.008 | AB118: 0.0077 | AC118: 0.0061 | AD118: 0.0059 | AE118: 0.0077 | AF118: 0.0077
S119: $15.01-$20.00 | T119: 0.0039 | U119: 0.0022 | V119: 0.0041 | W119: 0.0042 | X119: 0.0046 | Y119: 0.0037 | Z119: 0.004 | AA119: 0.0046 | AB119: 0.0048 | AC119: 0.0038 | AD119: 0.0037 | AE119: 0.0044 | AF119: 0.003
S120: $20.00-$25.00 | T120: 0.0458 | U120: 0.0443 | V120: 0.0484 | W120: 0.0452 | X120: 0.0465 | Y120: 0.0471 | Z120: 0.0438 | AA120: 0.0474 | AB120: 0.046 | AC120: 0.0391 | AD120: 0.0446 | AE120: 0.049 | AF120: 0.0487
S121: $25.00-$30.00 | T121: 0.0036 | U121: 0.0018 | V121: 0.0038 | W121: 0.0034 | X121: 0.0039 | Y121: 0.0036 | Z121: 0.0037 | AA121: 0.0038 | AB121: 0.0041 | AC121: 0.0036 | AD121: 0.0037 | AE121: 0.0045 | AF121: 0.0032
S122: $30.01+ | T122: 0.0518 | U122: 0.0523 | V122: 0.0541 | W122: 0.0498 | X122: 0.0541 | Y122: 0.0571 | Z122: 0.0492 | AA122: 0.0572 | AB122: 0.0572 | AC122: 0.0436 | AD122: 0.0506 | AE122: 0.0483 | AF122: 0.0509
S123: Generic % of dollars | T123: 0.2146 | U123: 0.2719 | V123: 0.2025 | W123: 0.1974 | X123: 0.1927 | Y123: 0.1984 | Z123: 0.1986 | AA123: 0.2171 | AB123: 0.2143 | AC123: 0.2192 | AD123: 0.2201 | AE123: 0.2259 | AF123: 0.2328
S124: brand % of dollor | T124: 0.7854 | U124: 0.7281 | V124: 0.7975 | W124: 0.8026 | X124: 0.8073 | Y124: 0.8016 | Z124: 0.8014 | AA124: 0.7829 | AB124: 0.7857 | AC124: 0.7808 | AD124: 0.7799 | AE124: 0.7741 | AF124: 0.7672
S125: Generic % of Scripts | T125: 0.7197 | U125: 0.7243 | V125: 0.7304 | W125: 0.7235 | X125: 0.733 | Y125: 0.7354 | Z125: 0.7226 | AA125: 0.7206 | AB125: 0.7157 | AC125: 0.6583 | AD125: 0.714 | AE125: 0.7288 | AF125: 0.6507
S126: Brand % of Scripts | T126: 0.2803 | U126: 0.2757 | V126: 0.2696 | W126: 0.2765 | X126: 0.267 | Y126: 0.2646 | Z126: 0.2774 | AA126: 0.2794 | AB126: 0.2843 | AC126: 0.3417 | AD126: 0.286 | AE126: 0.2712 | AF126: 0.2612
S127: % Ingrediant cost | T127: 0.9947 | U127: 0.9942 | V127: 0.9944 | W127: 0.9949 | X127: 0.995 | Y127: 0.9957 | Z127: 0.9951 | AA127: 0.9949 | AB127: 0.9949 | AC127: 0.9934 | AD127: 0.9948 | AE127: 0.9946 | AF127: 0.9946
S128: % admin cost | T128: 0.0053 | U128: 0.0058 | V128: 0.0056 | W128: 0.0051 | X128: 0.005 | Y128: 0.0043 | Z128: 0.0049 | AA128: 0.0051 | AB128: 0.0051 | AC128: 0.0066 | AD128: 0.0052 | AE128: 0.0054 | AF128: 0.0054
... S130: % 90 Day Supply % of dollars | T130: 0 | U130: 0.0002 | V130: 0 | W130: 0 | X130: 0 | Y130: 0 | Z130: 0 | AA130: 0 | AB130: 0 | AC130: 0 | AD130: 0 | AE130: 0 | AF130: 0
A136: Test Result_Check | S136: Test Result_Check
B137: Avg | C137: Jun | D137: Jul | E137: Aug | F137: Sep | G137: Oct | H137: Nov | I137: Dec | J137: Jan | K137: Feb | L137: Mar | M137: Apr | N137: May | O137: Result | T137: Avg | U137: Apr | V137: May | W137: Jun | X137: Jul | Y137: Aug | Z137: Sep | AA137: Oct | AB137: Nov | AC137: Dec | AD137: Jan | AE137: Feb | AF137: Mar | AG137: Total | AH137: Result
A138: # Employees | B138: =B50-B94 -> -7056.42 | C138: =C50-C94 -> -6770 | D138: =D50-D94 -> -6790 | E138: =E50-E94 -> -6792 | F138: =F50-F94 -> -6806 | G138: =G50-G94 -> -6858 | H138: =H50-H94 -> -6895 | I138: =I50-I94 -> -6938 | ... N138: =N50-N94 -> -7631 | O138: =IF(AND(ROUNDDOWN(B138,0)=0,ROUNDDOWN(C138,0)=0,ROUNDDOWN(D138,0)=0,ROUNDDOWN(E138,0)=0,ROUNDDOWN(F138,0)=0,ROUNDDOWN(G138,0)=0,ROUNDDOWN(H138,0)=0,ROUNDDOWN(I138,0)=0,ROUNDDOWN(J138,0)=0,ROUNDDOWN(K138,0)=0,ROUNDDOWN(L138,0)=0,ROUNDDOWN(M138,0)=0,ROUNDDOWN(N138,0)=0),"PASS","FAIL") -> FAIL | S138: # Employees | T138: =T50-T94 -> -7056.42 | U138: =U50-U94 -> -6770 | V138: =V50-V94 -> -6790 | W138: =W50-W94 -> -6792 | X138: =X50-X94 -> -6806 | Y138: =Y50-Y94 -> -6858 | Z138: =Z50-Z94 -> -6895 | AA138: =AA50-AA94 -> -6938 | ... AF138: =AF50-AF94 -> -7631 | AG138: =AG6-AG58 -> 0 | AH138: =IF(AND(ROUNDDOWN(T138,0)=0,ROUNDDOWN(U138,0)=0,ROUNDDOWN(V138,0)=0,ROUNDDOWN(W138,0)=0,ROUNDDOWN(X138,0)=0,ROUNDDOWN(Y138,0)=0,ROUNDDOWN(Z138,0)=0,ROUNDDOWN(AA138,0)=0,ROUNDDOWN(AB138,0)=0,ROUNDDOWN(AC138,0)=0,ROUNDDOWN(AD138,0)=0,ROUNDDOWN(AE138,0)=0,ROUNDDOWN(AF138,0)=0,ROUNDDOWN(AG138,0)=0),"PASS","FAIL") -> FAIL
A139: # Members | B139: =B51-B95 -> -13829.5 | C139: =C51-C95 -> -13264 | D139: =D51-D95 -> -13298 | E139: =E51-E95 -> -13302 | F139: =F51-F95 -> -13343 | G139: =G51-G95 -> -13435 | H139: =H51-H95 -> -13503 | I139: =I51-I95 -> -13600 | ... N139: =N51-N95 -> -14982 | O139: =IF(AND(ROUNDDOWN(B139,0)=0,ROUNDDOWN(C139,0)=0,ROUNDDOWN(D139,0)=0,ROUNDDOWN(E139,0)=0,ROUNDDOWN(F139,0)=0,ROUNDDOWN(G139,0)=0,ROUNDDOWN(H139,0)=0,ROUNDDOWN(I139,0)=0,ROUNDDOWN(J139,0)=0,ROUNDDOWN(K139,0)=0,ROUNDDOWN(L139,0)=0,ROUNDDOWN(M139,0)=0,ROUNDDOWN(N139,0)=0),"PASS","FAIL") -> FAIL | S139: # Members | T139: =T51-T95 -> -13829.5 | U139: =U51-U95 -> -13264 | V139: =V51-V95 -> -13298 | W139: =W51-W95 -> -13302 | X139: =X51-X95 -> -13343 | Y139: =Y51-Y95 -> -13435 | Z139: =Z51-Z95 -> -13503 | AA139: =AA51-AA95 -> -13600 | ... AF139: =AF51-AF95 -> -14982 | AG139: 0 | AH139: =IF(AND(ROUNDDOWN(T139,0)=0,ROUNDDOWN(U139,0)=0,ROUNDDOWN(V139,0)=0,ROUNDDOWN(W139,0)=0,ROUNDDOWN(X139,0)=0,ROUNDDOWN(Y139,0)=0,ROUNDDOWN(Z139,0)=0,ROUNDDOWN(AA139,0)=0,ROUNDDOWN(AB139,0)=0,ROUNDDOWN(AC139,0)=0,ROUNDDOWN(AD139,0)=0,ROUNDDOWN(AE139,0)=0,ROUNDDOWN(AF139,0)=0,ROUNDDOWN(AG139,0)=0),"PASS","FAIL") -> FAIL
A140: Avg Age | B140: =B52-B96 -> -38.65 | C140: =C52-C96 -> -39.06 | D140: =D52-D96 -> -39.04 | E140: =E52-E96 -> -38.98 | F140: =F52-F96 -> -38.93 | G140: =G52-G96 -> -38.85 | H140: =H52-H96 -> -38.8 | I140: =I52-I96 -> -38.74 | ... N140: =N52-N96 -> -38.06 | O140: =IF(AND(ROUNDDOWN(B140,0)=0,ROUNDDOWN(C140,0)=0,ROUNDDOWN(D140,0)=0,ROUNDDOWN(E140,0)=0,ROUNDDOWN(F140,0)=0,ROUNDDOWN(G140,0)=0,ROUNDDOWN(H140,0)=0,ROUNDDOWN(I140,0)=0,ROUNDDOWN(J140,0)=0,ROUNDDOWN(K140,0)=0,ROUNDDOWN(L140,0)=0,ROUNDDOWN(M140,0)=0,ROUNDDOWN(N140,0)=0),"PASS","FAIL") -> FAIL | S140: Avg Age | T140: =T52-T96 -> -38.65 | U140: =U52-U96 -> -39.06 | V140: =V52-V96 -> -39.04 | W140: =W52-W96 -> -38.98 | X140: =X52-X96 -> -38.93 | Y140: =Y52-Y96 -> -38.85 | Z140: =Z52-Z96 -> -38.8 | AA140: =AA52-AA96 -> -38.74 | ... AF140: =AF52-AF96 -> -38.06 | AG140: =AG8-AG60 -> 0 | AH140: =IF(AND(ROUNDDOWN(T140,0)=0,ROUNDDOWN(U140,0)=0,ROUNDDOWN(V140,0)=0,ROUNDDOWN(W140,0)=0,ROUNDDOWN(X140,0)=0,ROUNDDOWN(Y140,0)=0,ROUNDDOWN(Z140,0)=0,ROUNDDOWN(AA140,0)=0,ROUNDDOWN(AB140,0)=0,ROUNDDOWN(AC140,0)=0,ROUNDDOWN(AD140,0)=0,ROUNDDOWN(AE140,0)=0,ROUNDDOWN(AF140,0)=0,ROUNDDOWN(AG140,0)=0),"PASS","FAIL") -> FAIL
A141: Avg Family Size | B141: =B53-B97 -> -1.96 | C141: =C53-C97 -> -1.96 | D141: =D53-D97 -> -1.96 | E141: =E53-E97 -> -1.96 | F141: =F53-F97 -> -1.96 | G141: =G53-G97 -> -1.96 | H141: =H53-H97 -> -1.96 | I141: =I53-I97 -> -1.96 | ... N141: =N53-N97 -> -1.96 | O141: =IF(AND(ROUNDDOWN(B141,0)=0,ROUNDDOWN(C141,0)=0,ROUNDDOWN(D141,0)=0,ROUNDDOWN(E141,0)=0,ROUNDDOWN(F141,0)=0,ROUNDDOWN(G141,0)=0,ROUNDDOWN(H141,0)=0,ROUNDDOWN(I141,0)=0,ROUNDDOWN(J141,0)=0,ROUNDDOWN(K141,0)=0,ROUNDDOWN(L141,0)=0,ROUNDDOWN(M141,0)=0,ROUNDDOWN(N141,0)=0),"PASS","FAIL") -> FAIL | S141: Avg Family Size | T141: =T53-T97 -> -1.96 | U141: =U53-U97 -> -1.96 | V141: =V53-V97 -> -1.96 | W141: =W53-W97 -> -1.96 | X141: =X53-X97 -> -1.96 | Y141: =Y53-Y97 -> -1.96 | Z141: =Z53-Z97 -> -1.96 | AA141: =AA53-AA97 -> -1.96 | ... AF141: =AF53-AF97 -> -1.96 | AG141: =AG9-AG61 -> 0 | AH141: =IF(AND(ROUNDDOWN(T141,0)=0,ROUNDDOWN(U141,0)=0,ROUNDDOWN(V141,0)=0,ROUNDDOWN(W141,0)=0,ROUNDDOWN(X141,0)=0,ROUNDDOWN(Y141,0)=0,ROUNDDOWN(Z141,0)=0,ROUNDDOWN(AA141,0)=0,ROUNDDOWN(AB141,0)=0,ROUNDDOWN(AC141,0)=0,ROUNDDOWN(AD141,0)=0,ROUNDDOWN(AE141,0)=0,ROUNDDOWN(AF141,0)=0,ROUNDDOWN(AG141,0)=0),"PASS","FAIL") -> FAIL
A142: Gender Mix (% of Female) | B142: =B54-B98 -> -0.5585 | C142: =C54-C98 -> -0.5591 | D142: =D54-D98 -> -0.5589 | E142: =E54-E98 -> -0.5589 | F142: =F54-F98 -> -0.5589 | G142: =G54-G98 -> -0.5575 | H142: =H54-H98 -> -0.5572 | I142: =I54-I98 -> -0.557 | ... N142: =N54-N98 -> -0.5595 | O142: =IF(AND(ROUNDDOWN(B142,0)=0,ROUNDDOWN(C142,0)=0,ROUNDDOWN(D142,0)=0,ROUNDDOWN(E142,0)=0,ROUNDDOWN(F142,0)=0,ROUNDDOWN(G142,0)=0,ROUNDDOWN(H142,0)=0,ROUNDDOWN(I142,0)=0,ROUNDDOWN(J142,0)=0,ROUNDDOWN(K142,0)=0,ROUNDDOWN(L142,0)=0,ROUNDDOWN(M142,0)=0,ROUNDDOWN(N142,0)=0),"PASS","FAIL") -> PASS | S142: Gender Mix (% of Female) | T142: =T54-T98 -> -0.5585 | U142: =U54-U98 -> -0.5591 | V142: =V54-V98 -> -0.5589 | W142: =W54-W98 -> -0.5589 | X142: =X54-X98 -> -0.5589 | Y142: =Y54-Y98 -> -0.5575 | Z142: =Z54-Z98 -> -0.5572 | AA142: =AA54-AA98 -> -0.557 | ... AF142: =AF54-AF98 -> -0.5595 | AG142: =AG10-AG62 -> 0 | AH142: =IF(AND(ROUNDDOWN(T142,0)=0,ROUNDDOWN(U142,0)=0,ROUNDDOWN(V142,0)=0,ROUNDDOWN(W142,0)=0,ROUNDDOWN(X142,0)=0,ROUNDDOWN(Y142,0)=0,ROUNDDOWN(Z142,0)=0,ROUNDDOWN(AA142,0)=0,ROUNDDOWN(AB142,0)=0,ROUNDDOWN(AC142,0)=0,ROUNDDOWN(AD142,0)=0,ROUNDDOWN(AE142,0)=0,ROUNDDOWN(AF142,0)=0,ROUNDDOWN(AG142,0)=0),"PASS","FAIL") -> PASS
A143: # Claimants | B143: =B55-B99 -> -5368.67 | C143: =C55-C99 -> -5557 | D143: =D55-D99 -> -5253 | E143: =E55-E99 -> -5346 | F143: =F55-F99 -> -5157 | G143: =G55-G99 -> -5350 | H143: =H55-H99 -> -5433 | I143: =I55-I99 -> -5332 | ... N143: =N55-N99 -> -5488 | O143: =IF(AND(ROUNDDOWN(B143,0)=0,ROUNDDOWN(C143,0)=0,ROUNDDOWN(D143,0)=0,ROUNDDOWN(E143,0)=0,ROUNDDOWN(F143,0)=0,ROUNDDOWN(G143,0)=0,ROUNDDOWN(H143,0)=0,ROUNDDOWN(I143,0)=0,ROUNDDOWN(J143,0)=0,ROUNDDOWN(K143,0)=0,ROUNDDOWN(L143,0)=0,ROUNDDOWN(M143,0)=0,ROUNDDOWN(N143,0)=0),"PASS","FAIL") -> FAIL | S143: # Claimants | T143: =T55-T99 -> -5198.08 | U143: =U55-U99 -> -4968 | V143: =V55-V99 -> -5248 | W143: =W55-W99 -> -5315 | X143: =X55-X99 -> -5083 | Y143: =Y55-Y99 -> -5066 | Z143: =Z55-Z99 -> -5070 | AA143: =AA55-AA99 -> -4908 | ... AF143: =AF55-AF99 -> -5163 | AG143: =AG11-AG63 -> 0 | AH143: =IF(AND(ROUNDDOWN(T143,0)=0,ROUNDDOWN(U143,0)=0,ROUNDDOWN(V143,0)=0,ROUNDDOWN(W143,0)=0,ROUNDDOWN(X143,0)=0,ROUNDDOWN(Y143,0)=0,ROUNDDOWN(Z143,0)=0,ROUNDDOWN(AA143,0)=0,ROUNDDOWN(AB143,0)=0,ROUNDDOWN(AC143,0)=0,ROUNDDOWN(AD143,0)=0,ROUNDDOWN(AE143,0)=0,ROUNDDOWN(AF143,0)=0,ROUNDDOWN(AG143,0)=0),"PASS","FAIL") -> FAIL
A144: # Claims | B144: =B56-B100 -> -15686.2 | C144: =C56-C100 -> -16689 | D144: =D56-D100 -> -14835 | E144: =E56-E100 -> -16032 | F144: =F56-F100 -> -14623 | G144: =G56-G100 -> -15596 | H144: =H56-H100 -> -16282 | I144: =I56-I100 -> -15620 | ... N144: =N56-N100 -> -15638 | O144: =IF(AND(ROUNDDOWN(B144,0)=0,ROUNDDOWN(C144,0)=0,ROUNDDOWN(D144,0)=0,ROUNDDOWN(E144,0)=0,ROUNDDOWN(F144,0)=0,ROUNDDOWN(G144,0)=0,ROUNDDOWN(H144,0)=0,ROUNDDOWN(I144,0)=0,ROUNDDOWN(J144,0)=0,ROUNDDOWN(K144,0)=0,ROUNDDOWN(L144,0)=0,ROUNDDOWN(M144,0)=0,ROUNDDOWN(N144,0)=0),"PASS","FAIL") -> FAIL | S144: # Scripts | T144: =T56-T100 -> -13286.92 | U144: =U56-U100 -> -12171 | V144: =V56-V100 -> -13253 | W144: =W56-W100 -> -14249 | X144: =X56-X100 -> -12894 | Y144: =Y56-Y100 -> -12597 | Z144: =Z56-Z100 -> -13653 | AA144: =AA56-AA100 -> -12286 | ... AF144: =AF56-AF100 -> -12906 | AG144: =AG12-AG64 -> 0 | AH144: =IF(AND(ROUNDDOWN(T144,0)=0,ROUNDDOWN(U144,0)=0,ROUNDDOWN(V144,0)=0,ROUNDDOWN(W144,0)=0,ROUNDDOWN(X144,0)=0,ROUNDDOWN(Y144,0)=0,ROUNDDOWN(Z144,0)=0,ROUNDDOWN(AA144,0)=0,ROUNDDOWN(AB144,0)=0,ROUNDDOWN(AC144,0)=0,ROUNDDOWN(AD144,0)=0,ROUNDDOWN(AE144,0)=0,ROUNDDOWN(AF144,0)=0,ROUNDDOWN(AG144,0)=0),"PASS","FAIL") -> FAIL
A145: Total Dollars (in thousands) | B145: =B57-B101 -> -3732.12 | C145: =C57-C101 -> -3299.39 | D145: =D57-D101 -> -3380.16 | E145: =E57-E101 -> -3604.4 | F145: =F57-F101 -> -3147.61 | G145: =G57-G101 -> -3984.17 | H145: =H57-H101 -> -3834.92 | I145: =I57-I101 -> -3969.4 | ... N145: =N57-N101 -> -3844.93 | O145: =IF(AND(ROUNDDOWN(B145,0)=0,ROUNDDOWN(C145,0)=0,ROUNDDOWN(D145,0)=0,ROUNDDOWN(E145,0)=0,ROUNDDOWN(F145,0)=0,ROUNDDOWN(G145,0)=0,ROUNDDOWN(H145,0)=0,ROUNDDOWN(I145,0)=0,ROUNDDOWN(J145,0)=0,ROUNDDOWN(K145,0)=0,ROUNDDOWN(L145,0)=0,ROUNDDOWN(M145,0)=0,ROUNDDOWN(N145,0)=0),"PASS","FAIL") -> FAIL | S145: Employer Cost (in thousands) | T145: =T57-T101 -> -1451.44 | U145: =U57-U101 -> -1122.31 | V145: =V57-V101 -> -1441.78 | W145: =W57-W101 -> -1572.82 | X145: =X57-X101 -> -1498.97 | Y145: =Y57-Y101 -> -1595.09 | Z145: =Z57-Z101 -> -1549.74 | AA145: =AA57-AA101 -> -1382.51 | ... AF145: =AF57-AF101 -> -1403.46 | AG145: =AG13-AG65 -> 0 | AH145: =IF(AND(ROUNDDOWN(T145,0)=0,ROUNDDOWN(U145,0)=0,ROUNDDOWN(V145,0)=0,ROUNDDOWN(W145,0)=0,ROUNDDOWN(X145,0)=0,ROUNDDOWN(Y145,0)=0,ROUNDDOWN(Z145,0)=0,ROUNDDOWN(AA145,0)=0,ROUNDDOWN(AB145,0)=0,ROUNDDOWN(AC145,0)=0,ROUNDDOWN(AD145,0)=0,ROUNDDOWN(AE145,0)=0,ROUNDDOWN(AF145,0)=0,ROUNDDOWN(AG145,0)=0),"PASS","FAIL") -> FAIL
A146: Actual PEPM | B146: =B58-B102 -> -528.898 | C146: =C58-C102 -> -487.354 | D146: =D58-D102 -> -497.814 | E146: =E58-E102 -> -530.683 | F146: =F58-F102 -> -462.476 | G146: =G58-G102 -> -580.952 | H146: =H58-H102 -> -556.188 | I146: =I58-I102 -> -572.125 | ... N146: =N58-N102 -> -503.857 | O146: =IF(AND(ROUNDDOWN(B146,0)=0,ROUNDDOWN(C146,0)=0,ROUNDDOWN(D146,0)=0,ROUNDDOWN(E146,0)=0,ROUNDDOWN(F146,0)=0,ROUNDDOWN(G146,0)=0,ROUNDDOWN(H146,0)=0,ROUNDDOWN(I146,0)=0,ROUNDDOWN(J146,0)=0,ROUNDDOWN(K146,0)=0,ROUNDDOWN(L146,0)=0,ROUNDDOWN(M146,0)=0,ROUNDDOWN(N146,0)=0),"PASS","FAIL") -> FAIL | S146: Actual PEPM | T146: =T58-T102 -> -205.691 | U146: =U58-U102 -> -165.777 | V146: =V58-V102 -> -212.339 | W146: =W58-W102 -> -231.57 | X146: =X58-X102 -> -220.242 | Y146: =Y58-Y102 -> -232.588 | Z146: =Z58-Z102 -> -224.763 | AA146: =AA58-AA102 -> -199.266 | ... AF146: =AF58-AF102 -> -183.916 | AG146: =AG14-AG66 -> 0 | AH146: =IF(AND(ROUNDDOWN(T146,0)=0,ROUNDDOWN(U146,0)=0,ROUNDDOWN(V146,0)=0,ROUNDDOWN(W146,0)=0,ROUNDDOWN(X146,0)=0,ROUNDDOWN(Y146,0)=0,ROUNDDOWN(Z146,0)=0,ROUNDDOWN(AA146,0)=0,ROUNDDOWN(AB146,0)=0,ROUNDDOWN(AC146,0)=0,ROUNDDOWN(AD146,0)=0,ROUNDDOWN(AE146,0)=0,ROUNDDOWN(AF146,0)=0,ROUNDDOWN(AG146,0)=0),"PASS","FAIL") -> FAIL
A147: Actual PMPM | B147: =B59-B103 -> -269.87 | C147: =C59-C103 -> -248.75 | D147: =D59-D103 -> -254.19 | E147: =E59-E103 -> -270.97 | F147: =F59-F103 -> -235.9 | G147: =G59-G103 -> -296.55 | H147: =H59-H103 -> -284.01 | I147: =I59-I103 -> -291.87 | ... N147: =N59-N103 -> -256.64 | O147: =IF(AND(ROUNDDOWN(B147,0)=0,ROUNDDOWN(C147,0)=0,ROUNDDOWN(D147,0)=0,ROUNDDOWN(E147,0)=0,ROUNDDOWN(F147,0)=0,ROUNDDOWN(G147,0)=0,ROUNDDOWN(H147,0)=0,ROUNDDOWN(I147,0)=0,ROUNDDOWN(J147,0)=0,ROUNDDOWN(K147,0)=0,ROUNDDOWN(L147,0)=0,ROUNDDOWN(M147,0)=0,ROUNDDOWN(N147,0)=0),"PASS","FAIL") -> FAIL | S147: Actual PMPM | T147: =T59-T103 -> -104.95 | U147: =U59-U103 -> -84.61 | V147: =V59-V103 -> -108.42 | W147: =W59-W103 -> -118.24 | X147: =X59-X103 -> -112.34 | Y147: =Y59-Y103 -> -118.73 | Z147: =Z59-Z103 -> -114.77 | AA147: =AA59-AA103 -> -101.66 | ... AF147: =AF59-AF103 -> -93.68 | AG147: =AG15-AG67 -> 0 | AH147: =IF(AND(ROUNDDOWN(T147,0)=0,ROUNDDOWN(U147,0)=0,ROUNDDOWN(V147,0)=0,ROUNDDOWN(W147,0)=0,ROUNDDOWN(X147,0)=0,ROUNDDOWN(Y147,0)=0,ROUNDDOWN(Z147,0)=0,ROUNDDOWN(AA147,0)=0,ROUNDDOWN(AB147,0)=0,ROUNDDOWN(AC147,0)=0,ROUNDDOWN(AD147,0)=0,ROUNDDOWN(AE147,0)=0,ROUNDDOWN(AF147,0)=0,ROUNDDOWN(AG147,0)=0),"PASS","FAIL") -> FAIL
A148: Avg. claims/member | B148: =B60-B104 -> -1.13 | C148: =C60-C104 -> -1.26 | D148: =D60-D104 -> -1.12 | E148: =E60-E104 -> -1.21 | F148: =F60-F104 -> -1.1 | G148: =G60-G104 -> -1.16 | H148: =H60-H104 -> -1.21 | I148: =I60-I104 -> -1.15 | ... N148: =N60-N104 -> -1.04 | O148: =IF(AND(ROUNDDOWN(B148,0)=0,ROUNDDOWN(C148,0)=0,ROUNDDOWN(D148,0)=0,ROUNDDOWN(E148,0)=0,ROUNDDOWN(F148,0)=0,ROUNDDOWN(G148,0)=0,ROUNDDOWN(H148,0)=0,ROUNDDOWN(I148,0)=0,ROUNDDOWN(J148,0)=0,ROUNDDOWN(K148,0)=0,ROUNDDOWN(L148,0)=0,ROUNDDOWN(M148,0)=0,ROUNDDOWN(N148,0)=0),"PASS","FAIL") -> FAIL | S148: # of Rx Claims PMPM | T148: =T60-T104 -> -0.96 | U148: =U60-U104 -> -1.11 | V148: =V60-V104 -> -0.96 | W148: =W60-W104 -> -1.14 | X148: =X60-X104 -> -0.96 | Y148: =Y60-Y104 -> -0.91 | Z148: =Z60-Z104 -> -1.01 | AA148: =AA60-AA104 -> -0.93 | ... AF148: =AF60-AF104 -> -0.86 | AG148: =AG16-AG68 -> 0 | AH148: =IF(AND(ROUNDDOWN(T148,0)=0,ROUNDDOWN(U148,0)=0,ROUNDDOWN(V148,0)=0,ROUNDDOWN(W148,0)=0,ROUNDDOWN(X148,0)=0,ROUNDDOWN(Y148,0)=0,ROUNDDOWN(Z148,0)=0,ROUNDDOWN(AA148,0)=0,ROUNDDOWN(AB148,0)=0,ROUNDDOWN(AC148,0)=0,ROUNDDOWN(AD148,0)=0,ROUNDDOWN(AE148,0)=0,ROUNDDOWN(AF148,0)=0,ROUNDDOWN(AG148,0)=0),"PASS","FAIL") -> FAIL
A149: Avg. lines/member | B149: =B61-B105 -> -2.8 | C149: =C61-C105 -> -2.92 | D149: =D61-D105 -> -2.6 | E149: =E61-E105 -> -2.96 | F149: =F61-F105 -> -2.57 | G149: =G61-G105 -> -2.92 | H149: =H61-H105 -> -2.98 | I149: =I61-I105 -> -3.01 | ... N149: =N61-N105 -> -2.57 | O149: =IF(AND(ROUNDDOWN(B149,0)=0,ROUNDDOWN(C149,0)=0,ROUNDDOWN(D149,0)=0,ROUNDDOWN(E149,0)=0,ROUNDDOWN(F149,0)=0,ROUNDDOWN(G149,0)=0,ROUNDDOWN(H149,0)=0,ROUNDDOWN(I149,0)=0,ROUNDDOWN(J149,0)=0,ROUNDDOWN(K149,0)=0,ROUNDDOWN(L149,0)=0,ROUNDDOWN(M149,0)=0,ROUNDDOWN(N149,0)=0),"PASS","FAIL") -> FAIL | S149: % of claimants to members | T149: =T61-T105 -> -0.3759 | U149: =U61-U105 -> -0.4128 | V149: =V61-V105 -> -0.3897 | W149: =W61-W105 -> -0.4385 | X149: =X61-X105 -> -0.3796 | Y149: =Y61-Y105 -> -0.3653 | Z149: =Z61-Z105 -> -0.3755 | AA149: =AA61-AA105 -> -0.3725 | ... AF149: =AF61-AF105 -> -0.3446 | AG149: =AG17-AG69 -> 0 | AH149: =IF(AND(ROUNDDOWN(T149,0)=0,ROUNDDOWN(U149,0)=0,ROUNDDOWN(V149,0)=0,ROUNDDOWN(W149,0)=0,ROUNDDOWN(X149,0)=0,ROUNDDOWN(Y149,0)=0,ROUNDDOWN(Z149,0)=0,ROUNDDOWN(AA149,0)=0,ROUNDDOWN(AB149,0)=0,ROUNDDOWN(AC149,0)=0,ROUNDDOWN(AD149,0)=0,ROUNDDOWN(AE149,0)=0,ROUNDDOWN(AF149,0)=0,ROUNDDOWN(AG149,0)=0),"PASS","FAIL") -> PASS
A150: % of claimants to members | B150: =B62-B106 -> -0.3882 | C150: =C62-C106 -> -0.419 | D150: =D62-D106 -> -0.395 | E150: =E62-E106 -> -0.4019 | F150: =F62-F106 -> -0.3865 | G150: =G62-G106 -> -0.3982 | H150: =H62-H106 -> -0.4024 | I150: =I62-I106 -> -0.3921 | ... N150: =N62-N106 -> -0.3663 | O150: =IF(AND(ROUNDDOWN(B150,0)=0,ROUNDDOWN(C150,0)=0,ROUNDDOWN(D150,0)=0,ROUNDDOWN(E150,0)=0,ROUNDDOWN(F150,0)=0,ROUNDDOWN(G150,0)=0,ROUNDDOWN(H150,0)=0,ROUNDDOWN(I150,0)=0,ROUNDDOWN(J150,0)=0,ROUNDDOWN(K150,0)=0,ROUNDDOWN(L150,0)=0,ROUNDDOWN(M150,0)=0,ROUNDDOWN(N150,0)=0),"PASS","FAIL") -> PASS | S150: Avg. script cost | T150: =T62-T106 -> -109.24 | U150: =U62-U106 -> -92.21 | V150: =V62-V106 -> -108.79 | W150: =W62-W106 -> -110.38 | X150: =X62-X106 -> -116.25 | Y150: =Y62-Y106 -> -126.62 | Z150: =Z62-Z106 -> -113.51 | AA150: =AA62-AA106 -> -112.53 | ... AF150: =AF62-AF106 -> -108.74 | AG150: =AG18-AG70 -> 0 | AH150: =IF(AND(ROUNDDOWN(T150,0)=0,ROUNDDOWN(U150,0)=0,ROUNDDOWN(V150,0)=0,ROUNDDOWN(W150,0)=0,ROUNDDOWN(X150,0)=0,ROUNDDOWN(Y150,0)=0,ROUNDDOWN(Z150,0)=0,ROUNDDOWN(AA150,0)=0,ROUNDDOWN(AB150,0)=0,ROUNDDOWN(AC150,0)=0,ROUNDDOWN(AD150,0)=0,ROUNDDOWN(AE150,0)=0,ROUNDDOWN(AF150,0)=0,ROUNDDOWN(AG150,0)=0),"PASS","FAIL") -> FAIL
A151: Avg. turnaround incurred to paid | B151: =B63-B107 -> -112.11 | C151: =C63-C107 -> -101.44 | D151: =D63-D107 -> -104.22 | E151: =E63-E107 -> -139.93 | F151: =F63-F107 -> -114.04 | G151: =G63-G107 -> -115.91 | H151: =H63-H107 -> -109.25 | I151: =I63-I107 -> -103 | ... N151: =N63-N107 -> -114.47 | O151: =IF(AND(ROUNDDOWN(B151,0)=0,ROUNDDOWN(C151,0)=0,ROUNDDOWN(D151,0)=0,ROUNDDOWN(E151,0)=0,ROUNDDOWN(F151,0)=0,ROUNDDOWN(G151,0)=0,ROUNDDOWN(H151,0)=0,ROUNDDOWN(I151,0)=0,ROUNDDOWN(J151,0)=0,ROUNDDOWN(K151,0)=0,ROUNDDOWN(L151,0)=0,ROUNDDOWN(M151,0)=0,ROUNDDOWN(N151,0)=0),"PASS","FAIL") -> FAIL | S151: Avg. scripts/claimant | T151: =T63-T107 -> -2.56 | U151: =U63-U107 -> -2.45 | V151: =V63-V107 -> -2.53 | W151: =W63-W107 -> -2.68 | X151: =X63-X107 -> -2.54 | Y151: =Y63-Y107 -> -2.49 | Z151: =Z63-Z107 -> -2.69 | AA151: =AA63-AA107 -> -2.5 | ... AF151: =AF63-AF107 -> -2.5 | AG151: =AG19-AG71 -> 0 | AH151: =IF(AND(ROUNDDOWN(T151,0)=0,ROUNDDOWN(U151,0)=0,ROUNDDOWN(V151,0)=0,ROUNDDOWN(W151,0)=0,ROUNDDOWN(X151,0)=0,ROUNDDOWN(Y151,0)=0,ROUNDDOWN(Z151,0)=0,ROUNDDOWN(AA151,0)=0,ROUNDDOWN(AB151,0)=0,ROUNDDOWN(AC151,0)=0,ROUNDDOWN(AD151,0)=0,ROUNDDOWN(AE151,0)=0,ROUNDDOWN(AF151,0)=0,ROUNDDOWN(AG151,0)=0),"PASS","FAIL") -> FAIL
... A157: Avg Cost/claimants | B157: =B69-B113 -> -7.22 | C157: =C69-C113 -> -6.96 | D157: =D69-D113 -> -6.57 | E157: =E69-E113 -> -7.36 | F157: =F69-F113 -> -6.66 | G157: =G69-G113 -> -7.33 | H157: =H69-H113 -> -7.41 | I157: =I69-I113 -> -7.69 | ... N157: =N69-N113 -> -7.01 | O157: =IF(AND(ROUNDDOWN(B157,0)=0,ROUNDDOWN(C157,0)=0,ROUNDDOWN(D157,0)=0,ROUNDDOWN(E157,0)=0,ROUNDDOWN(F157,0)=0,ROUNDDOWN(G157,0)=0,ROUNDDOWN(H157,0)=0,ROUNDDOWN(I157,0)=0,ROUNDDOWN(J157,0)=0,ROUNDDOWN(K157,0)=0,ROUNDDOWN(L157,0)=0,ROUNDDOWN(M157,0)=0,ROUNDDOWN(N157,0)=0),"PASS","FAIL") -> FAIL | S157: Total Deductible | T157: =T69-T113 -> -1540.49 | U157: =U69-U113 -> -1201.69 | V157: =V69-V113 -> -1533.74 | W157: =W69-W113 -> -1663.38 | X157: =X69-X113 -> -1586.83 | Y157: =Y69-Y113 -> -1684.39 | Z157: =Z69-Z113 -> -1637.01 | AA157: =AA69-AA113 -> -1471.77 | ... AF157: =AF69-AF113 -> -1495.19 | AG157: =AG25-AG77 -> 0 | AH157: =IF(AND(ROUNDDOWN(T157,0)=0,ROUNDDOWN(U157,0)=0,ROUNDDOWN(V157,0)=0,ROUNDDOWN(W157,0)=0,ROUNDDOWN(X157,0)=0,ROUNDDOWN(Y157,0)=0,ROUNDDOWN(Z157,0)=0,ROUNDDOWN(AA157,0)=0,ROUNDDOWN(AB157,0)=0,ROUNDDOWN(AC157,0)=0,ROUNDDOWN(AD157,0)=0,ROUNDDOWN(AE157,0)=0,ROUNDDOWN(AF157,0)=0,ROUNDDOWN(AG157,0)=0),"PASS","FAIL") -> FAIL
A158: Avg Lines/claimants | B158: =B70-B114 -> -0.9972 | C158: =C70-C114 -> -0.9433 | D158: =D70-D114 -> -1.0042 | E158: =E70-E114 -> -1.0411 | F158: =F70-F114 -> -1.011 | G158: =G70-G114 -> -0.993 | H158: =H70-H114 -> -0.9963 | I158: =I70-I114 -> -0.9957 | ... N158: =N70-N114 -> -0.9955 | O158: =IF(AND(ROUNDDOWN(B158,0)=0,ROUNDDOWN(C158,0)=0,ROUNDDOWN(D158,0)=0,ROUNDDOWN(E158,0)=0,ROUNDDOWN(F158,0)=0,ROUNDDOWN(G158,0)=0,ROUNDDOWN(H158,0)=0,ROUNDDOWN(I158,0)=0,ROUNDDOWN(J158,0)=0,ROUNDDOWN(K158,0)=0,ROUNDDOWN(L158,0)=0,ROUNDDOWN(M158,0)=0,ROUNDDOWN(N158,0)=0),"PASS","FAIL") -> FAIL | S158: Total Cost (in thousands) | T158: 0 | U158: =U70-U114 -> -0.0661 | V158: =V70-V114 -> -0.06 | W158: =W70-W114 -> -0.0544 | X158: =X70-X114 -> -0.0586 | Y158: =Y70-Y114 -> -0.053 | Z158: =Z70-Z114 -> -0.0533 | AA158: =AA70-AA114 -> -0.0606 | AB158: =AB70-AB114 -> -0.0622 | ... AF158: =AF70-AF114 -> -0.0614 | AG158: =AG26-AG78 -> 0 | AH158: =IF(AND(ROUNDDOWN(T158,0)=0,ROUNDDOWN(U158,0)=0,ROUNDDOWN(V158,0)=0,ROUNDDOWN(W158,0)=0,ROUNDDOWN(X158,0)=0,ROUNDDOWN(Y158,0)=0,ROUNDDOWN(Z158,0)=0,ROUNDDOWN(AA158,0)=0,ROUNDDOWN(AB158,0)=0,ROUNDDOWN(AC158,0)=0,ROUNDDOWN(AD158,0)=0,ROUNDDOWN(AE158,0)=0,ROUNDDOWN(AF158,0)=0,ROUNDDOWN(AG158,0)=0),"PASS","FAIL") -> PASS
A159: % In Paid In-Network (Facility) | B159: =B71-B115 -> -0.9344 | C159: =C71-C115 -> -0.954 | D159: =D71-D115 -> -0.9638 | E159: =E71-E115 -> -0.9521 | F159: =F71-F115 -> -0.9496 | G159: =G71-G115 -> -0.9302 | H159: =H71-H115 -> -0.9337 | I159: =I71-I115 -> -0.9146 | ... N159: =N71-N115 -> -0.9206 | O159: =IF(AND(ROUNDDOWN(B159,0)=0,ROUNDDOWN(C159,0)=0,ROUNDDOWN(D159,0)=0,ROUNDDOWN(E159,0)=0,ROUNDDOWN(F159,0)=0,ROUNDDOWN(G159,0)=0,ROUNDDOWN(H159,0)=0,ROUNDDOWN(I159,0)=0,ROUNDDOWN(J159,0)=0,ROUNDDOWN(K159,0)=0,ROUNDDOWN(L159,0)=0,ROUNDDOWN(M159,0)=0,ROUNDDOWN(N159,0)=0),"PASS","FAIL") -> PASS | S159: Employee % | T159: =T71-T115 -> -0.9422 | U159: =U71-U115 -> -0.9339 | V159: =V71-V115 -> -0.94 | W159: =W71-W115 -> -0.9456 | X159: =X71-X115 -> -0.9446 | Y159: =Y71-Y115 -> -0.947 | Z159: =Z71-Z115 -> -0.9467 | AA159: =AA71-AA115 -> -0.9394 | ... AF159: =AF71-AF115 -> -0.9386 | AG159: =AG27-AG79 -> 0 | AH159: =IF(AND(ROUNDDOWN(T159,0)=0,ROUNDDOWN(U159,0)=0,ROUNDDOWN(V159,0)=0,ROUNDDOWN(W159,0)=0,ROUNDDOWN(X159,0)=0,ROUNDDOWN(Y159,0)=0,ROUNDDOWN(Z159,0)=0,ROUNDDOWN(AA159,0)=0,ROUNDDOWN(AB159,0)=0,ROUNDDOWN(AC159,0)=0,ROUNDDOWN(AD159,0)=0,ROUNDDOWN(AE159,0)=0,ROUNDDOWN(AF159,0)=0,ROUNDDOWN(AG159,0)=0),"PASS","FAIL") -> PASS
A160: % In Paid In-Network (Professional) | B160: =B72-B116 -> -0.9686 | C160: =C72-C116 -> -0.9487 | D160: =D72-D116 -> -0.9848 | E160: =E72-E116 -> -1.0022 | F160: =F72-F116 -> -0.9817 | G160: =G72-G116 -> -0.9643 | H160: =H72-H116 -> -0.9672 | I160: =I72-I116 -> -0.9591 | ... N160: =N72-N116 -> -0.9608 | O160: =IF(AND(ROUNDDOWN(B160,0)=0,ROUNDDOWN(C160,0)=0,ROUNDDOWN(D160,0)=0,ROUNDDOWN(E160,0)=0,ROUNDDOWN(F160,0)=0,ROUNDDOWN(G160,0)=0,ROUNDDOWN(H160,0)=0,ROUNDDOWN(I160,0)=0,ROUNDDOWN(J160,0)=0,ROUNDDOWN(K160,0)=0,ROUNDDOWN(L160,0)=0,ROUNDDOWN(M160,0)=0,ROUNDDOWN(N160,0)=0),"PASS","FAIL") -> FAIL | S160: Employer % | T160: =T72-T116 -> -0.7582 | U160: =U72-U116 -> -0.7835 | V160: =V72-V116 -> -0.7516 | W160: =W72-W116 -> -0.7688 | X160: =X72-X116 -> -0.7462 | Y160: =Y72-Y116 -> -0.7372 | Z160: =Z72-Z116 -> -0.7649 | AA160: =AA72-AA116 -> -0.7395 | ... AF160: =AF72-AF116 -> -0.7445 | AG160: =AG28-AG80 -> 0 | AH160: =IF(AND(ROUNDDOWN(T160,0)=0,ROUNDDOWN(U160,0)=0,ROUNDDOWN(V160,0)=0,ROUNDDOWN(W160,0)=0,ROUNDDOWN(X160,0)=0,ROUNDDOWN(Y160,0)=0,ROUNDDOWN(Z160,0)=0,ROUNDDOWN(AA160,0)=0,ROUNDDOWN(AB160,0)=0,ROUNDDOWN(AC160,0)=0,ROUNDDOWN(AD160,0)=0,ROUNDDOWN(AE160,0)=0,ROUNDDOWN(AF160,0)=0,ROUNDDOWN(AG160,0)=0),"PASS","FAIL") -> PASS
A161: % In Paid In-Network (Total)% | B161: =B73-B117 -> 0 | C161: =C73-C117 -> 0 | D161: =D73-D117 -> 0 | E161: =E73-E117 -> 0 | F161: =F73-F117 -> 0 | G161: =G73-G117 -> 0 | H161: =H73-H117 -> 0 | I161: =I73-I117 -> 0 | ... N161: =N73-N117 -> 0 | O161: =IF(AND(ROUNDDOWN(B161,0)=0,ROUNDDOWN(C161,0)=0,ROUNDDOWN(D161,0)=0,ROUNDDOWN(E161,0)=0,ROUNDDOWN(F161,0)=0,ROUNDDOWN(G161,0)=0,ROUNDDOWN(H161,0)=0,ROUNDDOWN(I161,0)=0,ROUNDDOWN(J161,0)=0,ROUNDDOWN(K161,0)=0,ROUNDDOWN(L161,0)=0,ROUNDDOWN(M161,0)=0,ROUNDDOWN(N161,0)=0),"PASS","FAIL") -> PASS | S161: Copay Breakdown of Scripts | T161: =T73-T117 -> -0.1297 | U161: =U73-U117 -> -0.112 | V161: =V73-V117 -> -0.1305 | W161: =W73-W117 -> -0.1223 | X161: =X73-X117 -> -0.1377 | Y161: =Y73-Y117 -> -0.143 | Z161: =Z73-Z117 -> -0.127 | AA161: =AA73-AA117 -> -0.1396 | ... AF161: =AF73-AF117 -> -0.142 | AG161: =AG29-AG81 -> 0 | AH161: =IF(AND(ROUNDDOWN(T161,0)=0,ROUNDDOWN(U161,0)=0,ROUNDDOWN(V161,0)=0,ROUNDDOWN(W161,0)=0,ROUNDDOWN(X161,0)=0,ROUNDDOWN(Y161,0)=0,ROUNDDOWN(Z161,0)=0,ROUNDDOWN(AA161,0)=0,ROUNDDOWN(AB161,0)=0,ROUNDDOWN(AC161,0)=0,ROUNDDOWN(AD161,0)=0,ROUNDDOWN(AE161,0)=0,ROUNDDOWN(AF161,0)=0,ROUNDDOWN(AG161,0)=0),"PASS","FAIL") -> PASS
S162: $0.00 - $5.00 | T162: =T74-T118 -> -0.007 | U162: =U74-U118 -> -0.0039 | V162: =V74-V118 -> -0.0075 | W162: =W74-W118 -> -0.0062 | X162: =X74-X118 -> -0.0071 | Y162: =Y74-Y118 -> -0.0085 | Z162: =Z74-Z118 -> -0.0074 | AA162: =AA74-AA118 -> -0.008 | ... AF162: =AF74-AF118 -> -0.0077 | AG162: =AG30-AG82 -> 0 | AH162: =IF(AND(ROUNDDOWN(T162,0)=0,ROUNDDOWN(U162,0)=0,ROUNDDOWN(V162,0)=0,ROUNDDOWN(W162,0)=0,ROUNDDOWN(X162,0)=0,ROUNDDOWN(Y162,0)=0,ROUNDDOWN(Z162,0)=0,ROUNDDOWN(AA162,0)=0,ROUNDDOWN(AB162,0)=0,ROUNDDOWN(AC162,0)=0,ROUNDDOWN(AD162,0)=0,ROUNDDOWN(AE162,0)=0,ROUNDDOWN(AF162,0)=0,ROUNDDOWN(AG162,0)=0),"PASS","FAIL") -> PASS
S163: $5.01 - $10.00 | T163: =T75-T119 -> -0.0039 | U163: =U75-U119 -> -0.0022 | V163: =V75-V119 -> -0.0041 | W163: =W75-W119 -> -0.0042 | X163: =X75-X119 -> -0.0046 | Y163: =Y75-Y119 -> -0.0037 | Z163: =Z75-Z119 -> -0.004 | AA163: =AA75-AA119 -> -0.0046 | ... AF163: =AF75-AF119 -> -0.003 | AG163: =AG31-AG83 -> 0 | AH163: =IF(AND(ROUNDDOWN(T163,0)=0,ROUNDDOWN(U163,0)=0,ROUNDDOWN(V163,0)=0,ROUNDDOWN(W163,0)=0,ROUNDDOWN(X163,0)=0,ROUNDDOWN(Y163,0)=0,ROUNDDOWN(Z163,0)=0,ROUNDDOWN(AA163,0)=0,ROUNDDOWN(AB163,0)=0,ROUNDDOWN(AC163,0)=0,ROUNDDOWN(AD163,0)=0,ROUNDDOWN(AE163,0)=0,ROUNDDOWN(AF163,0)=0,ROUNDDOWN(AG163,0)=0),"PASS","FAIL") -> PASS
S164: $10.01 - $15.00 | T164: =T76-T120 -> -0.0458 | U164: =U76-U120 -> -0.0443 | V164: =V76-V120 -> -0.0484 | W164: =W76-W120 -> -0.0452 | X164: =X76-X120 -> -0.0465 | Y164: =Y76-Y120 -> -0.0471 | Z164: =Z76-Z120 -> -0.0438 | AA164: =AA76-AA120 -> -0.0474 | ... AF164: =AF76-AF120 -> -0.0487 | AG164: =AG32-AG84 -> 0 | AH164: =IF(AND(ROUNDDOWN(T164,0)=0,ROUNDDOWN(U164,0)=0,ROUNDDOWN(V164,0)=0,ROUNDDOWN(W164,0)=0,ROUNDDOWN(X164,0)=0,ROUNDDOWN(Y164,0)=0,ROUNDDOWN(Z164,0)=0,ROUNDDOWN(AA164,0)=0,ROUNDDOWN(AB164,0)=0,ROUNDDOWN(AC164,0)=0,ROUNDDOWN(AD164,0)=0,ROUNDDOWN(AE164,0)=0,ROUNDDOWN(AF164,0)=0,ROUNDDOWN(AG164,0)=0),"PASS","FAIL") -> PASS
S165: $15.01 - $20.00 | T165: =T77-T121 -> -0.0036 | U165: =U77-U121 -> -0.0018 | V165: =V77-V121 -> -0.0038 | W165: =W77-W121 -> -0.0034 | X165: =X77-X121 -> -0.0039 | Y165: =Y77-Y121 -> -0.0036 | Z165: =Z77-Z121 -> -0.0037 | AA165: =AA77-AA121 -> -0.0038 | ... AF165: =AF77-AF121 -> -0.0032 | AG165: =AG33-AG85 -> 0 | AH165: =IF(AND(ROUNDDOWN(T165,0)=0,ROUNDDOWN(U165,0)=0,ROUNDDOWN(V165,0)=0,ROUNDDOWN(W165,0)=0,ROUNDDOWN(X165,0)=0,ROUNDDOWN(Y165,0)=0,ROUNDDOWN(Z165,0)=0,ROUNDDOWN(AA165,0)=0,ROUNDDOWN(AB165,0)=0,ROUNDDOWN(AC165,0)=0,ROUNDDOWN(AD165,0)=0,ROUNDDOWN(AE165,0)=0,ROUNDDOWN(AF165,0)=0,ROUNDDOWN(AG165,0)=0),"PASS","FAIL") -> PASS
S166: $20.01 - $25.00 | T166: =T78-T122 -> -0.0518 | U166: =U78-U122 -> -0.0523 | V166: =V78-V122 -> -0.0541 | W166: =W78-W122 -> -0.0498 | X166: =X78-X122 -> -0.0541 | Y166: =Y78-Y122 -> -0.0571 | Z166: =Z78-Z122 -> -0.0492 | AA166: =AA78-AA122 -> -0.0572 | ... AF166: =AF78-AF122 -> -0.0509 | AG166: =AG34-AG86 -> 0 | AH166: =IF(AND(ROUNDDOWN(T166,0)=0,ROUNDDOWN(U166,0)=0,ROUNDDOWN(V166,0)=0,ROUNDDOWN(W166,0)=0,ROUNDDOWN(X166,0)=0,ROUNDDOWN(Y166,0)=0,ROUNDDOWN(Z166,0)=0,ROUNDDOWN(AA166,0)=0,ROUNDDOWN(AB166,0)=0,ROUNDDOWN(AC166,0)=0,ROUNDDOWN(AD166,0)=0,ROUNDDOWN(AE166,0)=0,ROUNDDOWN(AF166,0)=0,ROUNDDOWN(AG166,0)=0),"PASS","FAIL") -> PASS
S167: $25.01 - $30.00 | T167: =T79-T123 -> -0.2146 | U167: =U79-U123 -> -0.2719 | V167: =V79-V123 -> -0.2025 | W167: =W79-W123 -> -0.1974 | X167: =X79-X123 -> -0.1927 | Y167: =Y79-Y123 -> -0.1984 | Z167: =Z79-Z123 -> -0.1986 | AA167: =AA79-AA123 -> -0.2171 | ... AF167: =AF79-AF123 -> -0.2328 | AG167: =AG35-AG87 -> 0 | AH167: =IF(AND(ROUNDDOWN(T167,0)=0,ROUNDDOWN(U167,0)=0,ROUNDDOWN(V167,0)=0,ROUNDDOWN(W167,0)=0,ROUNDDOWN(X167,0)=0,ROUNDDOWN(Y167,0)=0,ROUNDDOWN(Z167,0)=0,ROUNDDOWN(AA167,0)=0,ROUNDDOWN(AB167,0)=0,ROUNDDOWN(AC167,0)=0,ROUNDDOWN(AD167,0)=0,ROUNDDOWN(AE167,0)=0,ROUNDDOWN(AF167,0)=0,ROUNDDOWN(AG167,0)=0),"PASS","FAIL") -> PASS
...

Sheet Benefit_Categories
A1: Basis: Incurred
A2: Makalu Result (Last Processing)
A3: Category | B3: Reporting Period | F3: Comparison Period
B4: Paid Amount | C4: Paid PMPM | D4: Allowed Amount | E4: Allowed PMPM | F4: Paid Amount | G4: Paid PMPM | H4: Allowed Amount | I4: Allowed PMPM
A15: Makalu Result (Current Processing)
A16: Category | B16: Reporting Period | F16: Comparison Period
B17: Paid Amount | C17: Paid PMPM | D17: Allowed Amount | E17: Allowed PMPM | F17: Paid Amount | G17: Paid PMPM | H17: Allowed Amount | I17: Allowed PMPM
A28: Trending Analysis ( Diff of 10 % is considered for Monthly Clients )
A29: Category | B29: Reporting Period | E29: Comparison Period
B30: Paid Amount | C30: Allowed Amount | D30: Result | E30: Paid Amount | F30: Allowed Amount | G30: Result
A31: Professional Services | B31: =IF(B18=0,0%,(B18-B5)/B18) -> 0 | C31: =IF(C18=0,0%,(C18-C5)/C18) -> 0 | D31: =IF(D18=0,0%,(D18-D5)/D18) -> 0 | E31: =IF(E18=0,0%,(E18-E5)/E18) -> 0 | F31: =IF(F18=0,0%,(F18-F5)/F18) -> 0 | G31: =IF(G18=0,0%,(G18-G5)/G18) -> 0
A32: Hospital Inpatient | B32: =IF(B19=0,0%,(B19-B6)/B19) -> 0 | C32: =IF(C19=0,0%,(C19-C6)/C19) -> 0 | D32: =IF(D19=0,0%,(D19-D6)/D19) -> 0 | E32: =IF(E19=0,0%,(E19-E6)/E19) -> 0 | F32: =IF(F19=0,0%,(F19-F6)/F19) -> 0 | G32: =IF(G19=0,0%,(G19-G6)/G19) -> 0
A33: Hospital Outpatient | B33: =IF(B20=0,0%,(B20-B7)/B20) -> 0 | C33: =IF(C20=0,0%,(C20-C7)/C20) -> 0 | D33: =IF(D20=0,0%,(D20-D7)/D20) -> 0 | E33: =IF(E20=0,0%,(E20-E7)/E20) -> 0 | F33: =IF(F20=0,0%,(F20-F7)/F20) -> 0 | G33: =IF(G20=0,0%,(G20-G7)/G20) -> 0
A34: Pharmacy | B34: =IF(B21=0,0%,(B21-B8)/B21) -> 0 | C34: =IF(C21=0,0%,(C21-C8)/C21) -> 0 | D34: =IF(D21=0,0%,(D21-D8)/D21) -> 0 | E34: =IF(E21=0,0%,(E21-E8)/E21) -> 0 | F34: =IF(F21=0,0%,(F21-F8)/F21) -> 0 | G34: =IF(G21=0,0%,(G21-G8)/G21) -> 0
A35: Emergency Room | B35: =IF(B22=0,0%,(B22-B9)/B22) -> 0 | C35: =IF(C22=0,0%,(C22-C9)/C22) -> 0 | D35: =IF(D22=0,0%,(D22-D9)/D22) -> 0 | E35: =IF(E22=0,0%,(E22-E9)/E22) -> 0 | F35: =IF(F22=0,0%,(F22-F9)/F22) -> 0 | G35: =IF(G22=0,0%,(G22-G9)/G22) -> 0
A36: Lab/X-Ray | B36: =IF(B23=0,0%,(B23-B10)/B23) -> 0 | C36: =IF(C23=0,0%,(C23-C10)/C23) -> 0 | D36: =IF(D23=0,0%,(D23-D10)/D23) -> 0 | E36: =IF(E23=0,0%,(E23-E10)/E23) -> 0 | F36: =IF(F23=0,0%,(F23-F10)/F23) -> 0 | G36: =IF(G23=0,0%,(G23-G10)/G23) -> 0
A37: DME | B37: =IF(B24=0,0%,(B24-B11)/B24) -> 0 | C37: =IF(C24=0,0%,(C24-C11)/C24) -> 0 | D37: =IF(D24=0,0%,(D24-D11)/D24) -> 0 | E37: =IF(E24=0,0%,(E24-E11)/E24) -> 0 | F37: =IF(F24=0,0%,(F24-F11)/F24) -> 0 | G37: =IF(G24=0,0%,(G24-G11)/G24) -> 0
A38: Mental Health/Substance Abuse | B38: =IF(B25=0,0%,(B25-B12)/B25) -> 0 | C38: =IF(C25=0,0%,(C25-C12)/C25) -> 0 | D38: =IF(D25=0,0%,(D25-D12)/D25) -> 0 | E38: =IF(E25=0,0%,(E25-E12)/E25) -> 0 | F38: =IF(F25=0,0%,(F25-F12)/F25) -> 0 | G38: =IF(G25=0,0%,(G25-G12)/G25) -> 0
A39: Others | B39: =IF(B26=0,0%,(B26-B13)/B26) -> 0 | C39: =IF(C26=0,0%,(C26-C13)/C26) -> 0 | D39: =IF(D26=0,0%,(D26-D13)/D26) -> 0 | E39: =IF(E26=0,0%,(E26-E13)/E26) -> 0 | F39: =IF(F26=0,0%,(F26-F13)/F26) -> 0 | G39: =IF(G26=0,0%,(G26-G13)/G26) -> 0

Sheet Top_20_Reports
A1: Testing Environment | B1: Section | C1: Sub-Section | D1: Test Summary | E1: Makalu Test Procedure | G1: Backend Test Procedure | H1: Test Data | I1: Test Result | J1: Related Defects | K1: Remarks
I2: DATE
A3: MSSQL 2008 R2 | B3: Top 20 Reports | C3: Diagnoses | D3: Verify Top 20 Diagnoses | E3: 1) Login to Makalu 2) Click "Dynamic Reports" 3) Select Default values(Basis and Period) 3) Click "Search" 4) Click "Top 20 Reports" | F3: 1) Click "Diagnoses" 2) The Makalu result for both "Reporting Period" and "Comparision Period" can be seen in "T20 Reports Data" tab. | G3: 1) Run the query from following svn path | H3: Top 20 Data'!A1 | I3: Pass
C4: Procedure Group | D4: Verify Top 20 Procedure Group | F4: 1) Click "Procedure Group" 2) The Makalu result for both "Reporting Period" and "Comparision Period" can be seen in "T20 Reports Data" tab. | G4: http://www.deerwalk.com/repos/dwproject/makalu/docs/quality_control/test_cases/data_qc/1MASTER/Automated_Scripts/Care_Analytics/All_IN_ONE_INCURRED_1_8_0.sql | H4: Top 20 Data'!A1 | I4: Pass
C5: Therapeutic Classes | D5: Verify Top 20 Therapeutic Classes | F5: 1) Click Therapeutic Classes" 2) The Makalu resultfor both "Reporting Period" and "Comparision Period" can be seen in "T20 Reports Data" tab. | G5: 2) The backend result for both "Reporting Period" and "Comparision Period" can be seen in "T20 Reports Data" tab. | H5: Top 20 Data'!A1 | I5: Pass
C6: Drugs | D6: Verify Top 20 Drugs | F6: 1) Click "Drugs" 2) The Makalu result for both "Reporting Period" and "Comparision Period" can be seen in "T20 Reports Data" tab. | H6: Top 20 Data'!A1 | I6: Pass
C7: Injectable Drugs | D7: Verify Top 20 Injectable Drugs | F7: 1) Click "Injectable Drugs" 2) The Makalu result for both "Reporting Period" and "Comparision Period" can be seen in "T20 Reports Data" tab. | H7: Top 20 Data'!A1 | I7: Pass
C8: Provider List | D8: Verify Top 20 Provider List | F8: 1) Click "Provider List" 2) The Makalu resultfor both "Reporting Period" and "Comparision Period" can be seen in "T20 Reports Data" tab. | H8: Top 20 Data'!A1 | I8: Pass
C9: Benefit codes | D9: Verify Top 20 Benefit codes | F9: 1) Click "Benefit codes" 2) The Makalu result for both "Reporting Period" and "Comparision Period" can be seen in "T20 Reports Data" tab. | H9: Top 20 Data'!A1 | I9: Pass
C10: Place of service | D10: Verify Top 20 Place of service | F10: 1) Click "Place of service" 2) The Makalu result for both "Reporting Period" and "Comparision Period" can be seen in "T20 Reports Data" tab. | H10: Top 20 Data'!A1 | I10: Pass

Sheet Utilization Metrics
A1: Testing Environment | B1: Section | C1: Sub-Section | D1: Test Summary | E1: Makalu Test Procedure | F1: Backend Test Procedure | G1: Test Data | H1: Test Result | I1: Related Defects | J1: Remarks
H2: 40941
A3: MSSQL 2008 R2 | B3: Utilization Metrics | C3: ER Visits | D3: Verify ER Visits | E3: 1) Login to Makalu 2) Click "Dynamic Reports" 3) Select Default values(Basis and Period) 3) Click "Search" 4) Click "Utilization Metrics" 5) The Makalu resultfor both "Reporting Period" and "Comparision Period" can be seen in "UM Data" tab. | F3: 1)Run the query from following svn path | G3: UM Data'!A1 | H3: Not Tested
C4: Total Office Visits 1) Routine Office Visits 2) Preventive Office Visits 3) Mental Health Office Visits | D4: Verify Total Office Visits | F4: http://www.deerwalk.com/repos/dwproject/makalu/docs/ quality_control/test_cases/data_qc/Testing_Script/UtilizationMetrics.sql | H4: Not Tested
C5: Chiropractic Visits | D5: Verify Chiropractic Visits | F5: 2)The Backend result for both "Reporting Period" and "Comparision Period" can be seen in "UM Data" tab. | H5: Not Tested
C6: Physical Therapy | D6: Verify Physical Therapy | H6: Not Tested
C7: MRI Scan | D7: Verify MRI Scan | H7: Not Tested
C8: CT Scan | D8: Verify CT Scan | H8: Not Tested
C9: Newborn Deliveries 1) Vaginal Delveries 2) C-Section Deliveries | D9: Verify Newborn Deliveries | H9: Not Tested
C10: SNF Days | D10: Verify SNF Days | H10: Not Tested
C11: Inpatient Days | D11: Verify Inpatient Days | H11: Not Tested
C12: Total Admissions 1) Medical Admissions 2) Surgical Admissions 3) Maternity Admissions 4) Mental Health Admissions 5) Substance Abuse Admissions | D12: Verify Total Admissions | H12: Not Tested
C13: Admissions from ER | D13: Verify Admissions from ER | H13: Not Tested
C14: Average Length of Stay | D14: Verify Average Length of Stay | H14: Not Tested
C15: Pharmacy Scripts | D15: Verify Pharmacy Scripts | H15: Not Tested
C16: Pharmacy Scripts Mail Order | D16: Verify Pharmacy Scripts Mail Order | H16: Not Tested
C17: Pharmacy Scripts Brand Drugs | D17: Verify Pharmacy Scripts Brand Drugs | H17: Not Tested

Sheet Top 20 Trending
A1: Basis: Incurred
A2: Makalu Result (Last Processing) | K2: Trending Result
A4: TOP 20 DIAGNOSES DATA
A6: SN | B6: Top 20 Diagnoses | C6: Reporting Period | D6: Reporting PMPM | E6: Comparison Period | F6: Comparison PMPM | G6: % Change | H6: Prior Period Ranking | K6: SN | L6: Top 20 Diagnoses | M6: Reporting Period | N6: Comparison Period | O6: Trending Result
K7: 1 | L7: =IF(EXACT(B7,#REF!),#REF!,"Different Name: "&#REF!) -> #REF! | M7: =IF(D7=0, 0%,(#REF!-D7)/D7) -> 0 | N7: =IF(E7=0, 0%,(#REF!-E7)/E7) -> 0 | O7: =IF(AND(M7<10%,N7<10%,M7>-10%,N7>-10%),"Pass","Fail") -> Pass
K8: 2 | L8: =IF(EXACT(B8,#REF!),#REF!,"Different Name: "&#REF!) -> #REF! | M8: =IF(D8=0, 0%,(#REF!-D8)/D8) -> 0 | N8: =IF(E8=0, 0%,(#REF!-E8)/E8) -> 0 | O8: =IF(AND(M8<10%,N8<10%,M8>-10%,N8>-10%),"Pass","Fail") -> Pass
K9: 3 | L9: =IF(EXACT(B9,#REF!),#REF!,"Different Name: "&#REF!) -> #REF! | M9: =IF(D9=0, 0%,(#REF!-D9)/D9) -> 0 | N9: =IF(E9=0, 0%,(#REF!-E9)/E9) -> 0 | O9: =IF(AND(M9<10%,N9<10%,M9>-10%,N9>-10%),"Pass","Fail") -> Pass
K10: 4 | L10: =IF(EXACT(B10,#REF!),#REF!,"Different Name: "&#REF!) -> #REF! | M10: =IF(D10=0, 0%,(#REF!-D10)/D10) -> 0 | N10: =IF(E10=0, 0%,(#REF!-E10)/E10) -> 0 | O10: =IF(AND(M10<10%,N10<10%,M10>-10%,N10>-10%),"Pass","Fail") -> Pass
K11: 5 | L11: =IF(EXACT(B11,#REF!),#REF!,"Different Name: "&#REF!) -> #REF! | M11: =IF(D11=0, 0%,(#REF!-D11)/D11) -> 0 | N11: =IF(E11=0, 0%,(#REF!-E11)/E11) -> 0 | O11: =IF(AND(M11<10%,N11<10%,M11>-10%,N11>-10%),"Pass","Fail") -> Pass
K12: 6 | L12: =IF(EXACT(B12,#REF!),#REF!,"Different Name: "&#REF!) -> #REF! | M12: =IF(D12=0, 0%,(#REF!-D12)/D12) -> 0 | N12: =IF(E12=0, 0%,(#REF!-E12)/E12) -> 0 | O12: =IF(AND(M12<10%,N12<10%,M12>-10%,N12>-10%),"Pass","Fail") -> Pass
K13: 7 | L13: =IF(EXACT(B13,#REF!),#REF!,"Different Name: "&#REF!) -> #REF! | M13: =IF(D13=0, 0%,(#REF!-D13)/D13) -> 0 | N13: =IF(E13=0, 0%,(#REF!-E13)/E13) -> 0 | O13: =IF(AND(M13<10%,N13<10%,M13>-10%,N13>-10%),"Pass","Fail") -> Pass
K14: 8 | L14: =IF(EXACT(B14,#REF!),#REF!,"Different Name: "&#REF!) -> #REF! | M14: =IF(D14=0, 0%,(#REF!-D14)/D14) -> 0 | N14: =IF(E14=0, 0%,(#REF!-E14)/E14) -> 0 | O14: =IF(AND(M14<10%,N14<10%,M14>-10%,N14>-10%),"Pass","Fail") -> Pass
K15: 9 | L15: =IF(EXACT(B15,#REF!),#REF!,"Different Name: "&#REF!) -> #REF! | M15: =IF(D15=0, 0%,(#REF!-D15)/D15) -> 0 | N15: =IF(E15=0, 0%,(#REF!-E15)/E15) -> 0 | O15: =IF(AND(M15<10%,N15<10%,M15>-10%,N15>-10%),"Pass","Fail") -> Pass
K16: 10 | L16: =IF(EXACT(B16,#REF!),#REF!,"Different Name: "&#REF!) -> #REF! | M16: =IF(D16=0, 0%,(#REF!-D16)/D16) -> 0 | N16: =IF(E16=0, 0%,(#REF!-E16)/E16) -> 0 | O16: =IF(AND(M16<10%,N16<10%,M16>-10%,N16>-10%),"Pass","Fail") -> Pass
K17: 11 | L17: =IF(EXACT(B17,#REF!),#REF!,"Different Name: "&#REF!) -> #REF! | M17: =IF(D17=0, 0%,(#REF!-D17)/D17) -> 0 | N17: =IF(E17=0, 0%,(#REF!-E17)/E17) -> 0 | O17: =IF(AND(M17<10%,N17<10%,M17>-10%,N17>-10%),"Pass","Fail") -> Pass
K18: 12 | L18: =IF(EXACT(B18,#REF!),#REF!,"Different Name: "&#REF!) -> #REF! | M18: =IF(D18=0, 0%,(#REF!-D18)/D18) -> 0 | N18: =IF(E18=0, 0%,(#REF!-E18)/E18) -> 0 | O18: =IF(AND(M18<10%,N18<10%,M18>-10%,N18>-10%),"Pass","Fail") -> Pass
... K26: 20 | L26: =IF(EXACT(B26,#REF!),#REF!,"Different Name: "&#REF!) -> #REF! | M26: =IF(D26=0, 0%,(#REF!-D26)/D26) -> 0 | N26: =IF(E26=0, 0%,(#REF!-E26)/E26) -> 0 | O26: =IF(AND(M26<10%,N26<10%,M26>-10%,N26>-10%),"Pass","Fail") -> Pass
A31: TOP 20 PROCEDURE GROUP DATA
A33: SN | B33: Top 20 Procedure Group | C33: Reporting Period | D33: Reporting PMPM | E33: Comparison Period | F33: Comparison PMPM | G33: % Change | H33: Prior Period Ranking | K33: SN | L33: Top 20 Procedure Group | M33: Reporting Period | N33: Comparison Period | O33: Trending Result
K34: 1 | L34: =IF(EXACT(B34,#REF!),#REF!,"Different Name: "&#REF!) -> #REF! | M34: =IF('Top 20 Trending'!D34=0, 0%,(#REF!-'Top 20 Trending'!D34)/'Top 20 Trending'!D34) -> 0 | N34: =IF('Top 20 Trending'!E34=0, 0%,(#REF!-'Top 20 Trending'!E34)/'Top 20 Trending'!E34) -> 0 | O34: =IF(AND(M34<10%,N34<10%,M34>-10%,N34>-10%),"Pass","Fail") -> Pass
K35: 2 | L35: =IF(EXACT(B35,#REF!),#REF!,"Different Name: "&#REF!) -> #REF! | M35: =IF('Top 20 Trending'!D35=0, 0%,(#REF!-'Top 20 Trending'!D35)/'Top 20 Trending'!D35) -> 0 | N35: =IF('Top 20 Trending'!E35=0, 0%,(#REF!-'Top 20 Trending'!E35)/'Top 20 Trending'!E35) -> 0 | O35: =IF(AND(M35<10%,N35<10%,M35>-10%,N35>-10%),"Pass","Fail") -> Pass
K36: 3 | L36: =IF(EXACT(B36,#REF!),#REF!,"Different Name: "&#REF!) -> #REF! | M36: =IF('Top 20 Trending'!D36=0, 0%,(#REF!-'Top 20 Trending'!D36)/'Top 20 Trending'!D36) -> 0 | N36: =IF('Top 20 Trending'!E36=0, 0%,(#REF!-'Top 20 Trending'!E36)/'Top 20 Trending'!E36) -> 0 | O36: =IF(AND(M36<10%,N36<10%,M36>-10%,N36>-10%),"Pass","Fail") -> Pass
K37: 4 | L37: =IF(EXACT(B37,#REF!),#REF!,"Different Name: "&#REF!) -> #REF! | M37: =IF('Top 20 Trending'!D37=0, 0%,(#REF!-'Top 20 Trending'!D37)/'Top 20 Trending'!D37) -> 0 | N37: =IF('Top 20 Trending'!E37=0, 0%,(#REF!-'Top 20 Trending'!E37)/'Top 20 Trending'!E37) -> 0 | O37: =IF(AND(M37<10%,N37<10%,M37>-10%,N37>-10%),"Pass","Fail") -> Pass
K38: 5 | L38: =IF(EXACT(B38,#REF!),#REF!,"Different Name: "&#REF!) -> #REF! | M38: =IF('Top 20 Trending'!D38=0, 0%,(#REF!-'Top 20 Trending'!D38)/'Top 20 Trending'!D38) -> 0 | N38: =IF('Top 20 Trending'!E38=0, 0%,(#REF!-'Top 20 Trending'!E38)/'Top 20 Trending'!E38) -> 0 | O38: =IF(AND(M38<10%,N38<10%,M38>-10%,N38>-10%),"Pass","Fail") -> Pass
K39: 6 | L39: =IF(EXACT(B39,#REF!),#REF!,"Different Name: "&#REF!) -> #REF! | M39: =IF('Top 20 Trending'!D39=0, 0%,(#REF!-'Top 20 Trending'!D39)/'Top 20 Trending'!D39) -> 0 | N39: =IF('Top 20 Trending'!E39=0, 0%,(#REF!-'Top 20 Trending'!E39)/'Top 20 Trending'!E39) -> 0 | O39: =IF(AND(M39<10%,N39<10%,M39>-10%,N39>-10%),"Pass","Fail") -> Pass
K40: 7 | L40: =IF(EXACT(B40,#REF!),#REF!,"Different Name: "&#REF!) -> #REF! | M40: =IF('Top 20 Trending'!D40=0, 0%,(#REF!-'Top 20 Trending'!D40)/'Top 20 Trending'!D40) -> 0 | N40: =IF('Top 20 Trending'!E40=0, 0%,(#REF!-'Top 20 Trending'!E40)/'Top 20 Trending'!E40) -> 0 | O40: =IF(AND(M40<10%,N40<10%,M40>-10%,N40>-10%),"Pass","Fail") -> Pass
K41: 8 | L41: =IF(EXACT(B41,#REF!),#REF!,"Different Name: "&#REF!) -> #REF! | M41: =IF('Top 20 Trending'!D41=0, 0%,(#REF!-'Top 20 Trending'!D41)/'Top 20 Trending'!D41) -> 0 | N41: =IF('Top 20 Trending'!E41=0, 0%,(#REF!-'Top 20 Trending'!E41)/'Top 20 Trending'!E41) -> 0 | O41: =IF(AND(M41<10%,N41<10%,M41>-10%,N41>-10%),"Pass","Fail") -> Pass
K42: 9 | L42: =IF(EXACT(B42,#REF!),#REF!,"Different Name: "&#REF!) -> #REF! | M42: =IF('Top 20 Trending'!D42=0, 0%,(#REF!-'Top 20 Trending'!D42)/'Top 20 Trending'!D42) -> 0 | N42: =IF('Top 20 Trending'!E42=0, 0%,(#REF!-'Top 20 Trending'!E42)/'Top 20 Trending'!E42) -> 0 | O42: =IF(AND(M42<10%,N42<10%,M42>-10%,N42>-10%),"Pass","Fail") -> Pass
K43: 10 | L43: =IF(EXACT(B43,#REF!),#REF!,"Different Name: "&#REF!) -> #REF! | M43: =IF('Top 20 Trending'!D43=0, 0%,(#REF!-'Top 20 Trending'!D43)/'Top 20 Trending'!D43) -> 0 | N43: =IF('Top 20 Trending'!E43=0, 0%,(#REF!-'Top 20 Trending'!E43)/'Top 20 Trending'!E43) -> 0 | O43: =IF(AND(M43<10%,N43<10%,M43>-10%,N43>-10%),"Pass","Fail") -> Pass
K44: 11 | L44: =IF(EXACT(B44,#REF!),#REF!,"Different Name: "&#REF!) -> #REF! | M44: =IF('Top 20 Trending'!D44=0, 0%,(#REF!-'Top 20 Trending'!D44)/'Top 20 Trending'!D44) -> 0 | N44: =IF('Top 20 Trending'!E44=0, 0%,(#REF!-'Top 20 Trending'!E44)/'Top 20 Trending'!E44) -> 0 | O44: =IF(AND(M44<10%,N44<10%,M44>-10%,N44>-10%),"Pass","Fail") -> Pass
K45: 12 | L45: =IF(EXACT(B45,#REF!),#REF!,"Different Name: "&#REF!) -> #REF! | M45: =IF('Top 20 Trending'!D45=0, 0%,(#REF!-'Top 20 Trending'!D45)/'Top 20 Trending'!D45) -> 0 | N45: =IF('Top 20 Trending'!E45=0, 0%,(#REF!-'Top 20 Trending'!E45)/'Top 20 Trending'!E45) -> 0 | O45: =IF(AND(M45<10%,N45<10%,M45>-10%,N45>-10%),"Pass","Fail") -> Pass
... K53: 20 | L53: =IF(EXACT(B53,#REF!),#REF!,"Different Name: "&#REF!) -> #REF! | M53: =IF('Top 20 Trending'!D53=0, 0%,(#REF!-'Top 20 Trending'!D53)/'Top 20 Trending'!D53) -> 0 | N53: =IF('Top 20 Trending'!E53=0, 0%,(#REF!-'Top 20 Trending'!E53)/'Top 20 Trending'!E53) -> 0 | O53: =IF(AND(M53<10%,N53<10%,M53>-10%,N53>-10%),"Pass","Fail") -> Pass
A58: TOP 20 BENEFIT CODES
A60: SN | B60: Top 20 Benefit Codes | C60: Reporting Period | D60: Comparison Period | E60: % Change | F60: Prior Period Ranking | K60: SN | L60: Top 20 Benefit Codes | M60: Reporting Period | N60: Comparison Period | O60: Trending Result
K61: 1 | L61: =IF(EXACT(B61,#REF!),#REF!,"Different Name: "&#REF!) -> #REF! | M61: =IF('Top 20 Trending'!C61=0, 0%,(#REF!-'Top 20 Trending'!C61)/'Top 20 Trending'!C61) -> 0 | N61: =IF('Top 20 Trending'!D61=0, 0%,(#REF!-'Top 20 Trending'!D61)/'Top 20 Trending'!D61) -> 0 | O61: =IF(AND(M61<10%,N61<10%,M61>-10%,N61>-10%),"Pass","Fail") -> Pass
K62: 2 | L62: =IF(EXACT(B62,#REF!),#REF!,"Different Name: "&#REF!) -> #REF! | M62: =IF('Top 20 Trending'!C62=0, 0%,(#REF!-'Top 20 Trending'!C62)/'Top 20 Trending'!C62) -> 0 | N62: =IF('Top 20 Trending'!D62=0, 0%,(#REF!-'Top 20 Trending'!D62)/'Top 20 Trending'!D62) -> 0 | O62: =IF(AND(M62<10%,N62<10%,M62>-10%,N62>-10%),"Pass","Fail") -> Pass
K63: 3 | L63: =IF(EXACT(B63,#REF!),#REF!,"Different Name: "&#REF!) -> #REF! | M63: =IF('Top 20 Trending'!C63=0, 0%,(#REF!-'Top 20 Trending'!C63)/'Top 20 Trending'!C63) -> 0 | N63: =IF('Top 20 Trending'!D63=0, 0%,(#REF!-'Top 20 Trending'!D63)/'Top 20 Trending'!D63) -> 0 | O63: =IF(AND(M63<10%,N63<10%,M63>-10%,N63>-10%),"Pass","Fail") -> Pass
K64: 4 | L64: =IF(EXACT(B64,#REF!),#REF!,"Different Name: "&#REF!) -> #REF! | M64: =IF('Top 20 Trending'!C64=0, 0%,(#REF!-'Top 20 Trending'!C64)/'Top 20 Trending'!C64) -> 0 | N64: =IF('Top 20 Trending'!D64=0, 0%,(#REF!-'Top 20 Trending'!D64)/'Top 20 Trending'!D64) -> 0 | O64: =IF(AND(M64<10%,N64<10%,M64>-10%,N64>-10%),"Pass","Fail") -> Pass
K65: 5 | L65: =IF(EXACT(B65,#REF!),#REF!,"Different Name: "&#REF!) -> #REF! | M65: =IF('Top 20 Trending'!C65=0, 0%,(#REF!-'Top 20 Trending'!C65)/'Top 20 Trending'!C65) -> 0 | N65: =IF('Top 20 Trending'!D65=0, 0%,(#REF!-'Top 20 Trending'!D65)/'Top 20 Trending'!D65) -> 0 | O65: =IF(AND(M65<10%,N65<10%,M65>-10%,N65>-10%),"Pass","Fail") -> Pass
K66: 6 | L66: =IF(EXACT(B66,#REF!),#REF!,"Different Name: "&#REF!) -> #REF! | M66: =IF('Top 20 Trending'!C66=0, 0%,(#REF!-'Top 20 Trending'!C66)/'Top 20 Trending'!C66) -> 0 | N66: =IF('Top 20 Trending'!D66=0, 0%,(#REF!-'Top 20 Trending'!D66)/'Top 20 Trending'!D66) -> 0 | O66: =IF(AND(M66<10%,N66<10%,M66>-10%,N66>-10%),"Pass","Fail") -> Pass
K67: 7 | L67: =IF(EXACT(B67,#REF!),#REF!,"Different Name: "&#REF!) -> #REF! | M67: =IF('Top 20 Trending'!C67=0, 0%,(#REF!-'Top 20 Trending'!C67)/'Top 20 Trending'!C67) -> 0 | N67: =IF('Top 20 Trending'!D67=0, 0%,(#REF!-'Top 20 Trending'!D67)/'Top 20 Trending'!D67) -> 0 | O67: =IF(AND(M67<10%,N67<10%,M67>-10%,N67>-10%),"Pass","Fail") -> Pass
K68: 8 | L68: =IF(EXACT(B68,#REF!),#REF!,"Different Name: "&#REF!) -> #REF! | M68: =IF('Top 20 Trending'!C68=0, 0%,(#REF!-'Top 20 Trending'!C68)/'Top 20 Trending'!C68) -> 0 | N68: =IF('Top 20 Trending'!D68=0, 0%,(#REF!-'Top 20 Trending'!D68)/'Top 20 Trending'!D68) -> 0 | O68: =IF(AND(M68<10%,N68<10%,M68>-10%,N68>-10%),"Pass","Fail") -> Pass
K69: 9 | L69: =IF(EXACT(B69,#REF!),#REF!,"Different Name: "&#REF!) -> #REF! | M69: =IF('Top 20 Trending'!C69=0, 0%,(#REF!-'Top 20 Trending'!C69)/'Top 20 Trending'!C69) -> 0 | N69: =IF('Top 20 Trending'!D69=0, 0%,(#REF!-'Top 20 Trending'!D69)/'Top 20 Trending'!D69) -> 0 | O69: =IF(AND(M69<10%,N69<10%,M69>-10%,N69>-10%),"Pass","Fail") -> Pass
K70: 10 | L70: =IF(EXACT(B70,#REF!),#REF!,"Different Name: "&#REF!) -> #REF! | M70: =IF('Top 20 Trending'!C70=0, 0%,(#REF!-'Top 20 Trending'!C70)/'Top 20 Trending'!C70) -> 0 | N70: =IF('Top 20 Trending'!D70=0, 0%,(#REF!-'Top 20 Trending'!D70)/'Top 20 Trending'!D70) -> 0 | O70: =IF(AND(M70<10%,N70<10%,M70>-10%,N70>-10%),"Pass","Fail") -> Pass
K71: 11 | L71: =IF(EXACT(B71,#REF!),#REF!,"Different Name: "&#REF!) -> #REF! | M71: =IF('Top 20 Trending'!C71=0, 0%,(#REF!-'Top 20 Trending'!C71)/'Top 20 Trending'!C71) -> 0 | N71: =IF('Top 20 Trending'!D71=0, 0%,(#REF!-'Top 20 Trending'!D71)/'Top 20 Trending'!D71) -> 0 | O71: =IF(AND(M71<10%,N71<10%,M71>-10%,N71>-10%),"Pass","Fail") -> Pass
K72: 12 | L72: =IF(EXACT(B72,#REF!),#REF!,"Different Name: "&#REF!) -> #REF! | M72: =IF('Top 20 Trending'!C72=0, 0%,(#REF!-'Top 20 Trending'!C72)/'Top 20 Trending'!C72) -> 0 | N72: =IF('Top 20 Trending'!D72=0, 0%,(#REF!-'Top 20 Trending'!D72)/'Top 20 Trending'!D72) -> 0 | O72: =IF(AND(M72<10%,N72<10%,M72>-10%,N72>-10%),"Pass","Fail") -> Pass
... K80: 20 | L80: =IF(EXACT(B80,#REF!),#REF!,"Different Name: "&#REF!) -> #REF! | M80: =IF('Top 20 Trending'!C80=0, 0%,(#REF!-'Top 20 Trending'!C80)/'Top 20 Trending'!C80) -> 0 | N80: =IF('Top 20 Trending'!D80=0, 0%,(#REF!-'Top 20 Trending'!D80)/'Top 20 Trending'!D80) -> 0 | O80: =IF(AND(M80<10%,N80<10%,M80>-10%,N80>-10%),"Pass","Fail") -> Pass
A85: TOP 20 THERAPEUTIC CLASSES DATA
A87: SN | B87: Top 20 Therapeutic Classes | C87: Reporting Period | D87: Reporting PMPM | E87: Comparison Period | F87: Comparison PMPM | G87: % Change | H87: Member Count | I87: Prior Period Ranking | K87: SN | L87: Top 20 Therapeutic Classes | M87: Reporting Period | N87: Comparison Period | O87: % Change
K88: 1 | L88: =IF(EXACT(B88,#REF!),#REF!,"Different Name: "&#REF!) -> #REF! | M88: =IF('Top 20 Trending'!C88=0, 0%,(#REF!-'Top 20 Trending'!C88)/'Top 20 Trending'!C88) -> 0 | N88: =IF('Top 20 Trending'!D88=0, 0%,(#REF!-'Top 20 Trending'!D88)/'Top 20 Trending'!D88) -> 0 | O88: =IF(AND(M88<10%,N88<10%,M88>-10%,N88>-10%),"Pass","Fail") -> Pass
K89: 2 | L89: =IF(EXACT(B89,#REF!),#REF!,"Different Name: "&#REF!) -> #REF! | M89: =IF('Top 20 Trending'!C89=0, 0%,(#REF!-'Top 20 Trending'!C89)/'Top 20 Trending'!C89) -> 0 | N89: =IF('Top 20 Trending'!D89=0, 0%,(#REF!-'Top 20 Trending'!D89)/'Top 20 Trending'!D89) -> 0 | O89: =IF(AND(M89<10%,N89<10%,M89>-10%,N89>-10%),"Pass","Fail") -> Pass
K90: 3 | L90: =IF(EXACT(B90,#REF!),#REF!,"Different Name: "&#REF!) -> #REF! | M90: =IF('Top 20 Trending'!C90=0, 0%,(#REF!-'Top 20 Trending'!C90)/'Top 20 Trending'!C90) -> 0 | N90: =IF('Top 20 Trending'!D90=0, 0%,(#REF!-'Top 20 Trending'!D90)/'Top 20 Trending'!D90) -> 0 | O90: =IF(AND(M90<10%,N90<10%,M90>-10%,N90>-10%),"Pass","Fail") -> Pass
K91: 4 | L91: =IF(EXACT(B91,#REF!),#REF!,"Different Name: "&#REF!) -> #REF! | M91: =IF('Top 20 Trending'!C91=0, 0%,(#REF!-'Top 20 Trending'!C91)/'Top 20 Trending'!C91) -> 0 | N91: =IF('Top 20 Trending'!D91=0, 0%,(#REF!-'Top 20 Trending'!D91)/'Top 20 Trending'!D91) -> 0 | O91: =IF(AND(M91<10%,N91<10%,M91>-10%,N91>-10%),"Pass","Fail") -> Pass
K92: 5 | L92: =IF(EXACT(B92,#REF!),#REF!,"Different Name: "&#REF!) -> #REF! | M92: =IF('Top 20 Trending'!C92=0, 0%,(#REF!-'Top 20 Trending'!C92)/'Top 20 Trending'!C92) -> 0 | N92: =IF('Top 20 Trending'!D92=0, 0%,(#REF!-'Top 20 Trending'!D92)/'Top 20 Trending'!D92) -> 0 | O92: =IF(AND(M92<10%,N92<10%,M92>-10%,N92>-10%),"Pass","Fail") -> Pass
K93: 6 | L93: =IF(EXACT(B93,#REF!),#REF!,"Different Name: "&#REF!) -> #REF! | M93: =IF('Top 20 Trending'!C93=0, 0%,(#REF!-'Top 20 Trending'!C93)/'Top 20 Trending'!C93) -> 0 | N93: =IF('Top 20 Trending'!D93=0, 0%,(#REF!-'Top 20 Trending'!D93)/'Top 20 Trending'!D93) -> 0 | O93: =IF(AND(M93<10%,N93<10%,M93>-10%,N93>-10%),"Pass","Fail") -> Pass
K94: 7 | L94: =IF(EXACT(B94,#REF!),#REF!,"Different Name: "&#REF!) -> #REF! | M94: =IF('Top 20 Trending'!C94=0, 0%,(#REF!-'Top 20 Trending'!C94)/'Top 20 Trending'!C94) -> 0 | N94: =IF('Top 20 Trending'!D94=0, 0%,(#REF!-'Top 20 Trending'!D94)/'Top 20 Trending'!D94) -> 0 | O94: =IF(AND(M94<10%,N94<10%,M94>-10%,N94>-10%),"Pass","Fail") -> Pass
K95: 8 | L95: =IF(EXACT(B95,#REF!),#REF!,"Different Name: "&#REF!) -> #REF! | M95: =IF('Top 20 Trending'!C95=0, 0%,(#REF!-'Top 20 Trending'!C95)/'Top 20 Trending'!C95) -> 0 | N95: =IF('Top 20 Trending'!D95=0, 0%,(#REF!-'Top 20 Trending'!D95)/'Top 20 Trending'!D95) -> 0 | O95: =IF(AND(M95<10%,N95<10%,M95>-10%,N95>-10%),"Pass","Fail") -> Pass
K96: 9 | L96: =IF(EXACT(B96,#REF!),#REF!,"Different Name: "&#REF!) -> #REF! | M96: =IF('Top 20 Trending'!C96=0, 0%,(#REF!-'Top 20 Trending'!C96)/'Top 20 Trending'!C96) -> 0 | N96: =IF('Top 20 Trending'!D96=0, 0%,(#REF!-'Top 20 Trending'!D96)/'Top 20 Trending'!D96) -> 0 | O96: =IF(AND(M96<10%,N96<10%,M96>-10%,N96>-10%),"Pass","Fail") -> Pass
K97: 10 | L97: =IF(EXACT(B97,#REF!),#REF!,"Different Name: "&#REF!) -> #REF! | M97: =IF('Top 20 Trending'!C97=0, 0%,(#REF!-'Top 20 Trending'!C97)/'Top 20 Trending'!C97) -> 0 | N97: =IF('Top 20 Trending'!D97=0, 0%,(#REF!-'Top 20 Trending'!D97)/'Top 20 Trending'!D97) -> 0 | O97: =IF(AND(M97<10%,N97<10%,M97>-10%,N97>-10%),"Pass","Fail") -> Pass
K98: 11 | L98: =IF(EXACT(B98,#REF!),#REF!,"Different Name: "&#REF!) -> #REF! | M98: =IF('Top 20 Trending'!C98=0, 0%,(#REF!-'Top 20 Trending'!C98)/'Top 20 Trending'!C98) -> 0 | N98: =IF('Top 20 Trending'!D98=0, 0%,(#REF!-'Top 20 Trending'!D98)/'Top 20 Trending'!D98) -> 0 | O98: =IF(AND(M98<10%,N98<10%,M98>-10%,N98>-10%),"Pass","Fail") -> Pass
K99: 12 | L99: =IF(EXACT(B99,#REF!),#REF!,"Different Name: "&#REF!) -> #REF! | M99: =IF('Top 20 Trending'!C99=0, 0%,(#REF!-'Top 20 Trending'!C99)/'Top 20 Trending'!C99) -> 0 | N99: =IF('Top 20 Trending'!D99=0, 0%,(#REF!-'Top 20 Trending'!D99)/'Top 20 Trending'!D99) -> 0 | O99: =IF(AND(M99<10%,N99<10%,M99>-10%,N99>-10%),"Pass","Fail") -> Pass
... K107: 20 | L107: =IF(EXACT(B107,#REF!),#REF!,"Different Name: "&#REF!) -> #REF! | M107: =IF('Top 20 Trending'!C107=0, 0%,(#REF!-'Top 20 Trending'!C107)/'Top 20 Trending'!C107) -> 0 | N107: =IF('Top 20 Trending'!D107=0, 0%,(#REF!-'Top 20 Trending'!D107)/'Top 20 Trending'!D107) -> 0 | O107: =IF(AND(M107<10%,N107<10%,M107>-10%,N107>-10%),"Pass","Fail") -> Pass
A112: TOP 20 DRUGS DATA
A114: SN | B114: Top 20 Drugs | C114: Generic | D114: Reporting Period | E114: Prescription Count | F114: Member Count | G114: Comparison Period | H114: % Change | I114: Prior Period Ranking | K114: SN | L114: Top 20 Drugs | M114: Reporting Period | N114: Comparison Period | O114: Trending Result
K115: 1 | L115: =IF(EXACT(B115,#REF!),#REF!,"Different Name: "&#REF!) -> #REF! | M115: =IF('Top 20 Trending'!D115=0, 0%,(#REF!-'Top 20 Trending'!D115)/'Top 20 Trending'!D115) -> 0 | N115: =IF('Top 20 Trending'!G115=0, 0%,(#REF!-'Top 20 Trending'!G115)/'Top 20 Trending'!G115) -> 0 | O115: =IF(AND(M115<10%,N115<10%,M115>-10%,N115>-10%),"Pass","Fail") -> Pass
K116: 2 | L116: =IF(EXACT(B116,#REF!),#REF!,"Different Name: "&#REF!) -> #REF! | M116: =IF('Top 20 Trending'!D116=0, 0%,(#REF!-'Top 20 Trending'!D116)/'Top 20 Trending'!D116) -> 0 | N116: =IF('Top 20 Trending'!G116=0, 0%,(#REF!-'Top 20 Trending'!G116)/'Top 20 Trending'!G116) -> 0 | O116: =IF(AND(M116<10%,N116<10%,M116>-10%,N116>-10%),"Pass","Fail") -> Pass
K117: 3 | L117: =IF(EXACT(B117,#REF!),#REF!,"Different Name: "&#REF!) -> #REF! | M117: =IF('Top 20 Trending'!D117=0, 0%,(#REF!-'Top 20 Trending'!D117)/'Top 20 Trending'!D117) -> 0 | N117: =IF('Top 20 Trending'!G117=0, 0%,(#REF!-'Top 20 Trending'!G117)/'Top 20 Trending'!G117) -> 0 | O117: =IF(AND(M117<10%,N117<10%,M117>-10%,N117>-10%),"Pass","Fail") -> Pass
K118: 4 | L118: =IF(EXACT(B118,#REF!),#REF!,"Different Name: "&#REF!) -> #REF! | M118: =IF('Top 20 Trending'!D118=0, 0%,(#REF!-'Top 20 Trending'!D118)/'Top 20 Trending'!D118) -> 0 | N118: =IF('Top 20 Trending'!G118=0, 0%,(#REF!-'Top 20 Trending'!G118)/'Top 20 Trending'!G118) -> 0 | O118: =IF(AND(M118<10%,N118<10%,M118>-10%,N118>-10%),"Pass","Fail") -> Pass
K119: 5 | L119: =IF(EXACT(B119,#REF!),#REF!,"Different Name: "&#REF!) -> #REF! | M119: =IF('Top 20 Trending'!D119=0, 0%,(#REF!-'Top 20 Trending'!D119)/'Top 20 Trending'!D119) -> 0 | N119: =IF('Top 20 Trending'!G119=0, 0%,(#REF!-'Top 20 Trending'!G119)/'Top 20 Trending'!G119) -> 0 | O119: =IF(AND(M119<10%,N119<10%,M119>-10%,N119>-10%),"Pass","Fail") -> Pass
K120: 6 | L120: =IF(EXACT(B120,#REF!),#REF!,"Different Name: "&#REF!) -> #REF! | M120: =IF('Top 20 Trending'!D120=0, 0%,(#REF!-'Top 20 Trending'!D120)/'Top 20 Trending'!D120) -> 0 | N120: =IF('Top 20 Trending'!G120=0, 0%,(#REF!-'Top 20 Trending'!G120)/'Top 20 Trending'!G120) -> 0 | O120: =IF(AND(M120<10%,N120<10%,M120>-10%,N120>-10%),"Pass","Fail") -> Pass
K121: 7 | L121: =IF(EXACT(B121,#REF!),#REF!,"Different Name: "&#REF!) -> #REF! | M121: =IF('Top 20 Trending'!D121=0, 0%,(#REF!-'Top 20 Trending'!D121)/'Top 20 Trending'!D121) -> 0 | N121: =IF('Top 20 Trending'!G121=0, 0%,(#REF!-'Top 20 Trending'!G121)/'Top 20 Trending'!G121) -> 0 | O121: =IF(AND(M121<10%,N121<10%,M121>-10%,N121>-10%),"Pass","Fail") -> Pass
K122: 8 | L122: =IF(EXACT(B122,#REF!),#REF!,"Different Name: "&#REF!) -> #REF! | M122: =IF('Top 20 Trending'!D122=0, 0%,(#REF!-'Top 20 Trending'!D122)/'Top 20 Trending'!D122) -> 0 | N122: =IF('Top 20 Trending'!G122=0, 0%,(#REF!-'Top 20 Trending'!G122)/'Top 20 Trending'!G122) -> 0 | O122: =IF(AND(M122<10%,N122<10%,M122>-10%,N122>-10%),"Pass","Fail") -> Pass
K123: 9 | L123: =IF(EXACT(B123,#REF!),#REF!,"Different Name: "&#REF!) -> #REF! | M123: =IF('Top 20 Trending'!D123=0, 0%,(#REF!-'Top 20 Trending'!D123)/'Top 20 Trending'!D123) -> 0 | N123: =IF('Top 20 Trending'!G123=0, 0%,(#REF!-'Top 20 Trending'!G123)/'Top 20 Trending'!G123) -> 0 | O123: =IF(AND(M123<10%,N123<10%,M123>-10%,N123>-10%),"Pass","Fail") -> Pass
K124: 10 | L124: =IF(EXACT(B124,#REF!),#REF!,"Different Name: "&#REF!) -> #REF! | M124: =IF('Top 20 Trending'!D124=0, 0%,(#REF!-'Top 20 Trending'!D124)/'Top 20 Trending'!D124) -> 0 | N124: =IF('Top 20 Trending'!G124=0, 0%,(#REF!-'Top 20 Trending'!G124)/'Top 20 Trending'!G124) -> 0 | O124: =IF(AND(M124<10%,N124<10%,M124>-10%,N124>-10%),"Pass","Fail") -> Pass
K125: 11 | L125: =IF(EXACT(B125,#REF!),#REF!,"Different Name: "&#REF!) -> #REF! | M125: =IF('Top 20 Trending'!D125=0, 0%,(#REF!-'Top 20 Trending'!D125)/'Top 20 Trending'!D125) -> 0 | N125: =IF('Top 20 Trending'!G125=0, 0%,(#REF!-'Top 20 Trending'!G125)/'Top 20 Trending'!G125) -> 0 | O125: =IF(AND(M125<10%,N125<10%,M125>-10%,N125>-10%),"Pass","Fail") -> Pass
K126: 12 | L126: =IF(EXACT(B126,#REF!),#REF!,"Different Name: "&#REF!) -> #REF! | M126: =IF('Top 20 Trending'!D126=0, 0%,(#REF!-'Top 20 Trending'!D126)/'Top 20 Trending'!D126) -> 0 | N126: =IF('Top 20 Trending'!G126=0, 0%,(#REF!-'Top 20 Trending'!G126)/'Top 20 Trending'!G126) -> 0 | O126: =IF(AND(M126<10%,N126<10%,M126>-10%,N126>-10%),"Pass","Fail") -> Pass
... K134: 20 | L134: =IF(EXACT(B134,#REF!),#REF!,"Different Name: "&#REF!) -> #REF! | M134: =IF('Top 20 Trending'!D134=0, 0%,(#REF!-'Top 20 Trending'!D134)/'Top 20 Trending'!D134) -> 0 | N134: =IF('Top 20 Trending'!G134=0, 0%,(#REF!-'Top 20 Trending'!G134)/'Top 20 Trending'!G134) -> 0 | O134: =IF(AND(M134<10%,N134<10%,M134>-10%,N134>-10%),"Pass","Fail") -> Pass
A139: TOP 20 INJECTABLE DRUGS DATA
A141: SN | B141: Injectable Drugs | C141: Reporting Period | D141: Comparison Period | E141: % Change | F141: Member count | G141: Prior Period Ranking | K141: SN | L141: Injectable Drugs | M141: Reporting Period | N141: Comparison Period | O141: Trending Result
K142: 1 | L142: =IF(EXACT(B142,#REF!),#REF!,"Different Name: "&#REF!) -> #REF! | M142: =IF('Top 20 Trending'!C142=0, 0%,(#REF!-'Top 20 Trending'!C142)/'Top 20 Trending'!C142) -> 0 | N142: =IF('Top 20 Trending'!D142=0, 0%,(#REF!-'Top 20 Trending'!D142)/'Top 20 Trending'!D142) -> 0 | O142: =IF(AND(M142<10%,N142<10%,M142>-10%,N142>-10%),"Pass","Fail") -> Pass
K143: 2 | L143: =IF(EXACT(B143,#REF!),#REF!,"Different Name: "&#REF!) -> #REF! | M143: =IF('Top 20 Trending'!C143=0, 0%,(#REF!-'Top 20 Trending'!C143)/'Top 20 Trending'!C143) -> 0 | N143: =IF('Top 20 Trending'!D143=0, 0%,(#REF!-'Top 20 Trending'!D143)/'Top 20 Trending'!D143) -> 0 | O143: =IF(AND(M143<10%,N143<10%,M143>-10%,N143>-10%),"Pass","Fail") -> Pass
K144: 3 | L144: =IF(EXACT(B144,#REF!),#REF!,"Different Name: "&#REF!) -> #REF! | M144: =IF('Top 20 Trending'!C144=0, 0%,(#REF!-'Top 20 Trending'!C144)/'Top 20 Trending'!C144) -> 0 | N144: =IF('Top 20 Trending'!D144=0, 0%,(#REF!-'Top 20 Trending'!D144)/'Top 20 Trending'!D144) -> 0 | O144: =IF(AND(M144<10%,N144<10%,M144>-10%,N144>-10%),"Pass","Fail") -> Pass
K145: 4 | L145: =IF(EXACT(B145,#REF!),#REF!,"Different Name: "&#REF!) -> #REF! | M145: =IF('Top 20 Trending'!C145=0, 0%,(#REF!-'Top 20 Trending'!C145)/'Top 20 Trending'!C145) -> 0 | N145: =IF('Top 20 Trending'!D145=0, 0%,(#REF!-'Top 20 Trending'!D145)/'Top 20 Trending'!D145) -> 0 | O145: =IF(AND(M145<10%,N145<10%,M145>-10%,N145>-10%),"Pass","Fail") -> Pass
K146: 5 | L146: =IF(EXACT(B146,#REF!),#REF!,"Different Name: "&#REF!) -> #REF! | M146: =IF('Top 20 Trending'!C146=0, 0%,(#REF!-'Top 20 Trending'!C146)/'Top 20 Trending'!C146) -> 0 | N146: =IF('Top 20 Trending'!D146=0, 0%,(#REF!-'Top 20 Trending'!D146)/'Top 20 Trending'!D146) -> 0 | O146: =IF(AND(M146<10%,N146<10%,M146>-10%,N146>-10%),"Pass","Fail") -> Pass
K147: 6 | L147: =IF(EXACT(B147,#REF!),#REF!,"Different Name: "&#REF!) -> #REF! | M147: =IF('Top 20 Trending'!C147=0, 0%,(#REF!-'Top 20 Trending'!C147)/'Top 20 Trending'!C147) -> 0 | N147: =IF('Top 20 Trending'!D147=0, 0%,(#REF!-'Top 20 Trending'!D147)/'Top 20 Trending'!D147) -> 0 | O147: =IF(AND(M147<10%,N147<10%,M147>-10%,N147>-10%),"Pass","Fail") -> Pass
K148: 7 | L148: =IF(EXACT(B148,#REF!),#REF!,"Different Name: "&#REF!) -> #REF! | M148: =IF('Top 20 Trending'!C148=0, 0%,(#REF!-'Top 20 Trending'!C148)/'Top 20 Trending'!C148) -> 0 | N148: =IF('Top 20 Trending'!D148=0, 0%,(#REF!-'Top 20 Trending'!D148)/'Top 20 Trending'!D148) -> 0 | O148: =IF(AND(M148<10%,N148<10%,M148>-10%,N148>-10%),"Pass","Fail") -> Pass
K149: 8 | L149: =IF(EXACT(B149,#REF!),#REF!,"Different Name: "&#REF!) -> #REF! | M149: =IF('Top 20 Trending'!C149=0, 0%,(#REF!-'Top 20 Trending'!C149)/'Top 20 Trending'!C149) -> 0 | N149: =IF('Top 20 Trending'!D149=0, 0%,(#REF!-'Top 20 Trending'!D149)/'Top 20 Trending'!D149) -> 0 | O149: =IF(AND(M149<10%,N149<10%,M149>-10%,N149>-10%),"Pass","Fail") -> Pass
K150: 9 | L150: =IF(EXACT(B150,#REF!),#REF!,"Different Name: "&#REF!) -> #REF! | M150: =IF('Top 20 Trending'!C150=0, 0%,(#REF!-'Top 20 Trending'!C150)/'Top 20 Trending'!C150) -> 0 | N150: =IF('Top 20 Trending'!D150=0, 0%,(#REF!-'Top 20 Trending'!D150)/'Top 20 Trending'!D150) -> 0 | O150: =IF(AND(M150<10%,N150<10%,M150>-10%,N150>-10%),"Pass","Fail") -> Pass
K151: 10 | L151: =IF(EXACT(B151,#REF!),#REF!,"Different Name: "&#REF!) -> #REF! | M151: =IF('Top 20 Trending'!C151=0, 0%,(#REF!-'Top 20 Trending'!C151)/'Top 20 Trending'!C151) -> 0 | N151: =IF('Top 20 Trending'!D151=0, 0%,(#REF!-'Top 20 Trending'!D151)/'Top 20 Trending'!D151) -> 0 | O151: =IF(AND(M151<10%,N151<10%,M151>-10%,N151>-10%),"Pass","Fail") -> Pass
K152: 11 | L152: =IF(EXACT(B152,#REF!),#REF!,"Different Name: "&#REF!) -> #REF! | M152: =IF('Top 20 Trending'!C152=0, 0%,(#REF!-'Top 20 Trending'!C152)/'Top 20 Trending'!C152) -> 0 | N152: =IF('Top 20 Trending'!D152=0, 0%,(#REF!-'Top 20 Trending'!D152)/'Top 20 Trending'!D152) -> 0 | O152: =IF(AND(M152<10%,N152<10%,M152>-10%,N152>-10%),"Pass","Fail") -> Pass
K153: 12 | L153: =IF(EXACT(B153,#REF!),#REF!,"Different Name: "&#REF!) -> #REF! | M153: =IF('Top 20 Trending'!C153=0, 0%,(#REF!-'Top 20 Trending'!C153)/'Top 20 Trending'!C153) -> 0 | N153: =IF('Top 20 Trending'!D153=0, 0%,(#REF!-'Top 20 Trending'!D153)/'Top 20 Trending'!D153) -> 0 | O153: =IF(AND(M153<10%,N153<10%,M153>-10%,N153>-10%),"Pass","Fail") -> Pass
... K161: 20 | L161: =IF(EXACT(B161,#REF!),#REF!,"Different Name: "&#REF!) -> #REF! | M161: =IF('Top 20 Trending'!C161=0, 0%,(#REF!-'Top 20 Trending'!C161)/'Top 20 Trending'!C161) -> 0 | N161: =IF('Top 20 Trending'!D161=0, 0%,(#REF!-'Top 20 Trending'!D161)/'Top 20 Trending'!D161) -> 0 | O161: =IF(AND(M161<10%,N161<10%,M161>-10%,N161>-10%),"Pass","Fail") -> Pass
A166: TOP 20 PROVIDER LIST DATA
A168: SN | B168: Top 20 Provider | C168: Reporting Period | D168: Comparison Period | E168: % Change | F168: Prior Period Ranking | K168: SN | L168: Top 20 Provider | M168: Reporting Period | N168: Comparison Period | O168: Trending Result
K169: 1 | L169: =IF(EXACT(B169,#REF!),#REF!,"Different Name: "&#REF!) -> #REF! | M169: =IF('Top 20 Trending'!C169=0, 0%,(#REF!-'Top 20 Trending'!C169)/'Top 20 Trending'!C169) -> 0 | N169: =IF('Top 20 Trending'!D169=0, 0%,(#REF!-'Top 20 Trending'!D169)/'Top 20 Trending'!D169) -> 0 | O169: =IF(AND(M169<10%,N169<10%,M169>-10%,N169>-10%),"Pass","Fail") -> Pass
K170: 2 | L170: =IF(EXACT(B170,#REF!),#REF!,"Different Name: "&#REF!) -> #REF! | M170: =IF('Top 20 Trending'!C170=0, 0%,(#REF!-'Top 20 Trending'!C170)/'Top 20 Trending'!C170) -> 0 | N170: =IF('Top 20 Trending'!D170=0, 0%,(#REF!-'Top 20 Trending'!D170)/'Top 20 Trending'!D170) -> 0 | O170: =IF(AND(M170<10%,N170<10%,M170>-10%,N170>-10%),"Pass","Fail") -> Pass
K171: 3 | L171: =IF(EXACT(B171,#REF!),#REF!,"Different Name: "&#REF!) -> #REF! | M171: =IF('Top 20 Trending'!C171=0, 0%,(#REF!-'Top 20 Trending'!C171)/'Top 20 Trending'!C171) -> 0 | N171: =IF('Top 20 Trending'!D171=0, 0%,(#REF!-'Top 20 Trending'!D171)/'Top 20 Trending'!D171) -> 0 | O171: =IF(AND(M171<10%,N171<10%,M171>-10%,N171>-10%),"Pass","Fail") -> Pass
K172: 4 | L172: =IF(EXACT(B172,#REF!),#REF!,"Different Name: "&#REF!) -> #REF! | M172: =IF('Top 20 Trending'!C172=0, 0%,(#REF!-'Top 20 Trending'!C172)/'Top 20 Trending'!C172) -> 0 | N172: =IF('Top 20 Trending'!D172=0, 0%,(#REF!-'Top 20 Trending'!D172)/'Top 20 Trending'!D172) -> 0 | O172: =IF(AND(M172<10%,N172<10%,M172>-10%,N172>-10%),"Pass","Fail") -> Pass
K173: 5 | L173: =IF(EXACT(B173,#REF!),#REF!,"Different Name: "&#REF!) -> #REF! | M173: =IF('Top 20 Trending'!C173=0, 0%,(#REF!-'Top 20 Trending'!C173)/'Top 20 Trending'!C173) -> 0 | N173: =IF('Top 20 Trending'!D173=0, 0%,(#REF!-'Top 20 Trending'!D173)/'Top 20 Trending'!D173) -> 0 | O173: =IF(AND(M173<10%,N173<10%,M173>-10%,N173>-10%),"Pass","Fail") -> Pass
K174: 6 | L174: =IF(EXACT(B174,#REF!),#REF!,"Different Name: "&#REF!) -> #REF! | M174: =IF('Top 20 Trending'!C174=0, 0%,(#REF!-'Top 20 Trending'!C174)/'Top 20 Trending'!C174) -> 0 | N174: =IF('Top 20 Trending'!D174=0, 0%,(#REF!-'Top 20 Trending'!D174)/'Top 20 Trending'!D174) -> 0 | O174: =IF(AND(M174<10%,N174<10%,M174>-10%,N174>-10%),"Pass","Fail") -> Pass
...

Sheet Uitilization_Metrics
A1: Basis: Incurred
A2: Makalu Result (Last Processing) | G2: Makalu Result (Current Processing)
A3: Utilization Metrics | B3: Unit | C3: Reporting Period | D3: Comparison Period | E3: % Change | G3: Utilization Metrics | H3: Unit | I3: Reporting Period | J3: Comparison Period | K3: % Change
A4: Member Months | B4: Total | C4: 491876 | D4: 160974 | E4: 2.0556 | G4: Member Months | H4: Total | I4: 169863 | J4: 160255 | K4: 0.06
A5: ER Visits | B5: Visits | C5: 6962 | D5: 2136 | E5: 2.2594 | G5: ER Visits | H5: Visits | I5: 2500 | J5: 2277 | K5: 0.0979
A6: Total Office Visits | B6: Visits | C6: 167925 | D6: 56232 | E6: 1.9863 | G6: Urgent Care Visits | H6: Visits | I6: 1338 | J6: 1837 | K6: -0.2716
A7: Routine Office Visits | B7: Visits | C7: 144681 | D7: 48410 | E7: 1.9887 | G7: Total Office Visits | H7: Visits | I7: 60714 | J7: 60566 | K7: 0.0024
A8: Preventive Office Visits | B8: Visits | C8: 19332 | D8: 6508 | E8: 1.9705 | G8: Routine Office Visits | H8: Visits | I8: 52264 | J8: 51777 | K8: 0.0094
A9: Mental Health Office Visits | B9: Visits | C9: 0 | D9: 0 | E9: 0 | G9: Preventive Office Visits | H9: Visits | I9: 6734 | J9: 6900 | K9: -0.0241
A10: Other | B10: Visits | C10: 3912 | D10: 1314 | E10: 1.9772 | G10: Mental Health Office Visits | H10: Visits | I10: 0 | J10: 0 | K10: 0
A11: Chiropractic Visits | B11: Visits | C11: 9410 | D11: 2860 | E11: 2.2902 | G11: Other | H11: Visits | I11: 1472 | J11: 1845 | K11: -0.2022
A12: Physical Therapy | B12: Service | C12: 46701 | D12: 15355 | E12: 2.0414 | G12: Chiropractic Visits | H12: Visits | I12: 3698 | J12: 3090 | K12: 0.1968
A13: MRI Scan | B13: Service | C13: 3263 | D13: 1042 | E13: 2.1315 | G13: Physical Therapy | H13: Service | I13: 16145 | J13: 16441 | K13: -0.018
A14: CT Scan | B14: Service | C14: 6447 | D14: 2008 | E14: 2.2107 | G14: MRI Scan | H14: Service | I14: 1123 | J14: 1074 | K14: 0.0456
A15: Dialysis Services | B15: Service | C15: 856 | D15: 263 | E15: 2.2548 | G15: CT Scan | H15: Service | I15: 2219 | J15: 2071 | K15: 0.0715
... A29: Pharmacy Scripts Generic Drugs | B29: % of Total | C29: 70.19 | D29: 70.46 | E29: 2.0638 | G29: Mental Health or Substance Abuse Admissions | H29: Admits | I29: 58 | J29: 82 | K29: -0.2927
G30: NICU Admissions | H30: Admits | I30: 5 | J30: 5 | K30: 0
A31: Trending Analysis ( Diff of 10 % is considered for Monthly Clients ) | G31: Admissions from ER | H31: % in Admission | I31: 48.34 | J31: 39.08 | K31: 0.3824
A32: Utilization Metrics | B32: Reporting Period | C32: Comparison Period | D32: Result | G32: 30 Day ReAdmissions | H32: Admits | I32: 6 | J32: 17 | K32: -0.6471
A33: Member Months | B33: =IF(C4=0,0%,(C4-I4)/C4) -> 0.65466296 | C33: =IF(D4=0,0%,(D4-J4)/D4) -> 0.0044665598 | D33: =IF(AND(B33<=10%,C33<=10%,B33>=-10%,C33>=-10%),"PASS","FAIL") -> FAIL | G33: Average Length of Stay | H33: Days | I33: 5.42 | J33: 5.15 | K33: 0
A34: ER Visits | B34: =IF(C5=0,0%,(C5-I5)/C5) -> 0.64090779 | C34: =IF(D5=0,0%,(D5-J5)/D5) -> -0.066011236 | D34: =IF(AND(B34<=10%,C34<=10%,B34>=-10%,C34>=-10%),"PASS","FAIL") -> FAIL | G34: Pharmacy Scripts | H34: Service | I34: 160526 | J34: 153118 | K34: 0.0484
A35: Total Office Visits | B35: =IF(C6=0,0%,(C6-I6)/C6) -> 0.99203216 | C35: =IF(D6=0,0%,(D6-J6)/D6) -> 0.96733177 | D35: =IF(AND(B35<=10%,C35<=10%,B35>=-10%,C35>=-10%),"PASS","FAIL") -> FAIL | G35: Pharmacy Scripts Mail Order | H35: % of Total | I35: 2.7 | J35: 3.51 | K35: -0.1949
A36: Routine Office Visits | B36: =IF(C7=0,0%,(C7-I7)/C7) -> 0.58035955 | C36: =IF(D7=0,0%,(D7-J7)/D7) -> -0.25110514 | D36: =IF(AND(B36<=10%,C36<=10%,B36>=-10%,C36>=-10%),"PASS","FAIL") -> FAIL | G36: Pharmacy Scripts Generic Drugs | H36: % of Total | I36: 71.82 | J36: 70.51 | K36: 0.068
A37: Preventive Office Visits | B37: =IF(C8=0,0%,(C8-I8)/C8) -> -1.7034968 | C37: =IF(D8=0,0%,(D8-J8)/D8) -> -6.9559004 | D37: =IF(AND(B37<=10%,C37<=10%,B37>=-10%,C37>=-10%),"PASS","FAIL") -> FAIL
A38: Mental Health Office Visits | B38: =IF(C9=0,0%,(C9-I9)/C9) -> 0 | C38: =IF(D9=0,0%,(D9-J9)/D9) -> 0 | D38: =IF(AND(B38<=10%,C38<=10%,B38>=-10%,C38>=-10%),"PASS","FAIL") -> PASS
A39: Other | B39: =IF(C10=0,0%,(C10-I10)/C10) -> 1 | C39: =IF(D10=0,0%,(D10-J10)/D10) -> 1 | D39: =IF(AND(B39<=10%,C39<=10%,B39>=-10%,C39>=-10%),"PASS","FAIL") -> FAIL
A40: Chiropractic Visits | B40: =IF(C11=0,0%,(C11-I11)/C11) -> 0.84357067 | C40: =IF(D11=0,0%,(D11-J11)/D11) -> 0.3548951 | D40: =IF(AND(B40<=10%,C40<=10%,B40>=-10%,C40>=-10%),"PASS","FAIL") -> FAIL
A41: Physical Therapy | B41: =IF(C12=0,0%,(C12-I12)/C12) -> 0.9208154 | C41: =IF(D12=0,0%,(D12-J12)/D12) -> 0.79876262 | D41: =IF(AND(B41<=10%,C41<=10%,B41>=-10%,C41>=-10%),"PASS","FAIL") -> FAIL
A42: MRI Scan | B42: =IF(C13=0,0%,(C13-I13)/C13) -> -3.9479007 | C42: =IF(D13=0,0%,(D13-J13)/D13) -> -14.778311 | D42: =IF(AND(B42<=10%,C42<=10%,B42>=-10%,C42>=-10%),"PASS","FAIL") -> FAIL
A43: CT Scan | B43: =IF(C14=0,0%,(C14-I14)/C14) -> 0.82581045 | C43: =IF(D14=0,0%,(D14-J14)/D14) -> 0.46513944 | D43: =IF(AND(B43<=10%,C43<=10%,B43>=-10%,C43>=-10%),"PASS","FAIL") -> FAIL
A44: Dialysis Services | B44: =IF(C15=0,0%,(C15-I15)/C15) -> -1.5922897 | C44: =IF(D15=0,0%,(D15-J15)/D15) -> -6.8745247 | D44: =IF(AND(B44<=10%,C44<=10%,B44>=-10%,C44>=-10%),"PASS","FAIL") -> FAIL
A45: Newborn Deliveries | B45: =IF(C16=0,0%,(C16-I16)/C16) -> -0.80730897 | C45: =IF(D16=0,0%,(D16-J16)/D16) -> -4.6872852 | D45: =IF(AND(B45<=10%,C45<=10%,B45>=-10%,C45>=-10%),"PASS","FAIL") -> FAIL
A46: Vaginal Deliveries | B46: =IF(C17=0,0%,(C17-I17)/C17) -> -7.528972 | C46: =IF(D17=0,0%,(D17-J17)/D17) -> -26.863905 | D46: =IF(AND(B46<=10%,C46<=10%,B46>=-10%,C46>=-10%),"PASS","FAIL") -> FAIL
A47: C-Section Deliveries | B47: =IF(C18=0,0%,(C18-I18)/C18) -> 0.32880435 | C47: =IF(D18=0,0%,(D18-J18)/D18) -> -0.55737705 | D47: =IF(AND(B47<=10%,C47<=10%,B47>=-10%,C47>=-10%),"PASS","FAIL") -> FAIL
A48: Inpatient Days | B48: =IF(C19=0,0%,(C19-I19)/C19) -> 0.85836846 | C48: =IF(D19=0,0%,(D19-J19)/D19) -> 0.5104944 | D48: =IF(AND(B48<=10%,C48<=10%,B48>=-10%,C48>=-10%),"PASS","FAIL") -> FAIL
... A58: Pharmacy Scripts Generic Drugs | B58: =IF(C29=0,0%,(C29-I29)/C29) -> 0.17367146 | C58: =IF(D29=0,0%,(D29-J29)/D29) -> -0.16378087 | D58: =IF(AND(B58<=10%,C58<=10%,B58>=-10%,C58>=-10%),"PASS","FAIL") -> FAIL

Sheet Top 20 Data (3)
A1: Basis: Incurred
A2: Makalu Result(Current Processing) | K2: Scrub Result
A6: SN | B6: Top 20 Diagnoses | C6: Reporting Period | D6: Reporting PMPM | E6: Comparison Period | F6: Comparison PMPM | G6: % Change | H6: Prior Period Ranking | K6: SN | L6: Top 20 Diagnoses | M6: Reporting Period | N6: Reporting PMPM | O6: Comparison Period | P6: Comparison PMPM | Q6: % Change | R6: Prior Period Ranking | S6: Rep. amount check | T6: Comp. amount check | U6: Result
A7: 1 | B7: Musculoskeletal Disorders, Other | C7: 1281470 | D7: 7.72 | E7: 945237.19 | F7: 5.87 | G7: 0.3557 | H7: 5 | K7: 1 | L7: Musculoskeletal Disorders, Other | M7: 1329402 | N7: 7.826 | O7: 948192.14 | P7: 5.917 | Q7: -0.402 | S7: =M7-C7 -> 47931.97 | T7: =O7-E7 -> 2954.95 | U7: =IF(AND(ROUNDDOWN(S7,0)=0,ROUNDDOWN(T7,0)=0),"PASS","FAIL") -> FAIL
A8: 2 | B8: Spine Disorders, Other | C8: 1212863.6 | D8: 7.31 | E8: 1047648.6 | F8: 6.51 | G8: 0.1577 | H8: 2 | K8: 2 | L8: Spine Disorders, Other | M8: 1306808.8 | N8: 7.693 | O8: 1095628.3 | P8: 6.837 | Q8: -0.193 | S8: =M8-C9 -> 51358.56 | T8: =O8-E9 -> -119436.33 | U8: =IF(AND(ROUNDDOWN(S8,0)=0,ROUNDDOWN(T8,0)=0),"PASS","FAIL") -> FAIL
A9: 3 | B9: Breast Cancer | C9: 1255450.3 | D9: 7.57 | E9: 1215064.6 | F9: 7.55 | G9: 0.0332 | H9: 1 | K9: 3 | L9: Breast Cancer | M9: 1212648.1 | N9: 7.139 | O9: 1331881.7 | P9: 8.311 | Q9: 0.09 | S9: =M9-C8 -> -215.57 | T9: =O9-E8 -> 284233.11 | U9: =IF(AND(ROUNDDOWN(S9,0)=0,ROUNDDOWN(T9,0)=0),"PASS","FAIL") -> FAIL
A10: 4 | B10: Osteoarthritis | C10: 935495.88 | D10: 5.64 | E10: 1036797.1 | F10: 6.44 | G10: -0.0977 | H10: 4 | K10: 4 | L10: Osteoarthritis | M10: 1020255.6 | N10: 6.006 | O10: 1078471.6 | P10: 6.73 | Q10: 0.054 | S10: =M10-C11 -> 12431.93 | T10: =O10-E11 -> 37876.72 | U10: =IF(AND(ROUNDDOWN(S10,0)=0,ROUNDDOWN(T10,0)=0),"PASS","FAIL") -> FAIL
A11: 5 | B11: Coronary Artery Disease | C11: 1007823.6 | D11: 6.07 | E11: 1040594.8 | F11: 6.46 | G11: -0.0315 | H11: 3 | K11: 5 | L11: Coronary Artery Disease | M11: 966148.02 | N11: 5.688 | O11: 964746.51 | P11: 6.02 | Q11: -0.001 | S11: =M11-C10 -> 30652.14 | T11: =O11-E10 -> -72050.55 | U11: =IF(AND(ROUNDDOWN(S11,0)=0,ROUNDDOWN(T11,0)=0),"PASS","FAIL") -> FAIL
A12: 6 | B12: Labor and Delivery Related | C12: 870641.94 | D12: 5.25 | E12: 906562.97 | F12: 5.63 | G12: -0.0396 | H12: 7 | K12: 6 | L12: Labor and Delivery Related | M12: 839780.98 | N12: 4.944 | O12: 1024542.7 | P12: 6.393 | Q12: 0.18 | S12: =M12-C12 -> -30860.96 | T12: =O12-E12 -> 117979.71 | U12: =IF(AND(ROUNDDOWN(S12,0)=0,ROUNDDOWN(T12,0)=0),"PASS","FAIL") -> FAIL
A13: 7 | B13: Medical/Surgical Complications | C13: 859329.18 | D13: 5.18 | E13: 691101.09 | F13: 4.29 | G13: 0.2434 | H13: 10 | K13: 7 | L13: Medical/Surgical Complications | M13: 825061.69 | N13: 4.857 | O13: 771880.12 | P13: 4.817 | Q13: -0.069 | S13: =M13-C13 -> -34267.49 | T13: =O13-E13 -> 80779.03 | U13: =IF(AND(ROUNDDOWN(S13,0)=0,ROUNDDOWN(T13,0)=0),"PASS","FAIL") -> FAIL
A14: 8 | B14: Cancers, Other | C14: 807626.67 | D14: 4.87 | E14: 426360.75 | F14: 2.65 | G14: 0.8942 | H14: 25 | K14: 8 | L14: Cancers, Other | M14: 814934.28 | N14: 4.798 | O14: 446921.53 | P14: 2.789 | Q14: -0.823 | S14: =M14-C14 -> 7307.61 | T14: =O14-E14 -> 20560.78 | U14: =IF(AND(ROUNDDOWN(S14,0)=0,ROUNDDOWN(T14,0)=0),"PASS","FAIL") -> FAIL
A15: 9 | B15: Perinatal Disorders | C15: 757396.45 | D15: 4.56 | E15: 18325.44 | F15: 0.11 | G15: 40.3303 | H15: 174 | K15: 9 | L15: Cancer Therapies | M15: 773713.8 | N15: 4.555 | O15: 560497.46 | P15: 3.498 | Q15: -0.38 | S15: =M15-C15 -> 16317.35 | T15: =O15-E15 -> 542172.02 | U15: =IF(AND(ROUNDDOWN(S15,0)=0,ROUNDDOWN(T15,0)=0),"PASS","FAIL") -> FAIL
A16: 10 | B16: Screenings | C16: 739129.86 | D16: 4.45 | E16: 680879.72 | F16: 4.23 | G16: 0.0856 | H16: 11 | K16: 10 | L16: Perinatal Disorders | M16: 766158.21 | N16: 4.51 | O16: 26712.93 | P16: 0.167 | Q16: -27.681 | S16: =M16-C21 -> 17878.36 | T16: =O16-E21 -> -277349.4 | U16: =IF(AND(ROUNDDOWN(S16,0)=0,ROUNDDOWN(T16,0)=0),"PASS","FAIL") -> FAIL
A17: 13 | B17: Arthropathies, Other | C17: 677534.12 | D17: 4.08 | E17: 523549.89 | F17: 3.25 | G17: 0.2941 | H17: 17 | K17: 11 | L17: Screenings | M17: 732398.1 | N17: 4.312 | O17: 705870.03 | P17: 4.405 | Q17: -0.038 | S17: =M17-C16 -> -6731.76 | T17: =O17-E16 -> 24990.31 | U17: =IF(AND(ROUNDDOWN(S17,0)=0,ROUNDDOWN(T17,0)=0),"PASS","FAIL") -> FAIL
A18: 12 | B18: Abdominal Disorders | C18: 684693.46 | D18: 4.13 | E18: 506735.75 | F18: 3.15 | G18: 0.3512 | H18: 18 | K18: 12 | L18: Arthropathies, Other | M18: 712360.19 | N18: 4.194 | O18: 537492.69 | P18: 3.354 | Q18: -0.325 | S18: =M18-C18 -> 27666.73 | T18: =O18-E18 -> 30756.94 | U18: =IF(AND(ROUNDDOWN(S18,0)=0,ROUNDDOWN(T18,0)=0),"PASS","FAIL") -> FAIL
A19: 16 | B19: Stroke | C19: 652444.74 | D19: 3.93 | E19: 138846.05 | F19: 0.86 | G19: 3.6991 | H19: 83 | K19: 13 | L19: Abdominal Disorders | M19: 691033.24 | N19: 4.068 | O19: 523948.02 | P19: 3.269 | Q19: -0.319 | S19: =M19-C17 -> 13499.12 | T19: =O19-E17 -> 398.13 | U19: =IF(AND(ROUNDDOWN(S19,0)=0,ROUNDDOWN(T19,0)=0),"PASS","FAIL") -> FAIL
A20: 14 | B20: Benign Neoplasm | C20: 669439.78 | D20: 4.03 | E20: 721664.39 | F20: 4.48 | G20: -0.0724 | H20: 9 | K20: 14 | L20: Stroke | M20: 668389.79 | N20: 3.935 | O20: 122044.31 | P20: 0.762 | Q20: -4.477 | S20: =M20-C20 -> -1049.99 | T20: =O20-E20 -> -599620.08 | U20: =IF(AND(ROUNDDOWN(S20,0)=0,ROUNDDOWN(T20,0)=0),"PASS","FAIL") -> FAIL
A21: 11 | B21: Lymphomas | C21: 748279.85 | D21: 4.51 | E21: 304062.33 | F21: 1.89 | G21: 1.4609 | H21: 38 | K21: 15 | L21: Benign Neoplasm | M21: 657688.93 | N21: 3.872 | O21: 751380.72 | P21: 4.689 | Q21: 0.125 | S21: =M21-C22 -> -11013.74 | T21: =O21-E22 -> 169433.36 | U21: =IF(AND(ROUNDDOWN(S21,0)=0,ROUNDDOWN(T21,0)=0),"PASS","FAIL") -> FAIL
A22: 15 | B22: Atrial Fibrillation | C22: 668702.67 | D22: 4.03 | E22: 581947.36 | F22: 3.62 | G22: 0.1491 | H22: 14 | K22: 16 | L22: Lymphomas | M22: 657594.92 | N22: 3.871 | O22: 408988.59 | P22: 2.552 | Q22: -0.608 | S22: =M22-C23 -> 5150.18 | T22: =O22-E23 -> 270142.54 | U22: =IF(AND(ROUNDDOWN(S22,0)=0,ROUNDDOWN(T22,0)=0),"PASS","FAIL") -> FAIL
A23: 16 | B23: Stroke | C23: 652444.74 | D23: 3.93 | E23: 138846.05 | F23: 0.86 | G23: 3.6991 | H23: 83 | K23: 17 | L23: Congenital Anomalies | M23: 598495.61 | N23: 3.523 | O23: 447056.86 | P23: 2.79 | Q23: -0.339 | S23: =M23-C24 -> 21137.35 | T23: =O23-E24 -> -144422.25 | U23: =IF(AND(ROUNDDOWN(S23,0)=0,ROUNDDOWN(T23,0)=0),"PASS","FAIL") -> FAIL
A24: 17 | B24: Chest Pain | C24: 577358.26 | D24: 3.48 | E24: 591479.11 | F24: 3.67 | G24: -0.0239 | H24: 13 | K24: 18 | L24: Chest Pain | M24: 595790.77 | N24: 3.507 | O24: 609457.23 | P24: 3.803 | Q24: 0.022 | S24: =M24-C25 -> 43590 | T24: =O24-E25 -> 470910.98 | U24: =IF(AND(ROUNDDOWN(S24,0)=0,ROUNDDOWN(T24,0)=0),"PASS","FAIL") -> FAIL
A25: 18 | B25: Liveborn Infants | C25: 552200.77 | D25: 3.33 | E25: 138546.25 | F25: 0.86 | G25: 2.9857 | H25: 84 | K25: 19 | L25: Intervertebral Disc Disorders | M25: 595078.02 | N25: 3.503 | O25: 522133.22 | P25: 3.258 | Q25: -0.14 | S25: =M25-C26 -> 52884.14 | T25: =O25-E26 -> 22882.34 | U25: =IF(AND(ROUNDDOWN(S25,0)=0,ROUNDDOWN(T25,0)=0),"PASS","FAIL") -> FAIL
A26: 19 | B26: Cancer Therapies | C26: 542193.88 | D26: 3.27 | E26: 499250.88 | F26: 3.1 | G26: 0.086 | H26: 20 | K26: 20 | L26: Liveborn Infants | M26: 556342.24 | N26: 3.275 | O26: 310462.91 | P26: 1.937 | Q26: -0.792 | R26: 6 | S26: =M26-C27 -> 21983.29 | T26: =O26-E27 -> -52963.97 | U26: =IF(AND(ROUNDDOWN(S26,0)=0,ROUNDDOWN(T26,0)=0),"PASS","FAIL") -> FAIL
A27: 20 | B27: Gallbladder and Biliary Disease | C27: 534358.95 | D27: 3.22 | E27: 363426.88 | F27: 2.26 | G27: 0.4703 | H27: 29 | L27: All Others: | M27: =M28-SUM(M7:M26) -> 22783474 | O27: =O28-SUM(O7:O26) -> 24798073 | Q27: =IF(O27=0, "0",(M27-O27)/O27) -> -0.081240153 | S27: =M27-C28 -> -3388013.9 | T27: =O27-E28 -> 42332.97 | U27: =IF(AND(ROUNDDOWN(S27,0)=0,ROUNDDOWN(T27,0)=0),"PASS","FAIL") -> FAIL
B28: All Others | C28: 26171488 | E28: 24755740 | G28: 0.0572 | L28: Total: | M28: =[1]SP_Data!L21 -> 39103557 | O28: =[1]SP_Data!M21 -> 37986382 | S28: =M28-C29 -> -3102364.7 | T28: =O28-E29 -> 852561.31 | U28: =IF(AND(ROUNDDOWN(S28,0)=0,ROUNDDOWN(T28,0)=0),"PASS","FAIL") -> FAIL
B29: Total | C29: 42205922 | E29: 37133821 | L29: PMPM: | M29: =[1]SP_Data!G31 -> 245.13 | O29: =[1]SP_Data!H31 -> 232.45 | S29: =M29-C30 -> -9.19 | T29: =O29-E30 -> 1.77 | U29: =IF(AND(ROUNDDOWN(S29,0)=0,ROUNDDOWN(T29,0)=0),"PASS","FAIL") -> FAIL
B30: PMPM | C30: 254.32 | E30: 230.68
K33: SN | L33: Top 20 Procedure Group | M33: Reporting Period | N33: Reporting PMPM | O33: Comparison Period | P33: Comparison PMPM | Q33: % Change | R33: Prior Period Ranking | S33: Rep. amount check | T33: Comp. amount check | U33: Result
A34: SN | B34: Top 20 Procedure Group | C34: Reporting Period | D34: Reporting PMPM | E34: Comparison Period | F34: Comparison PMPM | G34: % Change | H34: Prior Period Ranking | K34: 1 | L34: Surgery | M34: 9387026.5 | N34: 55.262 | O34: 7783757.9 | P34: 48.571 | Q34: -0.206 | S34: =C35-M34 -> 0.0099999998 | T34: =E35-O34 -> 0 | U34: =IF(AND(ROUNDDOWN(S34,0)=0,ROUNDDOWN(T34,0)=0),"PASS","FAIL") -> PASS
A35: 1 | B35: Surgery | C35: 9387026.5 | D35: 55.26 | E35: 7783757.9 | F35: 48.57 | G35: 0.206 | H35: 1 | K35: 2 | L35: Drugs | M35: 5167495.7 | N35: 30.422 | O35: 4094459.8 | P35: 25.55 | Q35: -0.262 | S35: =C36-M35 -> -386135.83 | T35: =E36-O35 -> -36194.7 | U35: =IF(AND(ROUNDDOWN(S35,0)=0,ROUNDDOWN(T35,0)=0),"PASS","FAIL") -> FAIL
A36: 2 | B36: Drugs | C36: 4781359.9 | D36: 28.15 | E36: 4058265.1 | F36: 25.32 | G36: 0.1782 | H36: 3 | K36: 3 | L36: Office Visits | M36: 4490765.6 | N36: 26.438 | O36: 4405056.2 | P36: 27.488 | Q36: -0.019 | S36: =C37-M36 -> -6793.33 | T36: =E37-O36 -> -37.75 | U36: =IF(AND(ROUNDDOWN(S36,0)=0,ROUNDDOWN(T36,0)=0),"PASS","FAIL") -> FAIL
A37: 3 | B37: Office Visits | C37: 4483972.2 | D37: 26.4 | E37: 4405018.4 | F37: 27.49 | G37: 0.0179 | H37: 2 | K37: 4 | L37: Imaging/Radiology | M37: 3328229 | N37: 19.594 | O37: 2974995.9 | P37: 18.564 | Q37: -0.119 | S37: =C38-M37 -> 0 | T37: =E38-O37 -> -96 | U37: =IF(AND(ROUNDDOWN(S37,0)=0,ROUNDDOWN(T37,0)=0),"PASS","FAIL") -> FAIL
A38: 4 | B38: Imaging/Radiology | C38: 3328229 | D38: 19.59 | E38: 2974899.9 | F38: 18.56 | G38: 0.1188 | H38: 4 | K38: 5 | L38: Pulmonary | M38: 1926931.8 | N38: 11.344 | O38: 492421.75 | P38: 3.073 | Q38: -2.913 | S38: =C39-M38 -> 0 | T38: =E39-O38 -> 0 | U38: =IF(AND(ROUNDDOWN(S38,0)=0,ROUNDDOWN(T38,0)=0),"PASS","FAIL") -> PASS
A39: 5 | B39: Pulmonary | C39: 1926931.8 | D39: 11.34 | E39: 492421.75 | F39: 3.07 | G39: 2.9132 | H39: 19 | K39: 6 | L39: Laboratory | M39: 1655054.5 | N39: 9.743 | O39: 1604527.9 | P39: 10.012 | Q39: -0.031 | S39: =C40-M39 -> -5461.6 | T39: =E40-O39 -> -398.09 | U39: =IF(AND(ROUNDDOWN(S39,0)=0,ROUNDDOWN(T39,0)=0),"PASS","FAIL") -> FAIL
A40: 6 | B40: Laboratory | C40: 1649592.9 | D40: 9.71 | E40: 1604129.8 | F40: 10.01 | G40: 0.0283 | H40: 6 | K40: 7 | L40: Cardiology | M40: 1513505.3 | N40: 8.91 | O40: 1837675.9 | P40: 11.467 | Q40: 0.176 | S40: =C41-M40 -> 0 | T40: =E41-O40 -> 0 | U40: =IF(AND(ROUNDDOWN(S40,0)=0,ROUNDDOWN(T40,0)=0),"PASS","FAIL") -> PASS
A41: 7 | B41: Cardiology | C41: 1513505.3 | D41: 8.91 | E41: 1837675.9 | F41: 11.47 | G41: -0.1764 | H41: 5 | K41: 8 | L41: Inpatient Hospital Care | M41: 1381300.6 | N41: 8.132 | O41: 853917.33 | P41: 5.328 | Q41: -0.618 | S41: =C42-M41 -> -7935.79 | T41: =E42-O41 -> -741.39 | U41: =IF(AND(ROUNDDOWN(S41,0)=0,ROUNDDOWN(T41,0)=0),"PASS","FAIL") -> FAIL
A42: 8 | B42: Inpatient Hospital Care | C42: 1373364.8 | D42: 8.09 | E42: 853175.94 | F42: 5.32 | G42: 0.6097 | H42: 10 | K42: 9 | L42: Other Procedures | M42: 1326087.5 | N42: 7.807 | O42: 843625.41 | P42: 5.264 | Q42: -0.572 | S42: =C43-M42 -> 0 | T42: =E43-O42 -> 0 | U42: =IF(AND(ROUNDDOWN(S42,0)=0,ROUNDDOWN(T42,0)=0),"PASS","FAIL") -> PASS
A43: 9 | B43: Other Procedures | C43: 1326087.5 | D43: 7.81 | E43: 843625.41 | F43: 5.26 | G43: 0.5719 | H43: 11 | K43: 10 | L43: Anesthesia | M43: 1289633.5 | N43: 7.592 | O43: 1240553.1 | P43: 7.741 | Q43: -0.04 | S43: =C44-M43 -> 0 | T43: =E44-O43 -> 0 | U43: =IF(AND(ROUNDDOWN(S43,0)=0,ROUNDDOWN(T43,0)=0),"PASS","FAIL") -> PASS
A44: 10 | B44: Anesthesia | C44: 1289633.5 | D44: 7.59 | E44: 1240553.1 | F44: 7.74 | G44: 0.0396 | H44: 7 | K44: 11 | L44: Emergency Room | M44: 1149016.6 | N44: 6.764 | O44: 829453.92 | P44: 5.176 | Q44: -0.385 | S44: =C45-M44 -> 0 | T44: =E45-O44 -> 0 | U44: =IF(AND(ROUNDDOWN(S44,0)=0,ROUNDDOWN(T44,0)=0),"PASS","FAIL") -> PASS
A45: 11 | B45: Emergency Room | C45: 1149016.6 | D45: 6.76 | E45: 829453.92 | F45: 5.18 | G45: 0.3853 | H45: 12 | K45: 12 | L45: Obstetrics | M45: 1102285.1 | N45: 6.489 | O45: 1191045 | P45: 7.432 | Q45: 0.075 | S45: =C46-M45 -> 0 | T45: =E46-O45 -> 0 | U45: =IF(AND(ROUNDDOWN(S45,0)=0,ROUNDDOWN(T45,0)=0),"PASS","FAIL") -> PASS
A46: 12 | B46: Obstetrics | C46: 1102285.1 | D46: 6.49 | E46: 1191045 | F46: 7.43 | G46: -0.0745 | H46: 8 | K46: 13 | L46: Oncology | M46: 947498.44 | N46: 5.578 | O46: 1007925.1 | P46: 6.29 | Q46: 0.06 | S46: =C47-M46 -> 0 | T46: =E47-O46 -> 0 | U46: =IF(AND(ROUNDDOWN(S46,0)=0,ROUNDDOWN(T46,0)=0),"PASS","FAIL") -> PASS
... A53: 19 | B53: Immunizations | C53: 513399.02 | D53: 3.02 | E53: 483473.04 | F53: 3.02 | G53: 0.0619 | H53: 20 | K53: 20 | L53: Ambulatory Services | M53: 484719.95 | N53: 2.854 | O53: 399724.73 | P53: 2.494 | Q53: -0.213 | S53: =C54-M53 -> 0 | T53: =E54-O53 -> 0 | U53: =IF(AND(ROUNDDOWN(S53,0)=0,ROUNDDOWN(T53,0)=0),"PASS","FAIL") -> PASS
A54: 20 | B54: Ambulatory Services | C54: 484719.95 | D54: 2.85 | E54: 399724.73 | F54: 2.49 | G54: 0.2126 | H54: 23 | L54: All Others: | M54: =M55-SUM(M34:M53) -> 13807146 | O54: =O55-SUM(O34:O53) -> 15768587 | Q54: =IF(O54=0, "0",(M54-O54)/O54) -> -0.12438917 | S54: =C55-M54 -> -9288120.3 | T54: =E55-O54 -> -10814425 | U54: =IF(AND(ROUNDDOWN(S54,0)=0,ROUNDDOWN(T54,0)=0),"PASS","FAIL") -> FAIL
B55: All Others | C55: 4519025.6 | E55: 4954162.5 | G55: -0.0878 | L55: Total: | M55: =SP_Data!L21 -> 53225145 | O55: =SP_Data!M21 -> 48776404 | S55: =C56-M55 -> -9705379.6 | T55: =E56-O55 -> -10852111 | U55: =IF(AND(ROUNDDOWN(S55,0)=0,ROUNDDOWN(T55,0)=0),"PASS","FAIL") -> FAIL
B56: Total | C56: 43519765 | E56: 37924293 | L56: PMPM: | M56: =[1]SP_Data!G31 -> 245.13 | O56: =[1]SP_Data!H31 -> 232.45 | S56: =C57-M56 -> 11.08 | T56: =E57-O56 -> 4.2 | U56: =IF(AND(ROUNDDOWN(S56,0)=0,ROUNDDOWN(T56,0)=0),"PASS","FAIL") -> FAIL
B57: PMPM | C57: 256.21 | E57: 236.65
K60: SN | L60: Top 20 Benefit Codes | M60: Reporting Period | N60: Comparison Period | O60: % Change | P60: Prior Period Ranking | S60: Rep. amount check | T60: Comp. amount check | U60: Result
A61: SN | B61: Top 20 Benefit Codes | C61: Reporting Period | D61: Comparison Period | E61: % Change | F61: Prior Period Ranking | K61: 1 | S61: =M61-C62 -> 0 | T61: =N61-D62 -> 0 | U61: =IF(AND(ROUNDDOWN(S61,0)=0,ROUNDDOWN(T61,0)=0),"PASS","FAIL") -> PASS
K62: 2 | S62: =M62-C63 -> 0 | T62: =N62-D63 -> 0 | U62: =IF(AND(ROUNDDOWN(S62,0)=0,ROUNDDOWN(T62,0)=0),"PASS","FAIL") -> PASS
K63: 3 | S63: =M63-C64 -> 0 | T63: =N63-D64 -> 0 | U63: =IF(AND(ROUNDDOWN(S63,0)=0,ROUNDDOWN(T63,0)=0),"PASS","FAIL") -> PASS
K64: 4 | S64: =M64-C65 -> 0 | T64: =N64-D65 -> 0 | U64: =IF(AND(ROUNDDOWN(S64,0)=0,ROUNDDOWN(T64,0)=0),"PASS","FAIL") -> PASS
K65: 5 | S65: =M65-C66 -> 0 | T65: =N65-D66 -> 0 | U65: =IF(AND(ROUNDDOWN(S65,0)=0,ROUNDDOWN(T65,0)=0),"PASS","FAIL") -> PASS
K66: 6 | S66: =M66-C67 -> 0 | T66: =N66-D67 -> 0 | U66: =IF(AND(ROUNDDOWN(S66,0)=0,ROUNDDOWN(T66,0)=0),"PASS","FAIL") -> PASS
K67: 7 | S67: =M67-C68 -> 0 | T67: =N67-D68 -> 0 | U67: =IF(AND(ROUNDDOWN(S67,0)=0,ROUNDDOWN(T67,0)=0),"PASS","FAIL") -> PASS
K68: 8 | S68: =M68-C69 -> 0 | T68: =N68-D69 -> 0 | U68: =IF(AND(ROUNDDOWN(S68,0)=0,ROUNDDOWN(T68,0)=0),"PASS","FAIL") -> PASS
K69: 9 | S69: =M69-C70 -> 0 | T69: =N69-D70 -> 0 | U69: =IF(AND(ROUNDDOWN(S69,0)=0,ROUNDDOWN(T69,0)=0),"PASS","FAIL") -> PASS
K70: 10 | S70: =M70-C71 -> 0 | T70: =N70-D71 -> 0 | U70: =IF(AND(ROUNDDOWN(S70,0)=0,ROUNDDOWN(T70,0)=0),"PASS","FAIL") -> PASS
K71: 11 | S71: =M71-C72 -> 0 | T71: =N71-D72 -> 0 | U71: =IF(AND(ROUNDDOWN(S71,0)=0,ROUNDDOWN(T71,0)=0),"PASS","FAIL") -> PASS
K72: 12 | S72: =M72-C73 -> 0 | T72: =N72-D73 -> 0 | U72: =IF(AND(ROUNDDOWN(S72,0)=0,ROUNDDOWN(T72,0)=0),"PASS","FAIL") -> PASS
K73: 13 | S73: =M73-C74 -> 0 | T73: =N73-D74 -> 0 | U73: =IF(AND(ROUNDDOWN(S73,0)=0,ROUNDDOWN(T73,0)=0),"PASS","FAIL") -> PASS
... K80: 20 | S80: =M80-C81 -> 0 | T80: =N80-D81 -> 0 | U80: =IF(AND(ROUNDDOWN(S80,0)=0,ROUNDDOWN(T80,0)=0),"PASS","FAIL") -> PASS
L81: All Others: | M81: =M82-SUM(M61:M80) -> 39103557 | N81: =N82-SUM(N61:N80) -> 37986382 | O81: =IF(N81=0, "0",(M81-N81)/N81) -> 0.02940987 | S81: =M81-C82 -> 39103557 | T81: =N81-D82 -> 37986382 | U81: =IF(AND(ROUNDDOWN(S81,0)=0,ROUNDDOWN(T81,0)=0),"PASS","FAIL") -> FAIL
L82: Total: | M82: =[1]SP_Data!L21 -> 39103557 | N82: =[1]SP_Data!M21 -> 37986382 | S82: =M82-C83 -> 39103557 | T82: =N82-D83 -> 37986382 | U82: =IF(AND(ROUNDDOWN(S82,0)=0,ROUNDDOWN(T82,0)=0),"PASS","FAIL") -> FAIL
L83: PMPM: | M83: =[1]SP_Data!#REF! -> #REF! | N83: =[1]SP_Data!#REF! -> #REF! | S83: =M83-C84 -> #REF! | T83: =N83-D84 -> #REF! | U83: =IF(AND(ROUNDDOWN(S83,0)=0,ROUNDDOWN(T83,0)=0),"PASS","FAIL") -> #REF!
K87: SN | L87: Top 20 Therapeutic Classes | M87: Reporting Period | N87: Reporting PMPM | O87: Comparison Period | P87: Comparison PMPM | Q87: % Change | R87: Member Count | S87: Rep. amount check | T87: Comp. amount check | U87: Result
A88: SN | B88: Top 20 Therapeutic Classes | C88: Reporting Period | D88: Reporting PMPM | E88: Comparison Period | F88: Comparison PMPM | G88: % Change | H88: Member Count | I88: Prior Period Ranking | K88: 1 | L88: Miscellaneous | M88: 1767136.1 | N88: 10.403 | O88: 2187723.4 | P88: 13.652 | Q88: 0.192 | S88: =M88-C89 -> 0 | T88: =O88-E89 -> -0.01 | U88: =IF(AND(ROUNDDOWN(S88,0)=0,ROUNDDOWN(T88,0)=0),"PASS","FAIL") -> PASS
A89: 1 | B89: Miscellaneous | C89: 1767136.1 | D89: 10.4 | E89: 2187723.5 | F89: 13.65 | G89: -0.1922 | H89: 847 | I89: 1 | K89: 2 | L89: Diabetic Therapy | M89: 1686001.6 | N89: 9.926 | O89: 1280941.5 | P89: 7.993 | Q89: -0.316 | S89: =M89-C90 -> 0 | T89: =O89-E90 -> 0 | U89: =IF(AND(ROUNDDOWN(S89,0)=0,ROUNDDOWN(T89,0)=0),"PASS","FAIL") -> PASS
A90: 2 | B90: Diabetic Therapy | C90: 1686001.6 | D90: 9.93 | E90: 1280941.5 | F90: 7.99 | G90: 0.3162 | H90: 871 | I90: 2 | K90: 3 | L90: BLANK | M90: 1670454.8 | N90: 9.834 | O90: 836702.1 | P90: 5.221 | Q90: -0.996 | S90: =M90-C91 -> 0 | T90: =O90-E91 -> 0 | U90: =IF(AND(ROUNDDOWN(S90,0)=0,ROUNDDOWN(T90,0)=0),"PASS","FAIL") -> PASS
A91: 3 | B91: BLANK | C91: 1670454.8 | D91: 9.83 | E91: 836702.1 | F91: 5.22 | G91: 0.9965 | H91: 1705 | I91: 4 | K91: 4 | L91: Antiarthritics | M91: 1483640.1 | N91: 8.734 | O91: 1204863.2 | P91: 7.518 | Q91: -0.231 | S91: =M91-C92 -> 0 | T91: =O91-E92 -> 0 | U91: =IF(AND(ROUNDDOWN(S91,0)=0,ROUNDDOWN(T91,0)=0),"PASS","FAIL") -> PASS
A92: 4 | B92: Antiarthritics | C92: 1483640.1 | D92: 8.73 | E92: 1204863.2 | F92: 7.52 | G92: 0.2314 | H92: 1988 | I92: 3 | K92: 5 | L92: Antineoplastics | M92: 1001391.9 | N92: 5.895 | O92: 598325.86 | P92: 3.734 | Q92: -0.674 | S92: =M92-C93 -> 0 | T92: =O92-E93 -> 0 | U92: =IF(AND(ROUNDDOWN(S92,0)=0,ROUNDDOWN(T92,0)=0),"PASS","FAIL") -> PASS
A93: 5 | B93: Antineoplastics | C93: 1001391.9 | D93: 5.9 | E93: 598325.86 | F93: 3.73 | G93: 0.6737 | H93: 266 | I93: 8 | K93: 6 | L93: Lipotropics | M93: 809669.97 | N93: 4.767 | O93: 753257.81 | P93: 4.7 | Q93: -0.075 | S93: =M93-C94 -> 0 | T93: =O93-E94 -> 0 | U93: =IF(AND(ROUNDDOWN(S93,0)=0,ROUNDDOWN(T93,0)=0),"PASS","FAIL") -> PASS
A94: 6 | B94: Lipotropics | C94: 809669.97 | D94: 4.77 | E94: 753257.81 | F94: 4.7 | G94: 0.0749 | H94: 1863 | I94: 6 | K94: 7 | L94: Antivirals | M94: 699782.17 | N94: 4.12 | O94: 324996.1 | P94: 2.028 | Q94: -1.153 | S94: =M94-C95 -> 0 | T94: =O94-E95 -> 0 | U94: =IF(AND(ROUNDDOWN(S94,0)=0,ROUNDDOWN(T94,0)=0),"PASS","FAIL") -> PASS
A95: 7 | B95: Antivirals | C95: 699782.17 | D95: 4.12 | E95: 324996.1 | F95: 2.03 | G95: 1.1532 | H95: 700 | I95: 14 | K95: 8 | L95: Narcotic Analgesics | M95: 655681.31 | N95: 3.86 | O95: 528996.78 | P95: 3.301 | Q95: -0.239 | S95: =M95-C96 -> 0 | T95: =O95-E96 -> 0 | U95: =IF(AND(ROUNDDOWN(S95,0)=0,ROUNDDOWN(T95,0)=0),"PASS","FAIL") -> PASS
A96: 8 | B96: Narcotic Analgesics | C96: 655681.31 | D96: 3.86 | E96: 528996.78 | F96: 3.3 | G96: 0.2395 | H96: 2665 | I96: 10 | K96: 9 | L96: Psychostimulants-Antidepressants | M96: 649879.18 | N96: 3.826 | O96: 778466.99 | P96: 4.858 | Q96: 0.165 | S96: =M96-C97 -> 0 | T96: =O96-E97 -> 0 | U96: =IF(AND(ROUNDDOWN(S96,0)=0,ROUNDDOWN(T96,0)=0),"PASS","FAIL") -> PASS
A97: 9 | B97: Psychostimulants-Antidepressants | C97: 649879.18 | D97: 3.83 | E97: 778466.99 | F97: 4.86 | G97: -0.1652 | H97: 1486 | I97: 5 | K97: 10 | L97: Anti-Ulcer Preps/Gastrointestinal Preps | M97: 577231.89 | N97: 3.398 | O97: 502727.36 | P97: 3.137 | Q97: -0.148 | S97: =M97-C98 -> 0 | T97: =O97-E98 -> 0 | U97: =IF(AND(ROUNDDOWN(S97,0)=0,ROUNDDOWN(T97,0)=0),"PASS","FAIL") -> PASS
A98: 10 | B98: Anti-Ulcer Preps/Gastrointestinal Preps | C98: 577231.89 | D98: 3.4 | E98: 502727.36 | F98: 3.14 | G98: 0.1482 | H98: 1311 | I98: 11 | K98: 11 | L98: Other Antihypertensives | M98: 549738.93 | N98: 3.236 | O98: 561068.7 | P98: 3.501 | Q98: 0.02 | S98: =M98-C99 -> 0 | T98: =O98-E99 -> 0 | U98: =IF(AND(ROUNDDOWN(S98,0)=0,ROUNDDOWN(T98,0)=0),"PASS","FAIL") -> PASS
A99: 11 | B99: Other Antihypertensives | C99: 549738.93 | D99: 3.24 | E99: 561068.7 | F99: 3.5 | G99: -0.0202 | H99: 2105 | I99: 9 | K99: 12 | L99: Bronchial Dilators | M99: 542504.11 | N99: 3.194 | O99: 617283.86 | P99: 3.852 | Q99: 0.121 | S99: =M99-C100 -> 0 | T99: =O99-E100 -> 0 | U99: =IF(AND(ROUNDDOWN(S99,0)=0,ROUNDDOWN(T99,0)=0),"PASS","FAIL") -> PASS
A100: 12 | B100: Bronchial Dilators | C100: 542504.11 | D100: 3.19 | E100: 617283.86 | F100: 3.85 | G100: -0.1211 | H100: 1503 | I100: 7 | K100: 13 | L100: Non-Narcotic Analgesics | M100: 313152.04 | N100: 1.844 | O100: 339203.98 | P100: 2.117 | Q100: 0.077 | S100: =M100-C101 -> 0 | T100: =O100-E101 -> 0 | U100: =IF(AND(ROUNDDOWN(S100,0)=0,ROUNDDOWN(T100,0)=0),"PASS","FAIL") -> PASS
... A107: 19 | B107: Anticonvulsants | C107: 242614.66 | D107: 1.43 | E107: 209483.36 | F107: 1.31 | G107: 0.1582 | H107: 707 | I107: 19 | K107: 20 | L107: Diagnostics | M107: 240610.44 | N107: 1.416 | O107: 228954.06 | P107: 1.429 | Q107: -0.051 | S107: =M107-C108 -> 0 | T107: =O107-E108 -> 0 | U107: =IF(AND(ROUNDDOWN(S107,0)=0,ROUNDDOWN(T107,0)=0),"PASS","FAIL") -> PASS
A108: 20 | B108: Diagnostics | C108: 240610.44 | D108: 1.42 | E108: 228954.06 | F108: 1.43 | G108: 0.0509 | H108: 438 | I108: 18 | L108: All Others: | M108: =M109-SUM(M88:M107) -> 260620.96 | O108: =O109-SUM(O88:O107) -> 2117607.7 | S108: =M108-C109 -> -3265998.5 | T108: =O108-E109 -> -913230.78 | U108: =IF(AND(ROUNDDOWN(S108,0)=0,ROUNDDOWN(T108,0)=0),"PASS","FAIL") -> FAIL
B109: All Others | C109: 3526619.5 | E109: 3030838.4 | G109: 0.1636 | L109: Total: | M109: =SP_Data!L22 -> 14494637 | O109: =SP_Data!M22 -> 14273024 | S109: =M109-C110 -> -3265998.5 | T109: =O109-E110 -> -913230.79 | U109: =IF(AND(ROUNDDOWN(S109,0)=0,ROUNDDOWN(T109,0)=0),"PASS","FAIL") -> FAIL
B110: Total | C110: 17760635 | E110: 15186255 | L110: PMPM: | M110: =[1]SP_Data!G32 -> 103.77 | O110: =[1]SP_Data!H32 -> 88.6 | S110: =M110-C111 -> -0.79 | T110: =O110-E111 -> -6.16 | U110: =IF(AND(ROUNDDOWN(S110,0)=0,ROUNDDOWN(T110,0)=0),"PASS","FAIL") -> FAIL
B111: PMPM | C111: 104.56 | E111: 94.76
K114: SN | L114: Top 20 Drugs | M114: Generic | N114: Reporting Period | O114: Prescription Count | P114: Member Count | Q114: Comparison Period | R114: % Change | S114: Rep. amount check | T114: Comp. amount check | U114: Result
A115: SN | B115: Top 20 Drugs | C115: Generic | D115: Reporting Period | E115: Prescription Count | F115: Member Count | G115: Comparison Period | H115: % Change | I115: Prior Period Ranking | K115: 2 | L115: Humira | N115: 596927.83 | Q115: 432236.58 | R115: -0.996 | S115: =N115-D116 -> 0 | T115: =G116-Q115 -> 0 | U115: =IF(AND(ROUNDDOWN(S115,0)=0,ROUNDDOWN(T115,0)=0),"PASS","FAIL") -> PASS
A116: 1 | B116: Humira | C116: N | D116: 596927.83 | E116: 202 | F116: 27 | G116: 432236.58 | H116: 0.381 | I116: 2 | K116: 3 | L116: Enbrel | N116: 485684.11 | Q116: 466604.5 | R116: -0.381 | S116: =N116-D117 -> 0 | T116: =G117-Q116 -> 0 | U116: =IF(AND(ROUNDDOWN(S116,0)=0,ROUNDDOWN(T116,0)=0),"PASS","FAIL") -> PASS
A117: 2 | B117: Enbrel | C117: N | D117: 485684.11 | E117: 174 | F117: 22 | G117: 466604.5 | H117: 0.0409 | I117: 1 | K117: 4 | L117: Lumizyme | N117: 441005.12 | Q117: 275776.3 | R117: -0.041 | S117: =N117-D118 -> 0 | T117: =G118-Q117 -> 0 | U117: =IF(AND(ROUNDDOWN(S117,0)=0,ROUNDDOWN(T117,0)=0),"PASS","FAIL") -> PASS
A118: 3 | B118: Lumizyme | C118: N | D118: 441005.12 | E118: 13 | F118: 1 | G118: 275776.3 | H118: 0.5991 | I118: 5 | K118: 5 | L118: Lantus Solostar | N118: 354810.14 | Q118: 252607.4 | R118: -0.599 | S118: =N118-D119 -> 0 | T118: =G119-Q118 -> 0 | U118: =IF(AND(ROUNDDOWN(S118,0)=0,ROUNDDOWN(T118,0)=0),"PASS","FAIL") -> PASS
A119: 4 | B119: Lantus Solostar | C119: N | D119: 354810.14 | E119: 551 | F119: 126 | G119: 252607.4 | H119: 0.4046 | I119: 6 | K119: 6 | L119: Crestor | N119: 331825.68 | Q119: 323253.45 | R119: -0.405 | S119: =N119-D120 -> 0 | T119: =G120-Q119 -> 0 | U119: =IF(AND(ROUNDDOWN(S119,0)=0,ROUNDDOWN(T119,0)=0),"PASS","FAIL") -> PASS
A120: 5 | B120: Crestor | C120: N | D120: 331825.68 | E120: 883 | F120: 277 | G120: 323253.45 | H120: 0.0265 | I120: 3 | K120: 7 | L120: Sovaldi | N120: 315583 | Q120: 28678 | R120: -0.027 | S120: =N120-D121 -> 0 | T120: =G121-Q120 -> 0 | U120: =IF(AND(ROUNDDOWN(S120,0)=0,ROUNDDOWN(T120,0)=0),"PASS","FAIL") -> PASS
A121: 6 | B121: Sovaldi | C121: N | D121: 315583 | E121: 11 | F121: 4 | G121: 28678 | H121: 10.0044 | I121: 117 | K121: 8 | L121: Nexium | N121: 279677.94 | Q121: 302748.78 | R121: -10.004 | S121: =N121-D122 -> 0 | T121: =G122-Q121 -> 0 | U121: =IF(AND(ROUNDDOWN(S121,0)=0,ROUNDDOWN(T121,0)=0),"PASS","FAIL") -> PASS
A122: 7 | B122: Nexium | C122: N | D122: 279677.94 | E122: 588 | F122: 171 | G122: 302748.78 | H122: -0.0762 | I122: 4 | K122: 9 | L122: Duloxetine Hcl | N122: 196578.84 | Q122: 57911.3 | R122: 0.076 | S122: =N122-D123 -> 0 | T122: =G123-Q122 -> 0 | U122: =IF(AND(ROUNDDOWN(S122,0)=0,ROUNDDOWN(T122,0)=0),"PASS","FAIL") -> PASS
A123: 8 | B123: Duloxetine Hcl | C123: Y | D123: 196578.84 | E123: 441 | F123: 132 | G123: 57911.3 | H123: 2.3945 | I123: 51 | K123: 10 | L123: Androgel | N123: 180655.18 | Q123: 212153.95 | R123: -2.394 | S123: =N123-D124 -> 0 | T123: =G124-Q123 -> 0 | U123: =IF(AND(ROUNDDOWN(S123,0)=0,ROUNDDOWN(T123,0)=0),"PASS","FAIL") -> PASS
A124: 9 | B124: Androgel | C124: N | D124: 180655.18 | E124: 251 | F124: 59 | G124: 212153.95 | H124: -0.1485 | I124: 7 | K124: 11 | L124: Advair Diskus | N124: 169804.91 | Q124: 171871.93 | R124: 0.148 | S124: =N124-D125 -> 0 | T124: =G125-Q124 -> 0 | U124: =IF(AND(ROUNDDOWN(S124,0)=0,ROUNDDOWN(T124,0)=0),"PASS","FAIL") -> PASS
A125: 10 | B125: Advair Diskus | C125: N | D125: 169804.91 | E125: 430 | F125: 155 | G125: 171871.93 | H125: -0.012 | I125: 9 | K125: 12 | L125: Subsys | N125: 168380.09 | Q125: 65460.9 | R125: 0.012 | S125: =N125-D126 -> 0 | T125: =G126-Q125 -> 0 | U125: =IF(AND(ROUNDDOWN(S125,0)=0,ROUNDDOWN(T125,0)=0),"PASS","FAIL") -> PASS
A126: 11 | B126: Subsys | C126: N | D126: 168380.09 | E126: 18 | F126: 4 | G126: 65460.9 | H126: 1.5722 | I126: 46 | K126: 13 | L126: Abilify | N126: 157515.03 | Q126: 132365.89 | R126: -1.572 | S126: =N126-D127 -> 0 | T126: =G127-Q126 -> 0 | U126: =IF(AND(ROUNDDOWN(S126,0)=0,ROUNDDOWN(T126,0)=0),"PASS","FAIL") -> PASS
A127: 12 | B127: Abilify | C127: N | D127: 157515.03 | E127: 97 | F127: 29 | G127: 132365.89 | H127: 0.19 | I127: 16 | K127: 14 | L127: Copaxone | N127: 147124.78 | Q127: 151298.43 | R127: -0.19 | S127: =N127-D128 -> 0 | T127: =G128-Q127 -> 0 | U127: =IF(AND(ROUNDDOWN(S127,0)=0,ROUNDDOWN(T127,0)=0),"PASS","FAIL") -> PASS
... A133: 18 | B133: Lyrica | C133: N | D133: 133491.87 | E133: 323 | F133: 80 | G133: 104835.86 | H133: 0.2733 | I133: 25 | K133: 20 | L133: Celebrex | N133: 132595.93 | Q133: 146365.96 | R133: -0.273 | S133: =N133-D134 -> 0 | T133: =G134-Q133 -> 0 | U133: =IF(AND(ROUNDDOWN(S133,0)=0,ROUNDDOWN(T133,0)=0),"PASS","FAIL") -> PASS
A134: 19 | B134: Celebrex | C134: N | D134: 132595.93 | E134: 331 | F134: 136 | G134: 146365.96 | H134: -0.0941 | I134: 14 | R134: 0.094 | S134: =N134-D135 -> -128494.54 | T134: =G135-Q134 -> 98377.02 | U134: =IF(AND(ROUNDDOWN(S134,0)=0,ROUNDDOWN(T134,0)=0),"PASS","FAIL") -> FAIL
A135: 20 | B135: Lantus | C135: N | D135: 128494.54 | E135: 239 | F135: 56 | G135: 98377.02 | H135: 0.3061 | I135: 28 | L135: All Others: | N135: =N136-SUM(N115:N133) -> 11898502 | Q135: =Q136-SUM(Q115:Q133) -> 10995476 | R135: =IF(Q135=0,"0",(N135-Q135)/Q135) -> 0.082127038 | S135: =N135-D136 -> 591709.9 | T135: =G136-Q135 -> -228171.03 | U135: =IF(AND(ROUNDDOWN(S135,0)=0,ROUNDDOWN(T135,0)=0),"PASS","FAIL") -> FAIL
...

Sheet High Cost Members
A1: Testing Environment | B1: Section | C1: Sub-Section | D1: Test Summary | E1: Makalu Test Procedure | F1: Backend Test Procedure | G1: Test Data | H1: Test Result | I1: Related Defects | J1: Remarks
H2: DATE
A3: MSSQL 2008 R2 | B3: High Cost Members | C3: Record Count | D3: Verify Record Count | E3: 1) Login to Makalu 2) Click "Dynamic Reports" 3) Select Default values(Basis and Period) 3) Click "Search" 4) Click "Duplicate Claims" 5) The Makalu result for both "Reporting Period" and "Comparision Period" can be seen in "HCM Data" tab. | F3: 1) Run the query from following svn path | G3: HCM Data'!A1 | H3: Pass
C4: Member ID | D4: Verify Member ID | F4: http://www.deerwalk.com/repos/dwproject/makalu/docs/quality_control/test_cases/data_qc/1MASTER/Automated_Scripts/Care_Analytics/All_IN_ONE_INCURRED_1_8_0.sql | H4: Pass
C5: Member/ Spouse/ Dependent | D5: Verify Member/ Spouse/ Dependent | F5: 2) The Backend result for both "Reporting Period" and "Comparision Period" can be seen in "HCM Data" tab. | H5: Pass
C6: Primary Diagnosis | D6: Verify Primary Diagnosis | H6: Pass
C7: Inpatient Cost | D7: Verify Inpatient Cost | H7: Pass
C8: Other Facility | D8: Verify Other Facility | H8: Pass
C9: Physician Cost | D9: Verify Physician Cost | H9: Pass
C10: Pharmacy Cost | D10: Verify Pharmacy Cost | H10: Pass
C11: Total | D11: Verify Total | H11: Pass

Sheet Membership_Distribution
A1: Testing Environment | B1: Section | C1: Sub-Section | E1: Test Summary | F1: Makalu Test Procedure | G1: Backend Test Procedure | H1: Test Data | I1: Test Result | J1: Related Defects | K1: Remarks
I2: DATE
A3: MSSQL 2008 R2 | B3: Membership Distribution | C3: Age Band | D3: Female | E3: Verify Female Count | F3: 1) Login to Makalu 2) Click "Dynamic Reports" 3) Select Default values(Basis and Period) 3) Click "Search" 4) Click "Duplicate Claims" 5) The Makalu result for both "Reporting Period" and "Comparision Period" can be seen in "MD Data" tab. | G3: 1) Run the query from following svn path | H3: MD Data'!A1 | I3: Pass
D4: Male | E4: Verify Male Count | G4: http://www.deerwalk.com/repos/dwproject/makalu/docs/quality_control/test_cases/data_qc/1MASTER/Automated_Scripts/Care_Analytics/All_IN_ONE_INCURRED_1_8_0.sql | I4: Pass
D5: Total | E5: Verify Total Count | G5: 2) The Backend result for both "Reporting Period" and "Comparision Period" can be seen in "MD Data" tab. | I5: Pass
D6: % | E6: Verify % | I6: Pass

Sheet Coverage By Relationship
A1: Testing Environment | B1: Section | C1: Sub-Section | E1: Test Summary | F1: Makalu Test Procedure | G1: Backend Test Procedure | H1: Test Data | I1: Test Result | J1: Related Defects | K1: Remarks
I2: DATE
A3: MSSQL 2008 R2 | B3: Coverage By Reltionship | C3: Employee | D3: 1) Count 2) Count % 3) Amount Paid 4) Amount Paid % | E3: 1) Verify Count 2) Verify Count % 3) Verify Amount Paid 4) Verify Amount Paid % | F3: 1) Login to Makalu 2) Click "Dynamic Reports" 3) Select Default values(Basis and Period) 3) Click "Search" 4) Click "Coverage By Relationship" 5) The Makalu result for both "Reporting Period" and "Comparision Period" can be seen in "CBR Data" tab. | G3: 1) Run the query from following svn path | H3: CBR Data'!A1 | I3: Pass
C4: Spouse | G4: http://www.deerwalk.com/repos/dwproject/makalu/docs/quality_control/test_cases/data_qc/1MASTER/Automated_Scripts/Care_Analytics/All_IN_ONE_INCURRED_1_8_0.sql | I4: Pass
C5: Dependents | G5: 2) The Backend result for both "Reporting Period" and "Comparision Period" can be seen in "CBR Data" tab. | I5: Pass
C6: Total | I6: Pass

Sheet HSQ Data
A1: Makalu Result | H1: Backend Result
A2: Reporting Period | H2: Reporting Period | N2: Result
A3: - | B3: # of Members | C3: Medical Cost | D3: Pharmacy Cost | E3: Average Cost | F3: % of Total Paid | H3: - | I3: # of Members | J3: Medical Cost | K3: Pharmacy Cost | L3: Average Cost | M3: % of Total Paid
A4: Top 1% | B4: 399 | H4: Top 1% | M4: =(J4+K4)/(J10+K10) -> 0 | N4: =EXACT(#REF!,J4) -> #REF!
A5: 2-5% | B5: 1600 | H5: 2-5% | M5: =(J5+K5)/(J10+K10) -> 0 | N5: =EXACT(C4,J5) -> TRUE
A6: 6-10% | B6: 2000 | H6: 6-10% | M6: =(J6+K6)/(J10+K10) -> 0 | N6: =EXACT(C5,J6) -> TRUE
A7: 11-25% | B7: 5999 | H7: 11-25% | M7: =(J7+K7)/(J10+K10) -> 0 | N7: =EXACT(C6,J7) -> TRUE
A8: 26-50% | B8: 9998 | H8: 26-50% | M8: =(J8+K8)/(J10+K10) -> 0 | N8: =EXACT(C7,J8) -> TRUE
A9: 51-100% | B9: 19996 | H9: 51-100% | M9: =(J9+K9)/(J10+K10) -> 0 | N9: =EXACT(C8,J9) -> TRUE
A10: Total | B10: 39992 | H10: Total | I10: =SUM(I4:I9) -> 0 | J10: 4238012 | K10: 1479174.6 | L10: =(J10+K10)/I10 -> #DIV/0! | M10: =SUM(M4:M9) -> 0 | N10: =EXACT(C9,J10) -> FALSE
A12: Comparision Period | H12: Comparision Period | N12: Result
A13: - | B13: # of Members | C13: Medical Cost | D13: Pharmacy Cost | E13: Average Cost | F13: % of Total Paid | H13: - | I13: # of Members | J13: Medical Cost | K13: Pharmacy Cost | L13: Average Cost | M13: % of Total Paid
A14: Top 1% | B14: 237 | H14: Top 1% | N14: =EXACT(C14,J14) -> TRUE
A15: 2-5% | B15: 952 | H15: 2-5% | N15: =EXACT(C15,J15) -> TRUE
A16: 6-10% | B16: 1190 | H16: 6-10% | N16: =EXACT(C16,J16) -> TRUE
A17: 11-25% | B17: 3568 | H17: 11-25% | N17: =EXACT(C17,J17) -> TRUE
A18: 26-50% | B18: 5948 | H18: 26-50% | N18: =EXACT(C18,J18) -> TRUE
A19: 51-100% | B19: 11896 | H19: 51-100% | N19: =EXACT(C19,J19) -> TRUE
A20: Total | B20: 23791 | H20: Total | I20: 23791 | J20: 0 | K20: 0 | L20: 0 | M20: 0 | N20: =EXACT(C20,J20) -> FALSE

Sheet UM Data
A1: Makalu Result | G1: Backend Result
A2: Utilization Metrics | B2: Metric Criteria | C2: Reporting Period | D2: Comparision Period | E2: % Change | G2: Utilization Metrics | H2: Metric Criteria | I2: Reporting Period | J2: Comparision Period | K2: % Change | L2: Result
A3: ER Visits | B3: per 1000 | C3: 241.08 | D3: 316.02 | E3: -0.2371 | G3: ER Visits | H3: per 1000 | L3: =EXACT(C3,I3) -> FALSE
A4: Total Office Visits | B4: per 1000 | C4: 2689.18 | D4: 3769.96 | E4: -0.2867 | G4: Total Office Visits | H4: per 1000 | L4: =EXACT(C4,I4) -> FALSE
A5: Routine Office Visits | G5: Routine Office Visits | H5: per 1000 | L5: =EXACT(C5,I5) -> TRUE
A6: per 1000 | B6: 2168.76 | C6: 3012.58 | D6: -0.2801 | G6: Preventive Office Visits | H6: per 1000 | L6: =EXACT(C6,I6) -> FALSE
A7: Preventive Office Visits | G7: Mental Health Office Visits | H7: per 1000 | L7: =EXACT(C7,I7) -> TRUE
A8: per 1000 | B8: 317.52 | C8: 455.74 | D8: -0.3033 | G8: Chiropractic Visits | H8: per 1000 | L8: =EXACT(C8,I8) -> FALSE
A9: Mental Health Office Visits | G9: Physical Therapy | H9: per 1000 | L9: =EXACT(C9,I9) -> TRUE
A10: per 1000 | B10: 143.73 | C10: 192.93 | D10: -0.255 | G10: MRI Scan | H10: per 1000 | L10: =EXACT(C10,I10) -> FALSE
A11: Chiropractic Visits | B11: per 1000 | C11: 184.06 | D11: 255.17 | E11: -0.2787 | G11: CT Scan | H11: per 1000 | L11: =EXACT(C11,I11) -> FALSE
A12: Physical Therapy | B12: per 1000 | C12: 343.4 | D12: 493.76 | E12: -0.3045 | G12: Newborn Deliveries | H12: per 1000 | L12: =EXACT(C12,I12) -> FALSE
A13: MRI Scan | B13: per 1000 | C13: 75.59 | D13: 93.54 | E13: -0.1919 | G13: Vaginal Deliveries | H13: per 1000 | L13: =EXACT(C13,I13) -> FALSE
A14: CT Scan | B14: per 1000 | C14: 103.76 | D14: 142.22 | E14: -0.2704 | G14: C-Section Deliveries | H14: per 1000 | L14: =EXACT(C14,I14) -> FALSE
A15: Newborn Deliveries | B15: per 1000 | C15: 11.62 | D15: 15.24 | E15: -0.2375 | G15: SNF Days | H15: per 1000 | L15: =EXACT(C15,I15) -> FALSE
A16: Vaginal Deliveries | G16: Inpatient Days | H16: per 1000 | L16: =EXACT(C16,I16) -> TRUE
A17: per 1000 | B17: 7.36 | C17: 9.79 | D17: -0.2482 | G17: Total Admissions | H17: per 1000 | L17: =EXACT(C17,I17) -> FALSE
A18: C-Section Deliveries | G18: Medical Admissions | H18: per 1000 | L18: =EXACT(C18,I18) -> TRUE
A19: per 1000 | B19: 4.26 | C19: 5.45 | D19: -0.2183 | G19: Surgical Admissions | H19: per 1000 | L19: =EXACT(C19,I19) -> FALSE
A20: SNF Days | B20: per 1000 | C20: 0 | D20: 0 | E20: 0 | G20: Maternity Admissions | H20: per 1000 | L20: =EXACT(C20,I20) -> FALSE
A21: Inpatient Days | B21: per 1000 | C21: 1510.84 | D21: 67.86 | E21: 21.2641 | G21: Mental Health Admissions | H21: per 1000 | L21: =EXACT(C21,I21) -> FALSE
A22: Total Admissions | B22: per 1000 | C22: 9.33 | D22: 18.55 | E22: -0.497 | G22: Substance Abuse Admissions | H22: per 1000 | L22: =EXACT(C22,I22) -> FALSE
A23: Medical Admissions | G23: Admissions from ER | H23: % in Admission | L23: =EXACT(C23,I23) -> TRUE
A24: per 1000 | B24: 9.15 | C24: 17.73 | D24: -0.4839 | G24: Average Length of Stay | H24: Days | L24: =EXACT(C24,I24) -> FALSE
A25: Surgical Admissions | G25: Pharmacy Scripts | H25: per 1000 | L25: =EXACT(C25,I25) -> TRUE
A26: per 1000 | B26: 0.09 | C26: 0.12 | D26: -0.25 | G26: Pharmacy Scripts Mail Order | H26: % of Total | L26: =EXACT(C26,I26) -> FALSE
A27: Maternity Admissions
A28: per 1000 | B28: 0 | C28: 0 | D28: 0
A29: Mental Health or Substance Abuse Admissions
A30: per 1000 | B30: 0.13 | C30: 0.7 | D30: -0.8143
A31: Admissions from ER | B31: % in Admission | C31: 7.21 | D31: 2.5 | E31: 1.884
A32: Average Length of Stay | B32: Days | C32: 161.92 | D32: 3.66 | E32: 43.2404
A33: Pharmacy Scripts | B33: per 1000 | C33: 0 | D33: 0 | E33: 0
A34: Pharmacy Scripts Mail Order | B34: % of Total | C34: 0 | D34: 0 | E34: 0
A35: Pharmacy Scripts Brand Drugs | B35: % of Total | C35: 0 | D35: 0 | E35: 0

Sheet Chronic Conditions
A1: Testing Environment | B1: Section | C1: Sub-Section | E1: Test Summary | F1: Makalu Test Procedure | G1: Backend Test Procedure | H1: Test Data | I1: Test Result | J1: Related Defects | K1: Remarks
I2: 40941
A3: MSSQL 2008 R2 | B3: Chronic Conditions | C3: 1) Prevalance 2) Utilization | D3: Chronic Condition | E3: 1) Verify Chronic Condition | F3: 1) Login to Makalu 2) Click "Dynamic Reports" 3) Select Default values(Basis and Period) 3) Click "Search" 4) Click "Chronic Conditions" 5) The Makalu result for both "Reporting Period" and "Comparision Period" can be seen in "CC Data" tab. | G3: 1) Run the query from following svn path 2) The Backend result for both "Reporting Period" and "Comparision Period" can be seen in "CC Data" tab. | H3: CC Data'!A1 | I3: Not Tested
D4: #With Condition | E4: 1) Verify #With Condition | I4: Not Tested
D5: % of Members | E5: 1) Verify % of Members | I5: Not Tested
D6: Members Per 1000 | E6: 1) VerifyMembers Per 1000 | I6: Not Tested

Sheet Duplicate Claims
A1: Testing Environment | B1: Section | C1: Sub-Section | D1: Test Summary | E1: Makalu Test Procedure | F1: Backend Test Procedure | G1: Test Data | H1: Test Result | I1: Related Defects | J1: Remarks
H2: 40941
A3: MSSQL 2008 R2 | B3: Duplicate Claims | C3: Inpatient Hospital | D3: Verify Inpatient Hospital | E3: 1) Login to Makalu 2) Click "Dynamic Reports" 3) Select Default values(Basis and Period) 3) Click "Search" 4) Click "Duplicate Claims" 5) The Makalu result for both "Reporting Period" and "Comparision Period" can be seen in "DC Data" tab. | F3: 1) Run the query from following svn path | G3: DC Data'!A1 | H3: Not Tested
C4: Outpatient Hospital | D4: Verify Outpatient Hospital | F4: http://www.deerwalk.com/repos/dwproject/makalu/docs/quality_control/test_cases/data_qc/Testing_Script/DuplicateClaims.sql | H4: Not Tested
C5: Outpatient Non Hospital | D5: Verify Outpatient Non Hospital | F5: 2) The Backend result for both "Reporting Period" and "Comparision Period" can be seen in "DC Data" tab. | H5: Not Tested
C6: Physician | D6: Verify Physician | H6: Not Tested
C7: Primary Care Physician | D7: Verify Primary Care Physician | H7: Not Tested
C8: Total | D8: Verify Total | H8: Not Tested

Sheet DC Data
A1: Makalu Result | H1: Backend Result
A2: Claims to Same Provider for Same Date of Service - $ >0 | H2: Claims to Same Provider for Same Date of Service - $ >0 | L2: Result
A3: Total Claim Paid | B3: % Suspect | C3: Number of Claims | D3: Amount Paid | H3: Total Claim Paid | I3: % Suspect | J3: Number of Claims | K3: Amount Paid
L4: =EXACT(A4,H4) -> TRUE
A6: Place Of Service | B6: Total Amount Paid | C6: Number of Suspect Claims | D6: Total Number of Claims | E6: % Suspect | F6: Duplicate Amount | H6: Place Of Service | I6: Total Amount Paid | J6: Number of Suspect Claims | K6: Total Number of Claims | L6: % Suspect | M6: Duplicate Amount | N6: Result
H7: Inpatient Hospital | N7: =EXACT(C7,J7) -> TRUE
H8: Outpatient Hospital | N8: FALSE
H9: Outpatient Non Hospital | N9: =EXACT(C9,J9) -> TRUE
H10: Physician | N10: =EXACT(C10,J10) -> TRUE
H11: Primary Care Physician | N11: =EXACT(C11,J11) -> TRUE
H12: others | N12: =EXACT(C12,J12) -> TRUE
H13: Total | N13: FALSE

Sheet CC Tab
A3: Chronic Condition | B3: # With Condition | C3: % of Members | D3: Members per 1000 | E3: # With Condition | F3: % of Members
A5: 000000001226298 | B5: 000000001226298 | C5: =(A5=B5) -> TRUE
A6: 000000033225238 | B6: 000000033225238 | C6: =(A6=B6) -> TRUE
A7: 000000036217660 | B7: 000000036217660 | C7: =(A7=B7) -> TRUE
A8: 000000039119217 | B8: 000000039119217 | C8: =(A8=B8) -> TRUE
A9: 000000045130439 | B9: 000000072118413 | C9: =(A9=B9) -> FALSE
A10: 000000072118413 | B10: 000000072218234 | C10: =(A10=B10) -> FALSE
A11: 000000072218234 | B11: 000000075126363 | C11: =(A11=B11) -> FALSE
A12: 000000077120302 | B12: 000000077120302 | C12: =(A12=B12) -> TRUE
A13: 000000084220903 | B13: 000000077218591 | C13: =(A13=B13) -> FALSE
A14: 000000118117686 | B14: 000000084220903 | C14: =(A14=B14) -> FALSE
A15: 000000118219553 | B15: 000000131223524 | C15: =(A15=B15) -> FALSE
A16: 000000131223524 | B16: 000000140120478 | C16: =(A16=B16) -> FALSE
... A58: 000000827227971 | B58: 000000850227708 | C58: =(A58=B58) -> FALSE
A59: 000000837138062 | C59: =(A59=B59) -> FALSE

Sheet Custom Report
A1: Members by County, Age, Gender
A3: Makalu Result (last processing) | P3: Makalu Result current processing) | Z3: Makalu Result (Scrub result)
A4: SN | B4: PCP | C4: Gross Dollars | D4: Member Months | E4: PMPM | F4: County | G4: Age | H4: Gender Grouping | P4: SN | Q4: PCP | R4: Gross Dollars | S4: Member Months | T4: PMPM | U4: County | V4: Age | W4: Gender Grouping | Z4: SN | AA4: PCP | AB4: Gross Dollars | AC4: Member Months | AD4: PMPM | AF4: Amount test | AG4: Member check | AH4: PMPM check | AI4: PCP Test
A26: Makalu Result (last processing) | P26: Makalu Result current processing)
B27: PCP Cost By Type | P27: PCP Cost By Type
A28: Makalu Result (last processing) | P28: Makalu Result (last processing) | AA28: Makalu Result (last processing)
A29: SN | B29: PCP Name | C29: Primary Costs | D29: Speciality Costs | E29: Hospital Costs | F29: Pharmacy Costs | G29: Outpatient Costs | H29: Mental Health | I29: Non Acute Costs | J29: Members | P29: SN | Q29: PCP Name | R29: Primary Costs | S29: Speciality Costs | T29: Hospital Costs | U29: Pharmacy Costs | V29: Outpatient Costs | W29: Mental Health | X29: Non Acute Costs | Y29: Members
A41: Makalu Result (last processing) | P41: Makalu Result (last processing)
A42: PCP Speciality Cost | P42: PCP Speciality Cost
A43: SN | B43: PCP Name/ Speciality | C43: Family Practitioner | D43: General Practitioner | E43: OB/GYN | F43: Internal Medicine | G43: Osteopathy | H43: Pediatrician | I43: Federally Qualified Health Center | J43: Public Health Department | K43: Community Health Center | L43: Certified Nurse Practitioner | M43: Rural Health Center (RHCs) | N43: Unknown-Speciality | P43: SN | Q43: PCP Name/ Speciality | R43: Family Practitioner | S43: General Practitioner | T43: OB/GYN | U43: Internal Medicine | V43: Osteopathy | W43: Pediatrician | X43: Federally Qualified Health Center | Y43: Public Health Department | Z43: Community Health Center | AA43: Certified Nurse Practitioner | AB43: Rural Health Center (RHCs) | AC43: Unknown-Speciality
A51: Makalu Result (last processing) | P51: Makalu Result (last processing)
A52: Quarterly Health Maintenance Report | P52: Quarterly Health Maintenance Report
A53: Current Quarter | D53: Prior Quarter | P53: Current Quarter | S53: Prior Quarter
A54: Metric | B54: # Enrolled Members | C54: # Meeting Metric | D54: % Meeting Metric | E54: # Enrolled Members | F54: # Meeting Metric | G54: % Meeting Metric | H54: % Meeting Metric (YTD) | P54: Metric | Q54: # Enrolled Members | R54: # Meeting Metric | S54: % Meeting Metric | T54: # Enrolled Members | U54: # Meeting Metric | V54: % Meeting Metric | W54: % Meeting Metric (YTD)

Sheet Info
A1: TEST RESULT LEGEND
A3: Pass | B3: All test cases pass
A4: Partially Pass | B4: Only some test cases pass
A5: Fail | B5: All test cases fail
A6: Blocked | B6: Test Blocked due to a reason
A7: Ongoing | B7: Test ongoing
A8: Pending | B8: Test pending
A9: Not Tested | B9: Not Tested due to a reason

Sheet Sheet1

Sheet Um Verfication
A1: Basis: Incurred
A2: Makalu Result (Last Processing) | G2: Makalu Result (Current Processing)
A3: Utilization Metrics | B3: Unit | C3: Reporting Period | D3: Comparison Period | E3: % Change | G3: Utilization Metrics | H3: Unit | I3: Reporting Period | J3: Comparison Period | K3: % Change
G4: Member Months
G5: ER Visits
G6: Total Office Visits
G7: Routine Office Visits
G8: Preventive Office Visits
G9: Mental Health Office Visits
G10: Other
G11: Chiropractic Visits
G12: Physical Therapy
G13: MRI Scan
G14: CT Scan
G15: Dialysis Services
... G29: Pharmacy Scripts Generic Drugs
A31: Trending Analysis ( Diff of 10 % is considered for Monthly Clients )
A32: Utilization Metrics | B32: Reporting Period | C32: Comparison Period | D32: Result
A33: Member Months | B33: =IF(C4=0,0%,(I4-C4)/C4) -> 0 | C33: =IF(D4=0,0%,(J4-D4)/D4) -> 0 | D33: =IF(AND(B33<=10%,C33<=10%,B33>=-10%,C33>=-10%),"PASS","FAIL") -> PASS | G33: Member Months | H33: Total | I33: 85444 | J33: 160962 | K33: -0.4692
A34: ER Visits | B34: =IF(C5=0,0%,(I5-C5)/C5) -> 0 | C34: =IF(D5=0,0%,(J5-D5)/D5) -> 0 | D34: =IF(AND(B34<=10%,C34<=10%,B34>=-10%,C34>=-10%),"PASS","FAIL") -> PASS | G34: ER Visits | H34: Visits | I34: 970 | J34: 2135 | K34: -0.5721 | N34: Aug 2014 - Jan 2015 | Q34: Aug 2014 - Jan 2015
A35: Total Office Visits | B35: =IF(C6=0,0%,(I6-C6)/C6) -> 0 | C35: =IF(D6=0,0%,(J6-D6)/D6) -> 0 | D35: =IF(AND(B35<=10%,C35<=10%,B35>=-10%,C35>=-10%),"PASS","FAIL") -> PASS | G35: Urgent Care Visits | H35: Visits | I35: 531 | J35: 1379 | K35: -0.6373
A36: Routine Office Visits | B36: =IF(C7=0,0%,(I7-C7)/C7) -> 0 | C36: =IF(D7=0,0%,(J7-D7)/D7) -> 0 | D36: =IF(AND(B36<=10%,C36<=10%,B36>=-10%,C36>=-10%),"PASS","FAIL") -> PASS | G36: Total Office Visits | H36: Visits | I36: 22617 | J36: 56235 | K36: -0.6212
A37: Preventive Office Visits | B37: =IF(C8=0,0%,(I8-C8)/C8) -> 0 | C37: =IF(D8=0,0%,(J8-D8)/D8) -> 0 | D37: =IF(AND(B37<=10%,C37<=10%,B37>=-10%,C37>=-10%),"PASS","FAIL") -> PASS | G37: Routine Office Visits | H37: Visits | I37: 19398 | J37: 48413 | K37: -0.6226
A38: Mental Health Office Visits | B38: =IF(C9=0,0%,(I9-C9)/C9) -> 0 | C38: =IF(D9=0,0%,(J9-D9)/D9) -> 0 | D38: =IF(AND(B38<=10%,C38<=10%,B38>=-10%,C38>=-10%),"PASS","FAIL") -> PASS | G38: Preventive Office Visits | H38: Visits | I38: 2686 | J38: 6508 | K38: -0.6113
A39: Other | B39: =IF(C10=0,0%,(I10-C10)/C10) -> 0 | C39: =IF(D10=0,0%,(J10-D10)/D10) -> 0 | D39: =IF(AND(B39<=10%,C39<=10%,B39>=-10%,C39>=-10%),"PASS","FAIL") -> PASS | G39: Mental Health Office Visits | H39: Visits | I39: 0 | J39: 0 | K39: 0
A40: Chiropractic Visits | B40: =IF(C11=0,0%,(I11-C11)/C11) -> 0 | C40: =IF(D11=0,0%,(J11-D11)/D11) -> 0 | D40: =IF(AND(B40<=10%,C40<=10%,B40>=-10%,C40>=-10%),"PASS","FAIL") -> PASS | G40: Other | H40: Visits | I40: 533 | J40: 1314 | K40: -0.6179
A41: Physical Therapy | B41: =IF(C12=0,0%,(I12-C12)/C12) -> 0 | C41: =IF(D12=0,0%,(J12-D12)/D12) -> 0 | D41: =IF(AND(B41<=10%,C41<=10%,B41>=-10%,C41>=-10%),"PASS","FAIL") -> PASS | G41: Chiropractic Visits | H41: Visits | I41: 1290 | J41: 2860 | K41: -0.5752
A42: MRI Scan | B42: =IF(C13=0,0%,(I13-C13)/C13) -> 0 | C42: =IF(D13=0,0%,(J13-D13)/D13) -> 0 | D42: =IF(AND(B42<=10%,C42<=10%,B42>=-10%,C42>=-10%),"PASS","FAIL") -> PASS | G42: Physical Therapy | H42: Service | I42: 5806 | J42: 15355 | K42: -0.6438
A43: CT Scan | B43: =IF(C14=0,0%,(I14-C14)/C14) -> 0 | C43: =IF(D14=0,0%,(J14-D14)/D14) -> 0 | D43: =IF(AND(B43<=10%,C43<=10%,B43>=-10%,C43>=-10%),"PASS","FAIL") -> PASS | G43: MRI Scan | H43: Service | I43: 490 | J43: 1042 | K43: -0.5571
A44: Dialysis Services | B44: =IF(C15=0,0%,(I15-C15)/C15) -> 0 | C44: =IF(D15=0,0%,(J15-D15)/D15) -> 0 | D44: =IF(AND(B44<=10%,C44<=10%,B44>=-10%,C44>=-10%),"PASS","FAIL") -> PASS | G44: CT Scan | H44: Service | I44: 856 | J44: 2009 | K44: -0.5987
A45: Newborn Deliveries | B45: =IF(C16=0,0%,(I16-C16)/C16) -> 0 | C45: =IF(D16=0,0%,(J16-D16)/D16) -> 0 | D45: =IF(AND(B45<=10%,C45<=10%,B45>=-10%,C45>=-10%),"PASS","FAIL") -> PASS | G45: PET | H45: Service | I45: 643 | J45: 1661 | K45: -0.6354
A46: Vaginal Deliveries | B46: =IF(C17=0,0%,(I17-C17)/C17) -> 0 | C46: =IF(D17=0,0%,(J17-D17)/D17) -> 0 | D46: =IF(AND(B46<=10%,C46<=10%,B46>=-10%,C46>=-10%),"PASS","FAIL") -> PASS | G46: Mammograms | H46: Service | I46: 1825 | J46: 4662 | K46: -0.6313
... A58: Pharmacy Scripts Generic Drugs | B58: =IF(C29=0,0%,(I29-C29)/C29) -> 0 | C58: =IF(D29=0,0%,(J29-D29)/D29) -> 0 | D58: =IF(AND(B58<=10%,C58<=10%,B58>=-10%,C58>=-10%),"PASS","FAIL") -> PASS | G58: Mental Health or Substance Abuse Admissions | H58: Admits | I58: 20 | J58: 50 | K58: -0.6232
G59: NICU Admissions | H59: Admits | I59: 0 | J59: 1 | K59: 0
G60: Admissions from ER | H60: % in Admission | I60: 50.54 | J60: 45.16 | K60: 0.1193
G61: Average Length of Stay | H61: Days | I61: 4.27 | J61: 4.67 | K61: -0.0849
G62: Pharmacy Scripts | H62: Service | I62: 66567 | J62: 151837 | K62: -0.5871
G63: Pharmacy Scripts Mail Order | H63: % of Total | I63: 2.59 | J63: 3.7 | K63: -0.3005
G64: Pharmacy Scripts Generic Drugs | H64: % of Total | I64: 70.36 | J64: 70.46 | K64: -0.0014
