Workbook

Sheet Test_Summary
B1: Test Case Revision History
B2: Date | C2: Version | D2: Description | E2: Author | F2: Reviewer/s | G2: Remarks
B3: 42418 | C3: 1.0 | E3: RaghuP
B4: 42425 | C4: 1.1 | D4: Overall Result Auto Display function added. | E4: RaghuP
B5: 42578 | C5: 1.2 | D5: Previous Extract and Current Count section added in each tab | E5: RaghuP
B6: 42587 | C6: 1.3 | D6: Count Verification between extract and application added in each tab | E6: RaghuP
B8: Test Case Execution History
B9: Start Date | C9: End Date | D9: Test Environment | E9: Tester | F9: Overall Result | G9: Remarks
B10: 42849 | C10: 42849 | D10: UAT | E10: RaghuP | F10: Partially Pass
B12: Test Case Summary Results
B13: Test Case ID | C13: Summary | G13: Test Result
B14: EX01 | C14: Verify file size | G14: =File_Size_Comparision!L2 -> Fail
B15: EX02 | C15: Verify Care Alert layout | G15: =Care_Alerts!M5 -> Pass
B16: EX03 | C16: Verify Care Alert field length | G16: =Care_Alerts!M6 -> Pass
B17: EX04 | C17: Verify Demographics layout | G17: =Demographics!M5 -> Pass
B18: EX05 | C18: Verify Demographics field length | G18: =Demographics!M6 -> Pass
B19: EX06 | C19: Verify Eligibility layout | G19: =Eligibility!M6 -> Pass
B20: EX07 | C20: Verify Eligibility field length | G20: =Eligibility!M7 -> Pass
B21: EX08 | C21: Verify Eligibility count between application and extract | G21: =Eligibility!M8 -> Pass
B22: EX09 | C22: Verify Generic Quality Metrics layout | G22: =Generic_Quality_Metrics!M6 -> Pass
B23: EX10 | C23: Verify Generic Quality Metrics field length | G23: =Generic_Quality_Metrics!M7 -> Pass
B24: EX11 | C24: Verify High_Cost layout | G24: =High_Cost!M5 -> Pass
B25: EX12 | C25: Verify High_Cost field length | G25: =High_Cost!M6 -> Pass
B26: EX13 | C26: Verify Historical Scores layout | G26: =Historical_Scores!M6 -> Pass
B27: EX14 | C27: Verify Historical Scores field length | G27: =Historical_Scores!M7 -> Pass
B28: EX15 | C28: Verify Lab layout | G28: =Lab!M6 -> Pass
B29: EX16 | C29: Verify Lab field length | G29: =Lab!M7 -> Pass
B30: EX17 | C30: Verify Lab count between application and extract | G30: =Lab!M8 -> Pass
B31: EX18 | C31: Verify Medcial Claims layout | G31: =Medical_Claims!M6 -> Pass
B32: EX19 | C32: Verify Medcial Claims field length | G32: =Medical_Claims!M7 -> Pass
B33: EX20 | C33: Verify Medcial Claims count between application and extract | G33: =Medical_Claims!M8 -> Pass
B34: EX21 | C34: Verify Member layout | G34: =Member!M6 -> Pass
B35: EX22 | C35: Verify Member field length | G35: =Member!M7 -> Pass
B36: EX23 | C36: Verify Member count between application and extract | G36: =Member!M8 -> Pass
B37: EX24 | C37: Verify Member Months layout | G37: =Member_Months!M6 -> Pass
B38: EX25 | C38: Verify Member Months field length | G38: =Member_Months!M7 -> Pass
B39: EX26 | C39: Verify Member Months count between application and extract | G39: =Member_Months!M8 -> Pass
B40: EX27 | C40: Verify Member PCP layout | G40: =Member_PCP!M6 -> Pass
B41: EX28 | C41: Verify Member PCP field length | G41: =Member_PCP!M7 -> Pass
B42: EX29 | C42: Verify Pharmacy layout | G42: =Pharmacy!M6 -> Pass
B43: EX30 | C43: Verify Pharmacy field length | G43: =Pharmacy!M7 -> Pass
B44: EX31 | C44: Verify Pharmacy count between application and extract | G44: =Pharmacy!M8 -> Pass
B45: EX32 | C45: Verify Quality Metrics layout | G45: =Quality_Metrics!M6 -> Pass
B46: EX33 | C46: Verify Quality Metrics field length | G46: =Quality_Metrics!M7 -> Pass
B47: EX34 | C47: Verify Scores layout | G47: =Scores!M6 -> Pass
B48: EX35 | C48: Verify Scores field length | G48: =Scores!M7 -> Pass
B49: EX36 | C49: Verify Scores With Historical layout | G49: =Scores_With_Historicals!M6 -> Pass
B50: EX37 | C50: Verify Scores With Historical field length | G50: =Scores_With_Historicals!M7 -> Pass
B51: EX38 | C51: Verify Utilization layout | G51: =Utilization!M6 -> Pass
B52: EX39 | C52: Verify Utilization field length | G52: =Utilization!M7 -> Pass
B53: EX40 | C53: Verify Utilization count between application and extract | G53: =Utilization!M8 -> Pass
B54: EX41 | C54: Verify Visit layout | G54: =Visit!M6 -> Pass
B55: EX42 | C55: Verify Visit field length | G55: =Visit!M7 -> Pass

Sheet File_Size_Comparision
B1: Previous Extract | D1: Current Extract | F1: % Change | G1: Test Result | M1: Fail
B2: File Name | C2: Size | D2: File Name | E2: Size | K2: Overall File Size Result | L2: =IF(ISERROR(VLOOKUP($M$1,$G$2:$G$12,1,)),"Pass","Fail") -> Fail
B3: CareAlerts.csv | C3: 7.70 MB | D3: CareAlerts.csv | E3: 8.94 MB | F3: =IF(I3=0,0%,(I3-H3)/I3) -> 0.13870246 | G3: =IF(AND(F3<=10%,F3>=-10%),"Pass","Fail") -> Fail | H3: =LEFT(C3, SEARCH(" ", C3, 1)) -> 7.70 | I3: =LEFT(E3, SEARCH(" ", E3, 1)) -> 8.94
B4: Demographics.csv | C4: 3.24 MB | D4: Demographics.csv | E4: 3.36 MB | F4: =IF(I4=0,0%,(I4-H4)/I4) -> 0.035714286 | G4: =IF(AND(F4<=10%,F4>=-10%),"Pass","Fail") -> Pass | H4: =LEFT(C4, SEARCH(" ", C4, 1)) -> 3.24 | I4: =LEFT(E4, SEARCH(" ", E4, 1)) -> 3.36
B5: Eligibility.csv | C5: 115.13 MB | D5: Eligibility.csv | E5: 119.44 MB | F5: =IF(I5=0,0%,(I5-H5)/I5) -> 0.036085064 | G5: =IF(AND(F5<=10%,F5>=-10%),"Pass","Fail") -> Pass | H5: =LEFT(C5, SEARCH(" ", C5, 1)) -> 115.13 | I5: =LEFT(E5, SEARCH(" ", E5, 1)) -> 119.44
B6: Generic Quality Metrics.csv | D6: GenericQualityMetrics.csv | E6: 56.52 MB | F6: =IF(I6=0,0%,(I6-H6)/I6) -> #VALUE! | G6: =IF(AND(F6<=10%,F6>=-10%),"Pass","Fail") -> #VALUE! | H6: =LEFT(C6, SEARCH(" ", C6, 1)) -> #VALUE! | I6: =LEFT(E6, SEARCH(" ", E6, 1)) -> 56.52
B7: HighCost.csv | C7: 1.53 MB | D7: HighCost.csv | E7: 1.56 MB | F7: =IF(I7=0,0%,(I7-H7)/I7) -> 0.019230769 | G7: =IF(AND(F7<=10%,F7>=-10%),"Pass","Fail") -> Pass | H7: =LEFT(C7, SEARCH(" ", C7, 1)) -> 1.53 | I7: =LEFT(E7, SEARCH(" ", E7, 1)) -> 1.56
B8: HistoricalScores.csv | C8: 22.70 MB | D8: HistoricalScores.csv | E8: 23.32 MB | F8: =IF(I8=0,0%,(I8-H8)/I8) -> 0.026586621 | G8: =IF(AND(F8<=10%,F8>=-10%),"Pass","Fail") -> Pass | H8: =LEFT(C8, SEARCH(" ", C8, 1)) -> 22.70 | I8: =LEFT(E8, SEARCH(" ", E8, 1)) -> 23.32
B9: Lab.csv | D9: Lab.csv | E9: 30.16 MB | F9: =IF(I9=0,0%,(I9-H9)/I9) -> #VALUE! | G9: =IF(AND(F9<=10%,F9>=-10%),"Pass","Fail") -> #VALUE! | H9: =LEFT(C9, SEARCH(" ", C9, 1)) -> #VALUE! | I9: =LEFT(E9, SEARCH(" ", E9, 1)) -> 30.16
B10: Medical.csv | C10: 1.15 GB | D10: Medical.csv | E10: 1.17 GB | F10: =IF(I10=0,0%,(I10-H10)/I10) -> 0.017094017 | G10: =IF(AND(F10<=10%,F10>=-10%),"Pass","Fail") -> Pass | H10: =LEFT(C10, SEARCH(" ", C10, 1)) -> 1.15 | I10: =LEFT(E10, SEARCH(" ", E10, 1)) -> 1.17
B11: Member.csv | D11: Member.csv | E11: 9.34 MB | F11: =IF(I11=0,0%,(I11-H11)/I11) -> #VALUE! | G11: =IF(AND(F11<=10%,F11>=-10%),"Pass","Fail") -> #VALUE! | H11: =LEFT(C11, SEARCH(" ", C11, 1)) -> #VALUE! | I11: =LEFT(E11, SEARCH(" ", E11, 1)) -> 9.34
B12: MemberMonths.csv | D12: MemberMonths.csv | E12: 158.06 MB | F12: =IF(I12=0,0%,(I12-H12)/I12) -> #VALUE! | G12: =IF(AND(F12<=10%,F12>=-10%),"Pass","Fail") -> #VALUE! | H12: =LEFT(C12, SEARCH(" ", C12, 1)) -> #VALUE! | I12: =LEFT(E12, SEARCH(" ", E12, 1)) -> 158.06
B13: Pcp.csv | C13: 944.89 KB | D13: Pcp.csv | E13: 957 KB | F13: =IF(I13=0,0%,(I13-H13)/I13) -> 0.012654127 | G13: =IF(AND(F13<=10%,F13>=-10%),"Pass","Fail") -> Pass | H13: =LEFT(C13, SEARCH(" ", C13, 1)) -> 944.89 | I13: =LEFT(E13, SEARCH(" ", E13, 1)) -> 957
B14: Pharmacy.csv | C14: 122.73 MB | D14: Pharmacy.csv | E14: 131.66 MB | F14: =IF(I14=0,0%,(I14-H14)/I14) -> 0.067826219 | G14: =IF(AND(F14<=10%,F14>=-10%),"Pass","Fail") -> Pass | H14: =LEFT(C14, SEARCH(" ", C14, 1)) -> 122.73 | I14: =LEFT(E14, SEARCH(" ", E14, 1)) -> 131.66
B15: QualityMetrics.csv | C15: 38.85 MB | D15: QualityMetrics.csv | E15: 39.31 MB | F15: =IF(I15=0,0%,(I15-H15)/I15) -> 0.011701857 | G15: =IF(AND(F15<=10%,F15>=-10%),"Pass","Fail") -> Pass | H15: =LEFT(C15, SEARCH(" ", C15, 1)) -> 38.85 | I15: =LEFT(E15, SEARCH(" ", E15, 1)) -> 39.31
B16: Scores.csv | C16: 1.41 MB | D16: Scores.csv | E16: 1.41 MB | F16: =IF(I16=0,0%,(I16-H16)/I16) -> 0 | G16: =IF(AND(F16<=10%,F16>=-10%),"Pass","Fail") -> Pass | H16: =LEFT(C16, SEARCH(" ", C16, 1)) -> 1.41 | I16: =LEFT(E16, SEARCH(" ", E16, 1)) -> 1.41
B17: ScoresWithHistorical.csv | D17: ScoresWithHistorical.csv | E17: 39.14 MB | F17: =IF(I17=0,0%,(I17-H17)/I17) -> #VALUE! | G17: =IF(AND(F17<=10%,F17>=-10%),"Pass","Fail") -> #VALUE! | H17: =LEFT(C17, SEARCH(" ", C17, 1)) -> #VALUE! | I17: =LEFT(E17, SEARCH(" ", E17, 1)) -> 39.14
B18: Utilization.csv | D18: Utilization.csv | E18: 78.36 MB | F18: =IF(I18=0,0%,(I18-H18)/I18) -> #VALUE! | G18: =IF(AND(F18<=10%,F18>=-10%),"Pass","Fail") -> #VALUE! | H18: =LEFT(C18, SEARCH(" ", C18, 1)) -> #VALUE! | I18: =LEFT(E18, SEARCH(" ", E18, 1)) -> 78.36
B19: Visits.csv | C19: 13.64 MB | D19: Visits.csv | E19: 13.89 MB | F19: =IF(I19=0,0%,(I19-H19)/I19) -> 0.01799856 | G19: =IF(AND(F19<=10%,F19>=-10%),"Pass","Fail") -> Pass | H19: =LEFT(C19, SEARCH(" ", C19, 1)) -> 13.64 | I19: =LEFT(E19, SEARCH(" ", E19, 1)) -> 13.89

Sheet Care_Alerts
B1: Client layout | C1: Data Type | D1: Client Length | E1: Extract Layout | F1: Extract Length | G1: Layout Result | H1: Length Result | L1: Current Extract Count | M1: Previous Extract Count | N1: Difference
B2: dw_record_id | C2: int | E2: dw_record_id | G2: =IF(I2=J2,"Pass","Fail") -> Pass | H2: =IF(AND(ISBLANK(D2),F2>=0),"Pass",IF(F2<=D2,"Pass","Fail")) -> Pass | I2: =SUBSTITUTE(B2,"_","") -> dwrecordid | J2: =SUBSTITUTE(E2,"_","") -> dwrecordid | L2: 42532 | M2: 36646 | N2: =L2-M2 -> 5886
B3: dw_member_id | C3: varchar | D3: 50 | E3: dw_member_id | F3: 32 | G3: =IF(I3=J3,"Pass","Fail") -> Pass | H3: =IF(AND(ISBLANK(D3),F3>=0),"Pass",IF(F3<=D3,"Pass","Fail")) -> Pass | I3: =SUBSTITUTE(B3,"_","") -> dwmemberid | J3: =SUBSTITUTE(E3,"_","") -> dwmemberid
B4: mbr_id | C4: varchar | D4: 50 | E4: mbr_id | F4: 32 | G4: =IF(I4=J4,"Pass","Fail") -> Pass | H4: =IF(AND(ISBLANK(D4),F4>=0),"Pass",IF(F4<=D4,"Pass","Fail")) -> Pass | I4: =SUBSTITUTE(B4,"_","") -> mbrid | J4: =SUBSTITUTE(E4,"_","") -> mbrid | L4: Overall | M4: Result
B5: first_name | C5: varchar | D5: 50 | E5: first_name | F5: 15 | G5: =IF(I5=J5,"Pass","Fail") -> Pass | H5: =IF(AND(ISBLANK(D5),F5>=0),"Pass",IF(F5<=D5,"Pass","Fail")) -> Pass | I5: =SUBSTITUTE(B5,"_","") -> firstname | J5: =SUBSTITUTE(E5,"_","") -> firstname | L5: Layout Result | M5: =IF(ISERROR(VLOOKUP($O$1,$G$2:$G$19,1,)),"Pass","Fail") -> Pass
B6: last_name | C6: varchar | D6: 20 | E6: last_name | F6: 17 | G6: =IF(I6=J6,"Pass","Fail") -> Pass | H6: =IF(AND(ISBLANK(D6),F6>=0),"Pass",IF(F6<=D6,"Pass","Fail")) -> Pass | I6: =SUBSTITUTE(B6,"_","") -> lastname | J6: =SUBSTITUTE(E6,"_","") -> lastname | L6: Field Length Result | M6: =IF(ISERROR(VLOOKUP($O$1,$H$2:$H$19,1,)),"Pass","Fail") -> Pass
B7: middle_name | C7: varchar | D7: 10 | E7: middle_name | F7: 1 | G7: =IF(I7=J7,"Pass","Fail") -> Pass | H7: =IF(AND(ISBLANK(D7),F7>=0),"Pass",IF(F7<=D7,"Pass","Fail")) -> Pass | I7: =SUBSTITUTE(B7,"_","") -> middlename | J7: =SUBSTITUTE(E7,"_","") -> middlename | L7: % change in count with respect to previous count | M7: =IF(M2=0,0%,N2/M2) -> 0.1606178
B8: mbr_dob | C8: date | E8: mbr_dob | F8: 10 | G8: =IF(I8=J8,"Pass","Fail") -> Pass | H8: =IF(AND(ISBLANK(D8),F8>=0),"Pass",IF(F8<=D8,"Pass","Fail")) -> Pass | I8: =SUBSTITUTE(B8,"_","") -> mbrdob | J8: =SUBSTITUTE(E8,"_","") -> mbrdob | L8: % change in file size with respect to previous file | M8: =File_Size_Comparision!F3 -> 0.13870246
B9: mbr_gender | C9: varchar | D9: 10 | E9: mbr_gender | F9: 7 | G9: =IF(I9=J9,"Pass","Fail") -> Pass | H9: =IF(AND(ISBLANK(D9),F9>=0),"Pass",IF(F9<=D9,"Pass","Fail")) -> Pass | I9: =SUBSTITUTE(B9,"_","") -> mbrgender | J9: =SUBSTITUTE(E9,"_","") -> mbrgender
B10: mbr_status | C10: varchar | D10: 10 | E10: mbr_status | F10: 6 | G10: =IF(I10=J10,"Pass","Fail") -> Pass | H10: =IF(AND(ISBLANK(D10),F10>=0),"Pass",IF(F10<=D10,"Pass","Fail")) -> Pass | I10: =SUBSTITUTE(B10,"_","") -> mbrstatus | J10: =SUBSTITUTE(E10,"_","") -> mbrstatus
B11: mbr_relationship | C11: varchar | D11: 50 | E11: mbr_relationship | F11: 42 | G11: =IF(I11=J11,"Pass","Fail") -> Pass | H11: =IF(AND(ISBLANK(D11),F11>=0),"Pass",IF(F11<=D11,"Pass","Fail")) -> Pass | I11: =SUBSTITUTE(B11,"_","") -> mbrrelationship | J11: =SUBSTITUTE(E11,"_","") -> mbrrelationship
B12: pcp_full_name | C12: varchar | D12: 65 | E12: pcp_full_name | F12: 65 | G12: =IF(I12=J12,"Pass","Fail") -> Pass | H12: =IF(AND(ISBLANK(D12),F12>=0),"Pass",IF(F12<=D12,"Pass","Fail")) -> Pass | I12: =SUBSTITUTE(B12,"_","") -> pcpfullname | J12: =SUBSTITUTE(E12,"_","") -> pcpfullname
B13: mbr_age | C13: varchar | D13: 3 | E13: mbr_age | F13: 3 | G13: =IF(I13=J13,"Pass","Fail") -> Pass | H13: =IF(AND(ISBLANK(D13),F13>=0),"Pass",IF(F13<=D13,"Pass","Fail")) -> Pass | I13: =SUBSTITUTE(B13,"_","") -> mbrage | J13: =SUBSTITUTE(E13,"_","") -> mbrage
B14: mbr_months | C14: varchar | D14: 3 | E14: mbr_months | F14: 2 | G14: =IF(I14=J14,"Pass","Fail") -> Pass | H14: =IF(AND(ISBLANK(D14),F14>=0),"Pass",IF(F14<=D14,"Pass","Fail")) -> Pass | I14: =SUBSTITUTE(B14,"_","") -> mbrmonths | J14: =SUBSTITUTE(E14,"_","") -> mbrmonths
B15: care_alert_startDate | C15: date | E15: care_alert_startDate | F15: 10 | G15: =IF(I15=J15,"Pass","Fail") -> Pass | H15: =IF(AND(ISBLANK(D15),F15>=0),"Pass",IF(F15<=D15,"Pass","Fail")) -> Pass | I15: =SUBSTITUTE(B15,"_","") -> carealertstartDate | J15: =SUBSTITUTE(E15,"_","") -> carealertstartDate
B16: care_alert_id | C16: varchar | D16: 50 | E16: care_alert_id | F16: 21 | G16: =IF(I16=J16,"Pass","Fail") -> Pass | H16: =IF(AND(ISBLANK(D16),F16>=0),"Pass",IF(F16<=D16,"Pass","Fail")) -> Pass | I16: =SUBSTITUTE(B16,"_","") -> carealertid | J16: =SUBSTITUTE(E16,"_","") -> carealertid
B17: care_alert_desc | C17: varchar | D17: 94 | E17: care_alert_desc | F17: 94 | G17: =IF(I17=J17,"Pass","Fail") -> Pass | H17: =IF(AND(ISBLANK(D17),F17>=0),"Pass",IF(F17<=D17,"Pass","Fail")) -> Pass | I17: =SUBSTITUTE(B17,"_","") -> carealertdesc | J17: =SUBSTITUTE(E17,"_","") -> carealertdesc
B18: metric_Type | C18: varchar | D18: 50 | E18: metric_Type | F18: 15 | G18: =IF(I18=J18,"Pass","Fail") -> Pass | H18: =IF(AND(ISBLANK(D18),F18>=0),"Pass",IF(F18<=D18,"Pass","Fail")) -> Pass | I18: =SUBSTITUTE(B18,"_","") -> metricType | J18: =SUBSTITUTE(E18,"_","") -> metricType
B19: metric_name | C19: varchar | D19: 50 | E19: metric_name | F19: 15 | G19: =IF(I19=J19,"Pass","Fail") -> Pass | H19: =IF(AND(ISBLANK(D19),F19>=0),"Pass",IF(F19<=D19,"Pass","Fail")) -> Pass | I19: =SUBSTITUTE(B19,"_","") -> metricname | J19: =SUBSTITUTE(E19,"_","") -> metricname

Sheet Demographics
B1: Client layout | C1: Data Type | D1: Client Length | E1: Extract Layout | F1: Extract Length | G1: Layout Result | H1: Length Result | L1: Current Extract Count | M1: Previous Extract Count | N1: Difference | O1: Fail
B2: dw_record_id | C2: varchar | E2: dw_record_id | F2: 5 | G2: =IF(I2=J2,"Pass","Fail") -> Pass | H2: =IF(AND(ISBLANK(D2),F2>=0),"Pass",IF(F2<=D2,"Pass","Fail")) -> Pass | I2: =SUBSTITUTE(B2,"_","") -> dwrecordid | J2: =SUBSTITUTE(E2,"_","") -> dwrecordid | L2: 13235 | M2: 12801 | N2: =L2-M2 -> 434
B3: dw_account_id | C3: varchar | D3: 10 | E3: dw_account_id | F3: 0 | G3: =IF(I3=J3,"Pass","Fail") -> Pass | H3: =IF(AND(ISBLANK(D3),F3>=0),"Pass",IF(F3<=D3,"Pass","Fail")) -> Pass | I3: =SUBSTITUTE(B3,"_","") -> dwaccountid | J3: =SUBSTITUTE(E3,"_","") -> dwaccountid
B4: dw_client_id | C4: varchar | D4: 10 | E4: dw_client_id | F4: 8 | G4: =IF(I4=J4,"Pass","Fail") -> Pass | H4: =IF(AND(ISBLANK(D4),F4>=0),"Pass",IF(F4<=D4,"Pass","Fail")) -> Pass | I4: =SUBSTITUTE(B4,"_","") -> dwclientid | J4: =SUBSTITUTE(E4,"_","") -> dwclientid | L4: Overall | M4: Result
B5: dw_member_id | C5: varchar | D5: 50 | E5: dw_member_id | F5: 32 | G5: =IF(I5=J5,"Pass","Fail") -> Pass | H5: =IF(AND(ISBLANK(D5),F5>=0),"Pass",IF(F5<=D5,"Pass","Fail")) -> Pass | I5: =SUBSTITUTE(B5,"_","") -> dwmemberid | J5: =SUBSTITUTE(E5,"_","") -> dwmemberid | L5: Layout Result | M5: =IF(ISERROR(VLOOKUP($O$1,$G$2:$G$27,1,)),"Pass","Fail") -> Pass
B6: mbr_id | C6: varchar | D6: 32 | E6: mbr_id | F6: 32 | G6: =IF(I6=J6,"Pass","Fail") -> Pass | H6: =IF(AND(ISBLANK(D6),F6>=0),"Pass",IF(F6<=D6,"Pass","Fail")) -> Pass | I6: =SUBSTITUTE(B6,"_","") -> mbrid | J6: =SUBSTITUTE(E6,"_","") -> mbrid | L6: Field Length Result | M6: =IF(ISERROR(VLOOKUP($O$1,$H$2:$H$27,1,)),"Pass","Fail") -> Pass
B7: mbr_ssn | C7: varchar | D7: 22 | E7: mbr_ssn | F7: 22 | G7: =IF(I7=J7,"Pass","Fail") -> Pass | H7: =IF(AND(ISBLANK(D7),F7>=0),"Pass",IF(F7<=D7,"Pass","Fail")) -> Pass | I7: =SUBSTITUTE(B7,"_","") -> mbrssn | J7: =SUBSTITUTE(E7,"_","") -> mbrssn | L7: % change in count with respect to previous count | M7: =IF(M2=0,0%,N2/M2) -> 0.033903601
B8: mbr_first_name | C8: varchar | D8: 100 | E8: mbr_first_name | F8: 15 | G8: =IF(I8=J8,"Pass","Fail") -> Pass | H8: =IF(AND(ISBLANK(D8),F8>=0),"Pass",IF(F8<=D8,"Pass","Fail")) -> Pass | I8: =SUBSTITUTE(B8,"_","") -> mbrfirstname | J8: =SUBSTITUTE(E8,"_","") -> mbrfirstname | L8: % change in file size with respect to previous file | M8: =File_Size_Comparision!F4 -> 0.035714286
B9: mbr_middle_name | C9: varchar | D9: 100 | E9: mbr_middle_name | F9: 1 | G9: =IF(I9=J9,"Pass","Fail") -> Pass | H9: =IF(AND(ISBLANK(D9),F9>=0),"Pass",IF(F9<=D9,"Pass","Fail")) -> Pass | I9: =SUBSTITUTE(B9,"_","") -> mbrmiddlename | J9: =SUBSTITUTE(E9,"_","") -> mbrmiddlename
B10: mbr_last_name | C10: date | D10: 100 | E10: mbr_last_name | F10: 26 | G10: =IF(I10=J10,"Pass","Fail") -> Pass | H10: =IF(AND(ISBLANK(D10),F10>=0),"Pass",IF(F10<=D10,"Pass","Fail")) -> Pass | I10: =SUBSTITUTE(B10,"_","") -> mbrlastname | J10: =SUBSTITUTE(E10,"_","") -> mbrlastname
B11: mbr_current_status | C11: varchar | D11: 10 | E11: mbr_current_status | F11: 6 | G11: =IF(I11=J11,"Pass","Fail") -> Pass | H11: =IF(AND(ISBLANK(D11),F11>=0),"Pass",IF(F11<=D11,"Pass","Fail")) -> Pass | I11: =SUBSTITUTE(B11,"_","") -> mbrcurrentstatus | J11: =SUBSTITUTE(E11,"_","") -> mbrcurrentstatus
B12: mbr_gender | C12: varchar | D12: 10 | E12: mbr_gender | F12: 1 | G12: =IF(I12=J12,"Pass","Fail") -> Pass | H12: =IF(AND(ISBLANK(D12),F12>=0),"Pass",IF(F12<=D12,"Pass","Fail")) -> Pass | I12: =SUBSTITUTE(B12,"_","") -> mbrgender | J12: =SUBSTITUTE(E12,"_","") -> mbrgender
B13: mbr_dob | C13: varchar | E13: mbr_dob | F13: 10 | G13: =IF(I13=J13,"Pass","Fail") -> Pass | H13: =IF(AND(ISBLANK(D13),F13>=0),"Pass",IF(F13<=D13,"Pass","Fail")) -> Pass | I13: =SUBSTITUTE(B13,"_","") -> mbrdob | J13: =SUBSTITUTE(E13,"_","") -> mbrdob
B14: mbr_street_1 | C14: varchar | D14: 100 | E14: mbr_street_1 | F14: 30 | G14: =IF(I14=J14,"Pass","Fail") -> Pass | H14: =IF(AND(ISBLANK(D14),F14>=0),"Pass",IF(F14<=D14,"Pass","Fail")) -> Pass | I14: =SUBSTITUTE(B14,"_","") -> mbrstreet1 | J14: =SUBSTITUTE(E14,"_","") -> mbrstreet1
B15: mbr_street_2 | C15: varchar | D15: 100 | E15: mbr_street_2 | F15: 22 | G15: =IF(I15=J15,"Pass","Fail") -> Pass | H15: =IF(AND(ISBLANK(D15),F15>=0),"Pass",IF(F15<=D15,"Pass","Fail")) -> Pass | I15: =SUBSTITUTE(B15,"_","") -> mbrstreet2 | J15: =SUBSTITUTE(E15,"_","") -> mbrstreet2
B16: mbr_city | C16: varchar | D16: 100 | E16: mbr_city | F16: 19 | G16: =IF(I16=J16,"Pass","Fail") -> Pass | H16: =IF(AND(ISBLANK(D16),F16>=0),"Pass",IF(F16<=D16,"Pass","Fail")) -> Pass | I16: =SUBSTITUTE(B16,"_","") -> mbrcity | J16: =SUBSTITUTE(E16,"_","") -> mbrcity
B17: mbr_county | C17: varchar | D17: 100 | E17: mbr_county | F17: 5 | G17: =IF(I17=J17,"Pass","Fail") -> Pass | H17: =IF(AND(ISBLANK(D17),F17>=0),"Pass",IF(F17<=D17,"Pass","Fail")) -> Pass | I17: =SUBSTITUTE(B17,"_","") -> mbrcounty | J17: =SUBSTITUTE(E17,"_","") -> mbrcounty
B18: mbr_state | C18: varchar | D18: 100 | E18: mbr_state | F18: 2 | G18: =IF(I18=J18,"Pass","Fail") -> Pass | H18: =IF(AND(ISBLANK(D18),F18>=0),"Pass",IF(F18<=D18,"Pass","Fail")) -> Pass | I18: =SUBSTITUTE(B18,"_","") -> mbrstate | J18: =SUBSTITUTE(E18,"_","") -> mbrstate
B19: mbr_zip | C19: varchar | D19: 100 | E19: mbr_zip | F19: 9 | G19: =IF(I19=J19,"Pass","Fail") -> Pass | H19: =IF(AND(ISBLANK(D19),F19>=0),"Pass",IF(F19<=D19,"Pass","Fail")) -> Pass | I19: =SUBSTITUTE(B19,"_","") -> mbrzip | J19: =SUBSTITUTE(E19,"_","") -> mbrzip
B20: mbr_phone | C20: varchar | D20: 100 | E20: mbr_phone | F20: 12 | G20: =IF(I20=J20,"Pass","Fail") -> Pass | H20: =IF(AND(ISBLANK(D20),F20>=0),"Pass",IF(F20<=D20,"Pass","Fail")) -> Pass | I20: =SUBSTITUTE(B20,"_","") -> mbrphone | J20: =SUBSTITUTE(E20,"_","") -> mbrphone
B21: mbr_region_code | C21: varchar | D21: 100 | E21: mbr_region_code | F21: 0 | G21: =IF(I21=J21,"Pass","Fail") -> Pass | H21: =IF(AND(ISBLANK(D21),F21>=0),"Pass",IF(F21<=D21,"Pass","Fail")) -> Pass | I21: =SUBSTITUTE(B21,"_","") -> mbrregioncode | J21: =SUBSTITUTE(E21,"_","") -> mbrregioncode
B22: mbr_region_name | C22: varchar | D22: 100 | E22: mbr_region_name | F22: 0 | G22: =IF(I22=J22,"Pass","Fail") -> Pass | H22: =IF(AND(ISBLANK(D22),F22>=0),"Pass",IF(F22<=D22,"Pass","Fail")) -> Pass | I22: =SUBSTITUTE(B22,"_","") -> mbrregionname | J22: =SUBSTITUTE(E22,"_","") -> mbrregionname
B23: mbr_relationship_code | C23: varchar | D23: 10 | E23: mbr_relationship_code | F23: 3 | G23: =IF(I23=J23,"Pass","Fail") -> Pass | H23: =IF(AND(ISBLANK(D23),F23>=0),"Pass",IF(F23<=D23,"Pass","Fail")) -> Pass | I23: =SUBSTITUTE(B23,"_","") -> mbrrelationshipcode | J23: =SUBSTITUTE(E23,"_","") -> mbrrelationshipcode
B24: mbr_relationship_desc | C24: varchar | D24: 50 | E24: mbr_relationship_desc | F24: 42 | G24: =IF(I24=J24,"Pass","Fail") -> Pass | H24: =IF(AND(ISBLANK(D24),F24>=0),"Pass",IF(F24<=D24,"Pass","Fail")) -> Pass | I24: =SUBSTITUTE(B24,"_","") -> mbrrelationshipdesc | J24: =SUBSTITUTE(E24,"_","") -> mbrrelationshipdesc
B25: dw_rawfilename | C25: varchar | D25: 100 | E25: dw_rawfilename | F25: 85 | G25: =IF(I25=J25,"Pass","Fail") -> Pass | H25: =IF(AND(ISBLANK(D25),F25>=0),"Pass",IF(F25<=D25,"Pass","Fail")) -> Pass | I25: =SUBSTITUTE(B25,"_","") -> dwrawfilename | J25: =SUBSTITUTE(E25,"_","") -> dwrawfilename
... B27: dw_vendor_name | C27: varchar | D27: 100 | E27: dw_vendor_name | F27: 10 | G27: =IF(I27=J27,"Pass","Fail") -> Pass | H27: =IF(AND(ISBLANK(D27),F27>=0),"Pass",IF(F27<=D27,"Pass","Fail")) -> Pass | I27: =SUBSTITUTE(B27,"_","") -> dwvendorname | J27: =SUBSTITUTE(E27,"_","") -> dwvendorname

Sheet Eligibility
B1: Client layout | C1: Data Type | D1: Client Length | E1: Extract Layout | F1: Extract Length | G1: Layout Result | H1: Length Result | L1: Extract Total Count | M1: Application Total Count | N1: Difference | O1: Fail
B2: mbr_id | C2: varchar | D2: 32 | E2: mbr_id | F2: 32 | G2: =IF(I2=J2,"Pass","Fail") -> Pass | H2: =IF(AND(ISBLANK(D2),F2>=0),"Pass",IF(F2<=D2,"Pass","Fail")) -> Pass | I2: =SUBSTITUTE(B2,"_","") -> mbrid | J2: =SUBSTITUTE(E2,"_","") -> mbrid | L2: 216132 | M2: 216132 | N2: =L2-M2 -> 0
B3: ins_policy_id | C3: varchar | D3: 20 | E3: ins_policy_id | F3: 0 | G3: =IF(I3=J3,"Pass","Fail") -> Pass | H3: =IF(AND(ISBLANK(D3),F3>=0),"Pass",IF(F3<=D3,"Pass","Fail")) -> Pass | I3: =SUBSTITUTE(B3,"_","") -> inspolicyid | J3: =SUBSTITUTE(E3,"_","") -> inspolicyid | L3: Prior Count | M3: 207601 | N3: =L2-M3 -> 8531
B4: mbr_ssn | C4: varchar | D4: 22 | E4: mbr_ssn | F4: 22 | G4: =IF(I4=J4,"Pass","Fail") -> Pass | H4: =IF(AND(ISBLANK(D4),F4>=0),"Pass",IF(F4<=D4,"Pass","Fail")) -> Pass | I4: =SUBSTITUTE(B4,"_","") -> mbrssn | J4: =SUBSTITUTE(E4,"_","") -> mbrssn
B5: mbr_first_name | C5: varchar | D5: 30 | E5: mbr_first_name | F5: 15 | G5: =IF(I5=J5,"Pass","Fail") -> Pass | H5: =IF(AND(ISBLANK(D5),F5>=0),"Pass",IF(F5<=D5,"Pass","Fail")) -> Pass | I5: =SUBSTITUTE(B5,"_","") -> mbrfirstname | J5: =SUBSTITUTE(E5,"_","") -> mbrfirstname | L5: Overall | M5: Result
B6: mbr_middle_name | C6: varchar | D6: 30 | E6: mbr_middle_name | F6: 1 | G6: =IF(I6=J6,"Pass","Fail") -> Pass | H6: =IF(AND(ISBLANK(D6),F6>=0),"Pass",IF(F6<=D6,"Pass","Fail")) -> Pass | I6: =SUBSTITUTE(B6,"_","") -> mbrmiddlename | J6: =SUBSTITUTE(E6,"_","") -> mbrmiddlename | L6: Layout Result | M6: =IF(ISERROR(VLOOKUP($O$1,$G$2:$G$94,1,)),"Pass","Fail") -> Pass
B7: mbr_last_name | C7: varchar | D7: 30 | E7: mbr_last_name | F7: 26 | G7: =IF(I7=J7,"Pass","Fail") -> Pass | H7: =IF(AND(ISBLANK(D7),F7>=0),"Pass",IF(F7<=D7,"Pass","Fail")) -> Pass | I7: =SUBSTITUTE(B7,"_","") -> mbrlastname | J7: =SUBSTITUTE(E7,"_","") -> mbrlastname | L7: Field Length Result | M7: =IF(ISERROR(VLOOKUP($O$1,$H$2:$H$94,1,)),"Pass","Fail") -> Pass
B8: mbr_current_status | C8: varchar | D8: 20 | E8: mbr_current_status | F8: 6 | G8: =IF(I8=J8,"Pass","Fail") -> Pass | H8: =IF(AND(ISBLANK(D8),F8>=0),"Pass",IF(F8<=D8,"Pass","Fail")) -> Pass | I8: =SUBSTITUTE(B8,"_","") -> mbrcurrentstatus | J8: =SUBSTITUTE(E8,"_","") -> mbrcurrentstatus | L8: Count Result | M8: =IF(N2=0,"Pass","Fail") -> Pass
B9: mbr_gender | C9: varchar | D9: 2 | E9: mbr_gender | F9: 1 | G9: =IF(I9=J9,"Pass","Fail") -> Pass | H9: =IF(AND(ISBLANK(D9),F9>=0),"Pass",IF(F9<=D9,"Pass","Fail")) -> Pass | I9: =SUBSTITUTE(B9,"_","") -> mbrgender | J9: =SUBSTITUTE(E9,"_","") -> mbrgender | L9: % change in count with respect to previous count | M9: =IF(M3=0,0%,N3/M3) -> 0.041093251
B10: mbr_dob | C10: date | E10: mbr_dob | F10: 10 | G10: =IF(I10=J10,"Pass","Fail") -> Pass | H10: =IF(AND(ISBLANK(D10),F10>=0),"Pass",IF(F10<=D10,"Pass","Fail")) -> Pass | I10: =SUBSTITUTE(B10,"_","") -> mbrdob | J10: =SUBSTITUTE(E10,"_","") -> mbrdob | L10: % change in file size with respect to previous file | M10: =File_Size_Comparision!F5 -> 0.036085064
B11: mbr_street_1 | C11: varchar | D11: 50 | E11: mbr_street_1 | F11: 30 | G11: =IF(I11=J11,"Pass","Fail") -> Pass | H11: =IF(AND(ISBLANK(D11),F11>=0),"Pass",IF(F11<=D11,"Pass","Fail")) -> Pass | I11: =SUBSTITUTE(B11,"_","") -> mbrstreet1 | J11: =SUBSTITUTE(E11,"_","") -> mbrstreet1
B12: mbr_street_2 | C12: varchar | D12: 50 | E12: mbr_street_2 | F12: 22 | G12: =IF(I12=J12,"Pass","Fail") -> Pass | H12: =IF(AND(ISBLANK(D12),F12>=0),"Pass",IF(F12<=D12,"Pass","Fail")) -> Pass | I12: =SUBSTITUTE(B12,"_","") -> mbrstreet2 | J12: =SUBSTITUTE(E12,"_","") -> mbrstreet2
B13: mbr_city | C13: varchar | D13: 100 | E13: mbr_city | F13: 20 | G13: =IF(I13=J13,"Pass","Fail") -> Pass | H13: =IF(AND(ISBLANK(D13),F13>=0),"Pass",IF(F13<=D13,"Pass","Fail")) -> Pass | I13: =SUBSTITUTE(B13,"_","") -> mbrcity | J13: =SUBSTITUTE(E13,"_","") -> mbrcity
B14: mbr_county | C14: varchar | D14: 20 | E14: mbr_county | F14: 5 | G14: =IF(I14=J14,"Pass","Fail") -> Pass | H14: =IF(AND(ISBLANK(D14),F14>=0),"Pass",IF(F14<=D14,"Pass","Fail")) -> Pass | I14: =SUBSTITUTE(B14,"_","") -> mbrcounty | J14: =SUBSTITUTE(E14,"_","") -> mbrcounty
B15: mbr_state | C15: varchar | D15: 2 | E15: mbr_state | F15: 2 | G15: =IF(I15=J15,"Pass","Fail") -> Pass | H15: =IF(AND(ISBLANK(D15),F15>=0),"Pass",IF(F15<=D15,"Pass","Fail")) -> Pass | I15: =SUBSTITUTE(B15,"_","") -> mbrstate | J15: =SUBSTITUTE(E15,"_","") -> mbrstate
B16: mbr_zip | C16: varchar | D16: 12 | E16: mbr_zip | F16: 9 | G16: =IF(I16=J16,"Pass","Fail") -> Pass | H16: =IF(AND(ISBLANK(D16),F16>=0),"Pass",IF(F16<=D16,"Pass","Fail")) -> Pass | I16: =SUBSTITUTE(B16,"_","") -> mbrzip | J16: =SUBSTITUTE(E16,"_","") -> mbrzip
B17: mbr_phone | C17: varchar | D17: 15 | E17: mbr_phone | F17: 12 | G17: =IF(I17=J17,"Pass","Fail") -> Pass | H17: =IF(AND(ISBLANK(D17),F17>=0),"Pass",IF(F17<=D17,"Pass","Fail")) -> Pass | I17: =SUBSTITUTE(B17,"_","") -> mbrphone | J17: =SUBSTITUTE(E17,"_","") -> mbrphone
B18: mbr_region_code | C18: varchar | D18: 32 | E18: mbr_region_code | F18: 0 | G18: =IF(I18=J18,"Pass","Fail") -> Pass | H18: =IF(AND(ISBLANK(D18),F18>=0),"Pass",IF(F18<=D18,"Pass","Fail")) -> Pass | I18: =SUBSTITUTE(B18,"_","") -> mbrregioncode | J18: =SUBSTITUTE(E18,"_","") -> mbrregioncode
B19: mbr_region_name | C19: varchar | D19: 50 | E19: mbr_region_name | F19: 0 | G19: =IF(I19=J19,"Pass","Fail") -> Pass | H19: =IF(AND(ISBLANK(D19),F19>=0),"Pass",IF(F19<=D19,"Pass","Fail")) -> Pass | I19: =SUBSTITUTE(B19,"_","") -> mbrregionname | J19: =SUBSTITUTE(E19,"_","") -> mbrregionname
B20: mbr_relationship_code | C20: varchar | D20: 5 | E20: mbr_relationship_code | F20: 3 | G20: =IF(I20=J20,"Pass","Fail") -> Pass | H20: =IF(AND(ISBLANK(D20),F20>=0),"Pass",IF(F20<=D20,"Pass","Fail")) -> Pass | I20: =SUBSTITUTE(B20,"_","") -> mbrrelationshipcode | J20: =SUBSTITUTE(E20,"_","") -> mbrrelationshipcode
B21: mbr_relationship_desc | C21: varchar | D21: 42 | E21: mbr_relationship_desc | F21: 42 | G21: =IF(I21=J21,"Pass","Fail") -> Pass | H21: =IF(AND(ISBLANK(D21),F21>=0),"Pass",IF(F21<=D21,"Pass","Fail")) -> Pass | I21: =SUBSTITUTE(B21,"_","") -> mbrrelationshipdesc | J21: =SUBSTITUTE(E21,"_","") -> mbrrelationshipdesc
B22: ins_plan_type_code | C22: varchar | D22: 20 | E22: ins_plan_type_code | F22: 20 | G22: =IF(I22=J22,"Pass","Fail") -> Pass | H22: =IF(AND(ISBLANK(D22),F22>=0),"Pass",IF(F22<=D22,"Pass","Fail")) -> Pass | I22: =SUBSTITUTE(B22,"_","") -> insplantypecode | J22: =SUBSTITUTE(E22,"_","") -> insplantypecode
... B35: ins_cobra_desc | C35: varchar | D35: 30 | E35: ins_cobra_desc | F35: 0 | G35: =IF(I35=J35,"Pass","Fail") -> Pass | H35: =IF(AND(ISBLANK(D35),F35>=0),"Pass",IF(F35<=D35,"Pass","Fail")) -> Pass | I35: =SUBSTITUTE(B35,"_","") -> inscobradesc | J35: =SUBSTITUTE(E35,"_","") -> inscobradesc
B36: ins_med_eff_date | C36: date | E36: ins_med_eff_date | F36: 10 | G36: =IF(I36=J36,"Pass","Fail") -> Pass | H36: =IF(AND(ISBLANK(D36),F36>=0),"Pass",IF(F36<=D36,"Pass","Fail")) -> Pass | I36: =SUBSTITUTE(B36,"_","") -> insmedeffdate | J36: =SUBSTITUTE(E36,"_","") -> insmedeffdate
B37: ins_med_term_date | C37: date | E37: ins_med_term_date | F37: 10 | G37: =IF(I37=J37,"Pass","Fail") -> Pass | H37: =IF(AND(ISBLANK(D37),F37>=0),"Pass",IF(F37<=D37,"Pass","Fail")) -> Pass | I37: =SUBSTITUTE(B37,"_","") -> insmedtermdate | J37: =SUBSTITUTE(E37,"_","") -> insmedtermdate
B38: ins_rx_eff_date | C38: date | E38: ins_rx_eff_date | F38: 0 | G38: =IF(I38=J38,"Pass","Fail") -> Pass | H38: =IF(AND(ISBLANK(D38),F38>=0),"Pass",IF(F38<=D38,"Pass","Fail")) -> Pass | I38: =SUBSTITUTE(B38,"_","") -> insrxeffdate | J38: =SUBSTITUTE(E38,"_","") -> insrxeffdate
B39: ins_rx_term_date | C39: date | E39: ins_rx_term_date | F39: 0 | G39: =IF(I39=J39,"Pass","Fail") -> Pass | H39: =IF(AND(ISBLANK(D39),F39>=0),"Pass",IF(F39<=D39,"Pass","Fail")) -> Pass | I39: =SUBSTITUTE(B39,"_","") -> insrxtermdate | J39: =SUBSTITUTE(E39,"_","") -> insrxtermdate
B40: ins_den_eff_date | C40: date | E40: ins_den_eff_date | F40: 0 | G40: =IF(I40=J40,"Pass","Fail") -> Pass | H40: =IF(AND(ISBLANK(D40),F40>=0),"Pass",IF(F40<=D40,"Pass","Fail")) -> Pass | I40: =SUBSTITUTE(B40,"_","") -> insdeneffdate | J40: =SUBSTITUTE(E40,"_","") -> insdeneffdate
B41: ins_den_term_date | C41: date | E41: ins_den_term_date | F41: 0 | G41: =IF(I41=J41,"Pass","Fail") -> Pass | H41: =IF(AND(ISBLANK(D41),F41>=0),"Pass",IF(F41<=D41,"Pass","Fail")) -> Pass | I41: =SUBSTITUTE(B41,"_","") -> insdentermdate | J41: =SUBSTITUTE(E41,"_","") -> insdentermdate
B42: ins_vis_eff_date | C42: date | E42: ins_vis_eff_date | F42: 0 | G42: =IF(I42=J42,"Pass","Fail") -> Pass | H42: =IF(AND(ISBLANK(D42),F42>=0),"Pass",IF(F42<=D42,"Pass","Fail")) -> Pass | I42: =SUBSTITUTE(B42,"_","") -> insviseffdate | J42: =SUBSTITUTE(E42,"_","") -> insviseffdate
B43: ins_vis_term_date | C43: date | E43: ins_vis_term_date | F43: 0 | G43: =IF(I43=J43,"Pass","Fail") -> Pass | H43: =IF(AND(ISBLANK(D43),F43>=0),"Pass",IF(F43<=D43,"Pass","Fail")) -> Pass | I43: =SUBSTITUTE(B43,"_","") -> insvistermdate | J43: =SUBSTITUTE(E43,"_","") -> insvistermdate
B44: ins_ltd_eff_date | C44: date | E44: ins_ltd_eff_date | F44: 0 | G44: =IF(I44=J44,"Pass","Fail") -> Pass | H44: =IF(AND(ISBLANK(D44),F44>=0),"Pass",IF(F44<=D44,"Pass","Fail")) -> Pass | I44: =SUBSTITUTE(B44,"_","") -> insltdeffdate | J44: =SUBSTITUTE(E44,"_","") -> insltdeffdate
B45: ins_ltd_term_date | C45: date | E45: ins_ltd_term_date | F45: 0 | G45: =IF(I45=J45,"Pass","Fail") -> Pass | H45: =IF(AND(ISBLANK(D45),F45>=0),"Pass",IF(F45<=D45,"Pass","Fail")) -> Pass | I45: =SUBSTITUTE(B45,"_","") -> insltdtermdate | J45: =SUBSTITUTE(E45,"_","") -> insltdtermdate
B46: ins_std_eff_date | C46: date | E46: ins_std_eff_date | F46: 0 | G46: =IF(I46=J46,"Pass","Fail") -> Pass | H46: =IF(AND(ISBLANK(D46),F46>=0),"Pass",IF(F46<=D46,"Pass","Fail")) -> Pass | I46: =SUBSTITUTE(B46,"_","") -> insstdeffdate | J46: =SUBSTITUTE(E46,"_","") -> insstdeffdate
B47: ins_std_term_date | C47: date | E47: ins_std_term_date | F47: 0 | G47: =IF(I47=J47,"Pass","Fail") -> Pass | H47: =IF(AND(ISBLANK(D47),F47>=0),"Pass",IF(F47<=D47,"Pass","Fail")) -> Pass | I47: =SUBSTITUTE(B47,"_","") -> insstdtermdate | J47: =SUBSTITUTE(E47,"_","") -> insstdtermdate
B48: prv_pcp_id | C48: varchar | D48: 50 | E48: prv_pcp_id | F48: 10 | G48: =IF(I48=J48,"Pass","Fail") -> Pass | H48: =IF(AND(ISBLANK(D48),F48>=0),"Pass",IF(F48<=D48,"Pass","Fail")) -> Pass | I48: =SUBSTITUTE(B48,"_","") -> prvpcpid | J48: =SUBSTITUTE(E48,"_","") -> prvpcpid
B49: prv_pcp_first_name | C49: varchar | D49: 100 | E49: prv_pcp_first_name | F49: 65 | G49: =IF(I49=J49,"Pass","Fail") -> Pass | H49: =IF(AND(ISBLANK(D49),F49>=0),"Pass",IF(F49<=D49,"Pass","Fail")) -> Pass | I49: =SUBSTITUTE(B49,"_","") -> prvpcpfirstname | J49: =SUBSTITUTE(E49,"_","") -> prvpcpfirstname
B50: prv_pcp_middle_name | C50: varchar | D50: 30 | E50: prv_pcp_middle_name | F50: 16 | G50: =IF(I50=J50,"Pass","Fail") -> Pass | H50: =IF(AND(ISBLANK(D50),F50>=0),"Pass",IF(F50<=D50,"Pass","Fail")) -> Pass | I50: =SUBSTITUTE(B50,"_","") -> prvpcpmiddlename | J50: =SUBSTITUTE(E50,"_","") -> prvpcpmiddlename
B51: prv_pcp_last_name | C51: varchar | D51: 30 | E51: prv_pcp_last_name | F51: 20 | G51: =IF(I51=J51,"Pass","Fail") -> Pass | H51: =IF(AND(ISBLANK(D51),F51>=0),"Pass",IF(F51<=D51,"Pass","Fail")) -> Pass | I51: =SUBSTITUTE(B51,"_","") -> prvpcplastname | J51: =SUBSTITUTE(E51,"_","") -> prvpcplastname
B52: prv_pcp_site_id | C52: varchar | D52: 15 | E52: prv_pcp_site_id | F52: 0 | G52: =IF(I52=J52,"Pass","Fail") -> Pass | H52: =IF(AND(ISBLANK(D52),F52>=0),"Pass",IF(F52<=D52,"Pass","Fail")) -> Pass | I52: =SUBSTITUTE(B52,"_","") -> prvpcpsiteid | J52: =SUBSTITUTE(E52,"_","") -> prvpcpsiteid
B53: udf1 | C53: varchar | D53: 100 | E53: udf1 | F53: 34 | G53: =IF(I53=J53,"Pass","Fail") -> Pass | H53: =IF(AND(ISBLANK(D53),F53>=0),"Pass",IF(F53<=D53,"Pass","Fail")) -> Pass | I53: =SUBSTITUTE(B53,"_","") -> udf1 | J53: =SUBSTITUTE(E53,"_","") -> udf1
B54: udf2 | C54: varchar | D54: 100 | E54: udf2 | F54: 35 | G54: =IF(I54=J54,"Pass","Fail") -> Pass | H54: =IF(AND(ISBLANK(D54),F54>=0),"Pass",IF(F54<=D54,"Pass","Fail")) -> Pass | I54: =SUBSTITUTE(B54,"_","") -> udf2 | J54: =SUBSTITUTE(E54,"_","") -> udf2
B55: udf3 | C55: varchar | D55: 100 | E55: udf3 | F55: 0 | G55: =IF(I55=J55,"Pass","Fail") -> Pass | H55: =IF(AND(ISBLANK(D55),F55>=0),"Pass",IF(F55<=D55,"Pass","Fail")) -> Pass | I55: =SUBSTITUTE(B55,"_","") -> udf3 | J55: =SUBSTITUTE(E55,"_","") -> udf3
B56: udf4 | C56: varchar | D56: 100 | E56: udf4 | F56: 0 | G56: =IF(I56=J56,"Pass","Fail") -> Pass | H56: =IF(AND(ISBLANK(D56),F56>=0),"Pass",IF(F56<=D56,"Pass","Fail")) -> Pass | I56: =SUBSTITUTE(B56,"_","") -> udf4 | J56: =SUBSTITUTE(E56,"_","") -> udf4
B57: udf5 | C57: varchar | D57: 100 | E57: udf5 | F57: 0 | G57: =IF(I57=J57,"Pass","Fail") -> Pass | H57: =IF(AND(ISBLANK(D57),F57>=0),"Pass",IF(F57<=D57,"Pass","Fail")) -> Pass | I57: =SUBSTITUTE(B57,"_","") -> udf5 | J57: =SUBSTITUTE(E57,"_","") -> udf5
B58: udf6 | C58: varchar | D58: 100 | E58: udf6 | F58: 0 | G58: =IF(I58=J58,"Pass","Fail") -> Pass | H58: =IF(AND(ISBLANK(D58),F58>=0),"Pass",IF(F58<=D58,"Pass","Fail")) -> Pass | I58: =SUBSTITUTE(B58,"_","") -> udf6 | J58: =SUBSTITUTE(E58,"_","") -> udf6
B59: udf7 | C59: varchar | D59: 100 | E59: udf7 | F59: 0 | G59: =IF(I59=J59,"Pass","Fail") -> Pass | H59: =IF(AND(ISBLANK(D59),F59>=0),"Pass",IF(F59<=D59,"Pass","Fail")) -> Pass | I59: =SUBSTITUTE(B59,"_","") -> udf7 | J59: =SUBSTITUTE(E59,"_","") -> udf7
... B94: udf40 | C94: varchar | D94: 100 | E94: udf40 | F94: 0 | G94: =IF(I94=J94,"Pass","Fail") -> Pass | H94: =IF(AND(ISBLANK(D94),F94>=0),"Pass",IF(F94<=D94,"Pass","Fail")) -> Pass | I94: =SUBSTITUTE(B94,"_","") -> udf40 | J94: =SUBSTITUTE(E94,"_","") -> udf40

Sheet Generic_Quality_Metrics
B1: Client layout | C1: Data Type | D1: Client Length | E1: Extract Layout | F1: Extract Length | G1: Layout Result | H1: Length Result
B2: dw_record_id | C2: text | D2: 20 | E2: dw_record_id | F2: 6 | G2: =IF(I2=J2,"Pass","Fail") -> Pass | H2: =IF(AND(ISBLANK(D2),F2>=0),"Pass",IF(F2<=D2,"Pass","Fail")) -> Pass | I2: =SUBSTITUTE(B2,"_","") -> dwrecordid | J2: =SUBSTITUTE(E2,"_","") -> dwrecordid | L2: Current Extract Count | M2: Previous Extract Count | N2: Difference
B3: dw_member_id | C3: text | D3: 50 | E3: dw_member_id | F3: 32 | G3: =IF(I3=J3,"Pass","Fail") -> Pass | H3: =IF(AND(ISBLANK(D3),F3>=0),"Pass",IF(F3<=D3,"Pass","Fail")) -> Pass | I3: =SUBSTITUTE(B3,"_","") -> dwmemberid | J3: =SUBSTITUTE(E3,"_","") -> dwmemberid | L3: 230786 | N3: =L3-M3 -> 230786
B4: mbr_id | C4: number | D4: 50 | E4: mbr_id | F4: 32 | G4: =IF(I4=J4,"Pass","Fail") -> Pass | H4: =IF(AND(ISBLANK(D4),F4>=0),"Pass",IF(F4<=D4,"Pass","Fail")) -> Pass | I4: =SUBSTITUTE(B4,"_","") -> mbrid | J4: =SUBSTITUTE(E4,"_","") -> mbrid
B5: memberFirstName | C5: varchar | D5: 30 | E5: memberFirstName | F5: 15 | G5: =IF(I5=J5,"Pass","Fail") -> Pass | H5: =IF(AND(ISBLANK(D5),F5>=0),"Pass",IF(F5<=D5,"Pass","Fail")) -> Pass | I5: =SUBSTITUTE(B5,"_","") -> memberFirstName | J5: =SUBSTITUTE(E5,"_","") -> memberFirstName | L5: Overall | M5: Result
B6: memberLastName | C6: varchar | D6: 30 | E6: memberLastName | F6: 26 | G6: =IF(I6=J6,"Pass","Fail") -> Pass | H6: =IF(AND(ISBLANK(D6),F6>=0),"Pass",IF(F6<=D6,"Pass","Fail")) -> Pass | I6: =SUBSTITUTE(B6,"_","") -> memberLastName | J6: =SUBSTITUTE(E6,"_","") -> memberLastName | L6: Layout Result | M6: =IF(ISERROR(VLOOKUP($O$1,$G$2:$G$15,1,)),"Pass","Fail") -> Pass
B7: memberMiddleName | C7: varchar | D7: 30 | E7: memberMiddleName | F7: 1 | G7: =IF(I7=J7,"Pass","Fail") -> Pass | H7: =IF(AND(ISBLANK(D7),F7>=0),"Pass",IF(F7<=D7,"Pass","Fail")) -> Pass | I7: =SUBSTITUTE(B7,"_","") -> memberMiddleName | J7: =SUBSTITUTE(E7,"_","") -> memberMiddleName | L7: Field Length Result | M7: =IF(ISERROR(VLOOKUP($O$1,$H$2:$H$15,1,)),"Pass","Fail") -> Pass
B8: memberGender | C8: varchar | D8: 7 | E8: memberGender | F8: 7 | G8: =IF(I8=J8,"Pass","Fail") -> Pass | H8: =IF(AND(ISBLANK(D8),F8>=0),"Pass",IF(F8<=D8,"Pass","Fail")) -> Pass | I8: =SUBSTITUTE(B8,"_","") -> memberGender | J8: =SUBSTITUTE(E8,"_","") -> memberGender | L8: % change in count with respect to previous count | M8: =IF(M3=0,0%,N3/M3) -> 0
B9: mbr_age | C9: varchar | D9: 5 | E9: mbr_age | F9: 3 | G9: =IF(I9=J9,"Pass","Fail") -> Pass | H9: =IF(AND(ISBLANK(D9),F9>=0),"Pass",IF(F9<=D9,"Pass","Fail")) -> Pass | I9: =SUBSTITUTE(B9,"_","") -> mbrage | J9: =SUBSTITUTE(E9,"_","") -> mbrage | L9: % change in file size with respect to previous file | M9: =File_Size_Comparision!F6 -> #VALUE!
B10: memberDOB | C10: date | E10: memberDOB | F10: 10 | G10: =IF(I10=J10,"Pass","Fail") -> Pass | H10: =IF(AND(ISBLANK(D10),F10>=0),"Pass",IF(F10<=D10,"Pass","Fail")) -> Pass | I10: =SUBSTITUTE(B10,"_","") -> memberDOB | J10: =SUBSTITUTE(E10,"_","") -> memberDOB
B11: mbr_status | C11: varchar | D11: 30 | E11: mbr_status | F11: 6 | G11: =IF(I11=J11,"Pass","Fail") -> Pass | H11: =IF(AND(ISBLANK(D11),F11>=0),"Pass",IF(F11<=D11,"Pass","Fail")) -> Pass | I11: =SUBSTITUTE(B11,"_","") -> mbrstatus | J11: =SUBSTITUTE(E11,"_","") -> mbrstatus
B12: mbr_relationship | C12: varchar | D12: 42 | E12: mbr_relationship | F12: 42 | G12: =IF(I12=J12,"Pass","Fail") -> Pass | H12: =IF(AND(ISBLANK(D12),F12>=0),"Pass",IF(F12<=D12,"Pass","Fail")) -> Pass | I12: =SUBSTITUTE(B12,"_","") -> mbrrelationship | J12: =SUBSTITUTE(E12,"_","") -> mbrrelationship
B13: pcp_full_name | C13: varchar | D13: 200 | E13: pcp_full_name | F13: 70 | G13: =IF(I13=J13,"Pass","Fail") -> Pass | H13: =IF(AND(ISBLANK(D13),F13>=0),"Pass",IF(F13<=D13,"Pass","Fail")) -> Pass | I13: =SUBSTITUTE(B13,"_","") -> pcpfullname | J13: =SUBSTITUTE(E13,"_","") -> pcpfullname
B14: measureId | C14: varchar | D14: 50 | E14: measureId | F14: 4 | G14: =IF(I14=J14,"Pass","Fail") -> Pass | H14: =IF(AND(ISBLANK(D14),F14>=0),"Pass",IF(F14<=D14,"Pass","Fail")) -> Pass | I14: =SUBSTITUTE(B14,"_","") -> measureId | J14: =SUBSTITUTE(E14,"_","") -> measureId
B15: measureDesc | C15: varchar | D15: 200 | E15: measureDesc | F15: 108 | G15: =IF(I15=J15,"Pass","Fail") -> Pass | H15: =IF(AND(ISBLANK(D15),F15>=0),"Pass",IF(F15<=D15,"Pass","Fail")) -> Pass | I15: =SUBSTITUTE(B15,"_","") -> measureDesc | J15: =SUBSTITUTE(E15,"_","") -> measureDesc
B16: Positive/Negative | C16: varchar | D16: 1 | E16: Positive/Negative | F16: 1 | G16: =IF(I16=J16,"Pass","Fail") -> Pass | H16: =IF(AND(ISBLANK(D16),F16>=0),"Pass",IF(F16<=D16,"Pass","Fail")) -> Pass | I16: =SUBSTITUTE(B16,"_","") -> Positive/Negative | J16: =SUBSTITUTE(E16,"_","") -> Positive/Negative
B17: measureName | C17: varchar | D17: 100 | E17: measureName | F17: 55 | G17: =IF(I17=J17,"Pass","Fail") -> Pass | H17: =IF(AND(ISBLANK(D17),F17>=0),"Pass",IF(F17<=D17,"Pass","Fail")) -> Pass | I17: =SUBSTITUTE(B17,"_","") -> measureName | J17: =SUBSTITUTE(E17,"_","") -> measureName
B18: startDate | C18: date | E18: startDate | F18: 10 | G18: =IF(I18=J18,"Pass","Fail") -> Pass | H18: =IF(AND(ISBLANK(D18),F18>=0),"Pass",IF(F18<=D18,"Pass","Fail")) -> Pass | I18: =SUBSTITUTE(B18,"_","") -> startDate | J18: =SUBSTITUTE(E18,"_","") -> startDate
B19: EndDate | C19: date | E19: EndDate | F19: 10 | G19: =IF(I19=J19,"Pass","Fail") -> Pass | H19: =IF(AND(ISBLANK(D19),F19>=0),"Pass",IF(F19<=D19,"Pass","Fail")) -> Pass | I19: =SUBSTITUTE(B19,"_","") -> EndDate | J19: =SUBSTITUTE(E19,"_","") -> EndDate
B20: numerator | C20: varchar | D20: 1 | E20: numerator | F20: 1 | G20: =IF(I20=J20,"Pass","Fail") -> Pass | H20: =IF(AND(ISBLANK(D20),F20>=0),"Pass",IF(F20<=D20,"Pass","Fail")) -> Pass | I20: =SUBSTITUTE(B20,"_","") -> numerator | J20: =SUBSTITUTE(E20,"_","") -> numerator
B21: denominator | C21: varchar | D21: 1 | E21: denominator | F21: 1 | G21: =IF(I21=J21,"Pass","Fail") -> Pass | H21: =IF(AND(ISBLANK(D21),F21>=0),"Pass",IF(F21<=D21,"Pass","Fail")) -> Pass | I21: =SUBSTITUTE(B21,"_","") -> denominator | J21: =SUBSTITUTE(E21,"_","") -> denominator
B22: care_alert_id | C22: varchar | D22: 30 | E22: care_alert_id | F22: 21 | G22: =IF(I22=J22,"Pass","Fail") -> Pass | H22: =IF(AND(ISBLANK(D22),F22>=0),"Pass",IF(F22<=D22,"Pass","Fail")) -> Pass | I22: =SUBSTITUTE(B22,"_","") -> carealertid | J22: =SUBSTITUTE(E22,"_","") -> carealertid
B23: care_alert_desc | C23: varchar | D23: 70 | E23: care_alert_desc | F23: 70 | G23: =IF(I23=J23,"Pass","Fail") -> Pass | H23: =IF(AND(ISBLANK(D23),F23>=0),"Pass",IF(F23<=D23,"Pass","Fail")) -> Pass | I23: =SUBSTITUTE(B23,"_","") -> carealertdesc | J23: =SUBSTITUTE(E23,"_","") -> carealertdesc
B24: mbr_months | C24: number | E24: mbr_months | F24: 2 | G24: =IF(I24=J24,"Pass","Fail") -> Pass | H24: =IF(AND(ISBLANK(D24),F24>=0),"Pass",IF(F24<=D24,"Pass","Fail")) -> Pass | I24: =SUBSTITUTE(B24,"_","") -> mbrmonths | J24: =SUBSTITUTE(E24,"_","") -> mbrmonths
B25: negativeOutcome | C25: varchar | D25: 1 | E25: negativeOutcome | F25: 1 | G25: =IF(I25=J25,"Pass","Fail") -> Pass | H25: =IF(AND(ISBLANK(D25),F25>=0),"Pass",IF(F25<=D25,"Pass","Fail")) -> Pass | I25: =SUBSTITUTE(B25,"_","") -> negativeOutcome | J25: =SUBSTITUTE(E25,"_","") -> negativeOutcome
B26: activeAlert | C26: varchar | D26: 1 | E26: activeAlert | F26: 1 | G26: =IF(I26=J26,"Pass","Fail") -> Pass | H26: =IF(AND(ISBLANK(D26),F26>=0),"Pass",IF(F26<=D26,"Pass","Fail")) -> Pass | I26: =SUBSTITUTE(B26,"_","") -> activeAlert | J26: =SUBSTITUTE(E26,"_","") -> activeAlert

Sheet High_Cost
B1: Client layout | C1: Data Type | D1: Client Length | E1: Extract Layout | F1: Extract Length | G1: Layout Result | H1: Length Result | L1: Current Extract Count | M1: Previous Extract Count | N1: Difference | O1: Fail
B2: dw_record_id | C2: varchar | E2: dw_record_id | F2: 5 | G2: =IF(I2=J2,"Pass","Fail") -> Pass | H2: =IF(AND(ISBLANK(D2),F2>=0),"Pass",IF(F2<=D2,"Pass","Fail")) -> Pass | I2: =SUBSTITUTE(B2,"_","") -> dwrecordid | J2: =SUBSTITUTE(E2,"_","") -> dwrecordid | L2: 13235 | M2: 12801 | N2: =L2-M2 -> 434
B3: dw_account_id | C3: varchar | D3: 50 | E3: dw_account_id | F3: 8 | G3: =IF(I3=J3,"Pass","Fail") -> Pass | H3: =IF(AND(ISBLANK(D3),F3>=0),"Pass",IF(F3<=D3,"Pass","Fail")) -> Pass | I3: =SUBSTITUTE(B3,"_","") -> dwaccountid | J3: =SUBSTITUTE(E3,"_","") -> dwaccountid
B4: dw_client_id | C4: varchar | D4: 50 | E4: dw_client_id | F4: 8 | G4: =IF(I4=J4,"Pass","Fail") -> Pass | H4: =IF(AND(ISBLANK(D4),F4>=0),"Pass",IF(F4<=D4,"Pass","Fail")) -> Pass | I4: =SUBSTITUTE(B4,"_","") -> dwclientid | J4: =SUBSTITUTE(E4,"_","") -> dwclientid | L4: Overall | M4: Result
B5: dw_member_id | C5: varchar | D5: 50 | E5: dw_member_id | F5: 32 | G5: =IF(I5=J5,"Pass","Fail") -> Pass | H5: =IF(AND(ISBLANK(D5),F5>=0),"Pass",IF(F5<=D5,"Pass","Fail")) -> Pass | I5: =SUBSTITUTE(B5,"_","") -> dwmemberid | J5: =SUBSTITUTE(E5,"_","") -> dwmemberid | L5: Layout Result | M5: =IF(ISERROR(VLOOKUP($O$1,$G$2:$G$10,1,)),"Pass","Fail") -> Pass
B6: mbr_id | C6: varchar | D6: 32 | E6: mbr_id | F6: 32 | G6: =IF(I6=J6,"Pass","Fail") -> Pass | H6: =IF(AND(ISBLANK(D6),F6>=0),"Pass",IF(F6<=D6,"Pass","Fail")) -> Pass | I6: =SUBSTITUTE(B6,"_","") -> mbrid | J6: =SUBSTITUTE(E6,"_","") -> mbrid | L6: Field Length Result | M6: =IF(ISERROR(VLOOKUP($O$1,$H$2:$H$10,1,)),"Pass","Fail") -> Pass
B7: Diagnosis_code | C7: varchar | D7: 10 | E7: diagnosis_code | F7: 8 | G7: =IF(I7=J7,"Pass","Fail") -> Pass | H7: =IF(AND(ISBLANK(D7),F7>=0),"Pass",IF(F7<=D7,"Pass","Fail")) -> Pass | I7: =SUBSTITUTE(B7,"_","") -> Diagnosiscode | J7: =SUBSTITUTE(E7,"_","") -> diagnosiscode | L7: % change in count with respect to previous count | M7: =IF(M2=0,0%,N2/M2) -> 0.033903601
B8: Paid_Amount | C8: varchar | D8: 50 | E8: paid_amount | F8: 23 | G8: =IF(I8=J8,"Pass","Fail") -> Pass | H8: =IF(AND(ISBLANK(D8),F8>=0),"Pass",IF(F8<=D8,"Pass","Fail")) -> Pass | I8: =SUBSTITUTE(B8,"_","") -> PaidAmount | J8: =SUBSTITUTE(E8,"_","") -> paidamount | L8: % change in file size with respect to previous file | M8: =File_Size_Comparision!F7 -> 0.019230769
B9: SuperGrouperDescription | C9: varchar | D9: 50 | E9: superGrouperDescription | F9: 29 | G9: =IF(I9=J9,"Pass","Fail") -> Pass | H9: =IF(AND(ISBLANK(D9),F9>=0),"Pass",IF(F9<=D9,"Pass","Fail")) -> Pass | I9: =SUBSTITUTE(B9,"_","") -> SuperGrouperDescription | J9: =SUBSTITUTE(E9,"_","") -> superGrouperDescription
B10: GrouperDescription | C10: date | D10: 50 | E10: grouperDescription | F10: 40 | G10: =IF(I10=J10,"Pass","Fail") -> Pass | H10: =IF(AND(ISBLANK(D10),F10>=0),"Pass",IF(F10<=D10,"Pass","Fail")) -> Pass | I10: =SUBSTITUTE(B10,"_","") -> GrouperDescription | J10: =SUBSTITUTE(E10,"_","") -> grouperDescription

Sheet Historical_Scores
B1: Client layout | C1: Data Type | D1: Client Length | E1: Extract Layout | F1: Extract Length | G1: Layout Result | H1: Length Result
B2: dw_record_id | C2: int | E2: dw_record_id | F2: 6 | G2: =IF(I2=J2,"Pass","Fail") -> Pass | H2: =IF(AND(ISBLANK(D2),F2>=0),"Pass",IF(F2<=D2,"Pass","Fail")) -> Pass | I2: =SUBSTITUTE(B2,"_","") -> dwrecordid | J2: =SUBSTITUTE(E2,"_","") -> dwrecordid | L2: Current Extract Count | M2: Previous Extract Count | N2: Difference
B3: dw_account_id | C3: varchar | D3: 50 | E3: dw_account_id | F3: 0 | G3: =IF(I3=J3,"Pass","Fail") -> Pass | H3: =IF(AND(ISBLANK(D3),F3>=0),"Pass",IF(F3<=D3,"Pass","Fail")) -> Pass | I3: =SUBSTITUTE(B3,"_","") -> dwaccountid | J3: =SUBSTITUTE(E3,"_","") -> dwaccountid | L3: 139066 | M3: 135440 | N3: =L3-M3 -> 3626
B4: dw_client_id | C4: varchar | D4: 50 | E4: dw_client_id | F4: 8 | G4: =IF(I4=J4,"Pass","Fail") -> Pass | H4: =IF(AND(ISBLANK(D4),F4>=0),"Pass",IF(F4<=D4,"Pass","Fail")) -> Pass | I4: =SUBSTITUTE(B4,"_","") -> dwclientid | J4: =SUBSTITUTE(E4,"_","") -> dwclientid
B5: dw_member_id | C5: varchar | D5: 50 | E5: dw_member_id | F5: 32 | G5: =IF(I5=J5,"Pass","Fail") -> Pass | H5: =IF(AND(ISBLANK(D5),F5>=0),"Pass",IF(F5<=D5,"Pass","Fail")) -> Pass | I5: =SUBSTITUTE(B5,"_","") -> dwmemberid | J5: =SUBSTITUTE(E5,"_","") -> dwmemberid | L5: Overall | M5: Result
B6: mbr_id | C6: varchar | D6: 25 | E6: mbr_id | F6: 25 | G6: =IF(I6=J6,"Pass","Fail") -> Pass | H6: =IF(AND(ISBLANK(D6),F6>=0),"Pass",IF(F6<=D6,"Pass","Fail")) -> Pass | I6: =SUBSTITUTE(B6,"_","") -> mbrid | J6: =SUBSTITUTE(E6,"_","") -> mbrid | L6: Layout Result | M6: =IF(ISERROR(VLOOKUP($O$1,$G$2:$G$26,1,)),"Pass","Fail") -> Pass
B7: score_type | C7: varchar | D7: 50 | E7: score_type | F7: 0 | G7: =IF(I7=J7,"Pass","Fail") -> Pass | H7: =IF(AND(ISBLANK(D7),F7>=0),"Pass",IF(F7<=D7,"Pass","Fail")) -> Pass | I7: =SUBSTITUTE(B7,"_","") -> scoretype | J7: =SUBSTITUTE(E7,"_","") -> scoretype | L7: Field Length Result | M7: =IF(ISERROR(VLOOKUP($O$1,$H$2:$H$26,1,)),"Pass","Fail") -> Pass
B8: score_start_date | C8: date | E8: score_start_date | F8: 10 | G8: =IF(I8=J8,"Pass","Fail") -> Pass | H8: =IF(AND(ISBLANK(D8),F8>=0),"Pass",IF(F8<=D8,"Pass","Fail")) -> Pass | I8: =SUBSTITUTE(B8,"_","") -> scorestartdate | J8: =SUBSTITUTE(E8,"_","") -> scorestartdate | L8: % change in count with respect to previous count | M8: =IF(M3=0,0%,N3/M3) -> 0.026772002
B9: score_end_date | C9: date | E9: score_end_date | F9: 10 | G9: =IF(I9=J9,"Pass","Fail") -> Pass | H9: =IF(AND(ISBLANK(D9),F9>=0),"Pass",IF(F9<=D9,"Pass","Fail")) -> Pass | I9: =SUBSTITUTE(B9,"_","") -> scoreenddate | J9: =SUBSTITUTE(E9,"_","") -> scoreenddate | L9: % change in file size with respect to previous file | M9: =File_Size_Comparision!F8 -> 0.026586621
B10: ip_score | C10: varchar | D10: 50 | E10: ip_score | F10: 5 | G10: =IF(I10=J10,"Pass","Fail") -> Pass | H10: =IF(AND(ISBLANK(D10),F10>=0),"Pass",IF(F10<=D10,"Pass","Fail")) -> Pass | I10: =SUBSTITUTE(B10,"_","") -> ipscore | J10: =SUBSTITUTE(E10,"_","") -> ipscore
B11: op_score | C11: varchar | D11: 50 | E11: op_score | F11: 5 | G11: =IF(I11=J11,"Pass","Fail") -> Pass | H11: =IF(AND(ISBLANK(D11),F11>=0),"Pass",IF(F11<=D11,"Pass","Fail")) -> Pass | I11: =SUBSTITUTE(B11,"_","") -> opscore | J11: =SUBSTITUTE(E11,"_","") -> opscore
B12: phy_score | C12: varchar | D12: 50 | E12: phy_score | F12: 4 | G12: =IF(I12=J12,"Pass","Fail") -> Pass | H12: =IF(AND(ISBLANK(D12),F12>=0),"Pass",IF(F12<=D12,"Pass","Fail")) -> Pass | I12: =SUBSTITUTE(B12,"_","") -> physcore | J12: =SUBSTITUTE(E12,"_","") -> physcore
B13: rx_score | C13: varchar | D13: 50 | E13: rx_score | F13: 5 | G13: =IF(I13=J13,"Pass","Fail") -> Pass | H13: =IF(AND(ISBLANK(D13),F13>=0),"Pass",IF(F13<=D13,"Pass","Fail")) -> Pass | I13: =SUBSTITUTE(B13,"_","") -> rxscore | J13: =SUBSTITUTE(E13,"_","") -> rxscore
B14: med_score | C14: varchar | D14: 50 | E14: med_score | F14: 5 | G14: =IF(I14=J14,"Pass","Fail") -> Pass | H14: =IF(AND(ISBLANK(D14),F14>=0),"Pass",IF(F14<=D14,"Pass","Fail")) -> Pass | I14: =SUBSTITUTE(B14,"_","") -> medscore | J14: =SUBSTITUTE(E14,"_","") -> medscore
B15: total_score | C15: varchar | D15: 50 | E15: total_score | F15: 5 | G15: =IF(I15=J15,"Pass","Fail") -> Pass | H15: =IF(AND(ISBLANK(D15),F15>=0),"Pass",IF(F15<=D15,"Pass","Fail")) -> Pass | I15: =SUBSTITUTE(B15,"_","") -> totalscore | J15: =SUBSTITUTE(E15,"_","") -> totalscore
B16: concurrent_total | C16: varchar | D16: 50 | E16: concurrent_total | F16: 5 | G16: =IF(I16=J16,"Pass","Fail") -> Pass | H16: =IF(AND(ISBLANK(D16),F16>=0),"Pass",IF(F16<=D16,"Pass","Fail")) -> Pass | I16: =SUBSTITUTE(B16,"_","") -> concurrenttotal | J16: =SUBSTITUTE(E16,"_","") -> concurrenttotal
B17: erScore | C17: varchar | D17: 50 | E17: erScore | F17: 4 | G17: =IF(I17=J17,"Pass","Fail") -> Pass | H17: =IF(AND(ISBLANK(D17),F17>=0),"Pass",IF(F17<=D17,"Pass","Fail")) -> Pass | I17: =SUBSTITUTE(B17,"_","") -> erScore | J17: =SUBSTITUTE(E17,"_","") -> erScore
B18: otherScore | C18: varchar | D18: 50 | E18: otherScore | F18: 4 | G18: =IF(I18=J18,"Pass","Fail") -> Pass | H18: =IF(AND(ISBLANK(D18),F18>=0),"Pass",IF(F18<=D18,"Pass","Fail")) -> Pass | I18: =SUBSTITUTE(B18,"_","") -> otherScore | J18: =SUBSTITUTE(E18,"_","") -> otherScore
B19: concurrentInpatient | C19: varchar | D19: 50 | E19: concurrentInpatient | F19: 5 | G19: =IF(I19=J19,"Pass","Fail") -> Pass | H19: =IF(AND(ISBLANK(D19),F19>=0),"Pass",IF(F19<=D19,"Pass","Fail")) -> Pass | I19: =SUBSTITUTE(B19,"_","") -> concurrentInpatient | J19: =SUBSTITUTE(E19,"_","") -> concurrentInpatient
B20: concurrentMedical | C20: varchar | D20: 50 | E20: concurrentMedical | F20: 5 | G20: =IF(I20=J20,"Pass","Fail") -> Pass | H20: =IF(AND(ISBLANK(D20),F20>=0),"Pass",IF(F20<=D20,"Pass","Fail")) -> Pass | I20: =SUBSTITUTE(B20,"_","") -> concurrentMedical | J20: =SUBSTITUTE(E20,"_","") -> concurrentMedical
B21: concurrentOutpatient | C21: varchar | D21: 50 | E21: concurrentOutpatient | F21: 5 | G21: =IF(I21=J21,"Pass","Fail") -> Pass | H21: =IF(AND(ISBLANK(D21),F21>=0),"Pass",IF(F21<=D21,"Pass","Fail")) -> Pass | I21: =SUBSTITUTE(B21,"_","") -> concurrentOutpatient | J21: =SUBSTITUTE(E21,"_","") -> concurrentOutpatient
... B26: concurrentPhyNormalizedToGroup | C26: varchar | D26: 50 | E26: concurrentPhyNormalizedToGroup | F26: 5 | G26: =IF(I26=J26,"Pass","Fail") -> Pass | H26: =IF(AND(ISBLANK(D26),F26>=0),"Pass",IF(F26<=D26,"Pass","Fail")) -> Pass | I26: =SUBSTITUTE(B26,"_","") -> concurrentPhyNormalizedToGroup | J26: =SUBSTITUTE(E26,"_","") -> concurrentPhyNormalizedToGroup

Sheet Lab
B1: Client layout | C1: Data Type | D1: Client Length | E1: Extract Layout | F1: Extract Length | G1: Layout Result | H1: Length Result | L1: Extract Total Count | M1: Application Total Count | N1: Difference | O1: Fail
B2: dw_record_id | C2: text | D2: 20 | E2: dw_record_id | F2: 5 | G2: =IF(I2=J2,"Pass","Fail") -> Pass | H2: =IF(AND(ISBLANK(D2),F2>=0),"Pass",IF(F2<=D2,"Pass","Fail")) -> Pass | I2: =SUBSTITUTE(B2,"_","") -> dwrecordid | J2: =SUBSTITUTE(E2,"_","") -> dwrecordid | L2: 45720 | M2: 45720 | N2: =L2-M2 -> 0
B3: transaction_id | C3: text | D3: 20 | E3: transaction_id | F3: 0 | G3: =IF(I3=J3,"Pass","Fail") -> Pass | H3: =IF(AND(ISBLANK(D3),F3>=0),"Pass",IF(F3<=D3,"Pass","Fail")) -> Pass | I3: =SUBSTITUTE(B3,"_","") -> transactionid | J3: =SUBSTITUTE(E3,"_","") -> transactionid | L3: Prior Count | N3: =L2-M3 -> 45720
B4: dw_member_id | C4: number | D4: 50 | E4: dw_member_id | F4: 32 | G4: =IF(I4=J4,"Pass","Fail") -> Pass | H4: =IF(AND(ISBLANK(D4),F4>=0),"Pass",IF(F4<=D4,"Pass","Fail")) -> Pass | I4: =SUBSTITUTE(B4,"_","") -> dwmemberid | J4: =SUBSTITUTE(E4,"_","") -> dwmemberid
B5: mbr_id | C5: text | D5: 20 | E5: mbr_id | F5: 20 | G5: =IF(I5=J5,"Pass","Fail") -> Pass | H5: =IF(AND(ISBLANK(D5),F5>=0),"Pass",IF(F5<=D5,"Pass","Fail")) -> Pass | I5: =SUBSTITUTE(B5,"_","") -> mbrid | J5: =SUBSTITUTE(E5,"_","") -> mbrid | L5: Overall | M5: Result
B6: mbr_ssn | C6: text | D6: 20 | E6: mbr_ssn | F6: 11 | G6: =IF(I6=J6,"Pass","Fail") -> Pass | H6: =IF(AND(ISBLANK(D6),F6>=0),"Pass",IF(F6<=D6,"Pass","Fail")) -> Pass | I6: =SUBSTITUTE(B6,"_","") -> mbrssn | J6: =SUBSTITUTE(E6,"_","") -> mbrssn | L6: Layout Result | M6: =IF(ISERROR(VLOOKUP($O$1,$G$2:$G$120,1,)),"Pass","Fail") -> Pass
B7: mbr_first_name | C7: text | D7: 100 | E7: mbr_first_name | F7: 13 | G7: =IF(I7=J7,"Pass","Fail") -> Pass | H7: =IF(AND(ISBLANK(D7),F7>=0),"Pass",IF(F7<=D7,"Pass","Fail")) -> Pass | I7: =SUBSTITUTE(B7,"_","") -> mbrfirstname | J7: =SUBSTITUTE(E7,"_","") -> mbrfirstname | L7: Field Length Result | M7: =IF(ISERROR(VLOOKUP($O$1,$H$2:$H$120,1,)),"Pass","Fail") -> Pass
B8: mbr_middle_name | C8: text | D8: 100 | E8: mbr_middle_name | F8: 0 | G8: =IF(I8=J8,"Pass","Fail") -> Pass | H8: =IF(AND(ISBLANK(D8),F8>=0),"Pass",IF(F8<=D8,"Pass","Fail")) -> Pass | I8: =SUBSTITUTE(B8,"_","") -> mbrmiddlename | J8: =SUBSTITUTE(E8,"_","") -> mbrmiddlename | L8: Count Result | M8: =IF(N2=0,"Pass","Fail") -> Pass
B9: mbr_last_name | C9: text | D9: 100 | E9: mbr_last_name | F9: 18 | G9: =IF(I9=J9,"Pass","Fail") -> Pass | H9: =IF(AND(ISBLANK(D9),F9>=0),"Pass",IF(F9<=D9,"Pass","Fail")) -> Pass | I9: =SUBSTITUTE(B9,"_","") -> mbrlastname | J9: =SUBSTITUTE(E9,"_","") -> mbrlastname | L9: % change in count with respect to previous count | M9: =IF(M3=0,0%,N3/M3) -> 0
B10: mbr_gender | C10: text | D10: 2 | E10: mbr_gender | F10: 1 | G10: =IF(I10=J10,"Pass","Fail") -> Pass | H10: =IF(AND(ISBLANK(D10),F10>=0),"Pass",IF(F10<=D10,"Pass","Fail")) -> Pass | I10: =SUBSTITUTE(B10,"_","") -> mbrgender | J10: =SUBSTITUTE(E10,"_","") -> mbrgender | L10: % change in file size with respect to previous file | M10: =File_Size_Comparision!F9 -> #VALUE!
B11: mbr_dob | C11: date | E11: mbr_dob | F11: 10 | G11: =IF(I11=J11,"Pass","Fail") -> Pass | H11: =IF(AND(ISBLANK(D11),F11>=0),"Pass",IF(F11<=D11,"Pass","Fail")) -> Pass | I11: =SUBSTITUTE(B11,"_","") -> mbrdob | J11: =SUBSTITUTE(E11,"_","") -> mbrdob
B12: mbr_street_1 | C12: text | D12: 50 | E12: mbr_street_1 | F12: 30 | G12: =IF(I12=J12,"Pass","Fail") -> Pass | H12: =IF(AND(ISBLANK(D12),F12>=0),"Pass",IF(F12<=D12,"Pass","Fail")) -> Pass | I12: =SUBSTITUTE(B12,"_","") -> mbrstreet1 | J12: =SUBSTITUTE(E12,"_","") -> mbrstreet1
B13: mbr_street_2 | C13: text | D13: 50 | E13: mbr_street_2 | F13: 21 | G13: =IF(I13=J13,"Pass","Fail") -> Pass | H13: =IF(AND(ISBLANK(D13),F13>=0),"Pass",IF(F13<=D13,"Pass","Fail")) -> Pass | I13: =SUBSTITUTE(B13,"_","") -> mbrstreet2 | J13: =SUBSTITUTE(E13,"_","") -> mbrstreet2
B14: mbr_city | C14: text | D14: 20 | E14: mbr_city | F14: 18 | G14: =IF(I14=J14,"Pass","Fail") -> Pass | H14: =IF(AND(ISBLANK(D14),F14>=0),"Pass",IF(F14<=D14,"Pass","Fail")) -> Pass | I14: =SUBSTITUTE(B14,"_","") -> mbrcity | J14: =SUBSTITUTE(E14,"_","") -> mbrcity
B15: mbr_county | C15: text | D15: 20 | E15: mbr_county | F15: 5 | G15: =IF(I15=J15,"Pass","Fail") -> Pass | H15: =IF(AND(ISBLANK(D15),F15>=0),"Pass",IF(F15<=D15,"Pass","Fail")) -> Pass | I15: =SUBSTITUTE(B15,"_","") -> mbrcounty | J15: =SUBSTITUTE(E15,"_","") -> mbrcounty
B16: mbr_state | C16: text | D16: 2 | E16: mbr_state | F16: 2 | G16: =IF(I16=J16,"Pass","Fail") -> Pass | H16: =IF(AND(ISBLANK(D16),F16>=0),"Pass",IF(F16<=D16,"Pass","Fail")) -> Pass | I16: =SUBSTITUTE(B16,"_","") -> mbrstate | J16: =SUBSTITUTE(E16,"_","") -> mbrstate
B17: mbr_zip | C17: text | D17: 10 | E17: mbr_zip | F17: 5 | G17: =IF(I17=J17,"Pass","Fail") -> Pass | H17: =IF(AND(ISBLANK(D17),F17>=0),"Pass",IF(F17<=D17,"Pass","Fail")) -> Pass | I17: =SUBSTITUTE(B17,"_","") -> mbrzip | J17: =SUBSTITUTE(E17,"_","") -> mbrzip
B18: mbr_phone | C18: text | D18: 15 | E18: mbr_phone | F18: 10 | G18: =IF(I18=J18,"Pass","Fail") -> Pass | H18: =IF(AND(ISBLANK(D18),F18>=0),"Pass",IF(F18<=D18,"Pass","Fail")) -> Pass | I18: =SUBSTITUTE(B18,"_","") -> mbrphone | J18: =SUBSTITUTE(E18,"_","") -> mbrphone
B19: mbr_email_address | C19: text | D19: 50 | E19: mbr_email_address | F19: 0 | G19: =IF(I19=J19,"Pass","Fail") -> Pass | H19: =IF(AND(ISBLANK(D19),F19>=0),"Pass",IF(F19<=D19,"Pass","Fail")) -> Pass | I19: =SUBSTITUTE(B19,"_","") -> mbremailaddress | J19: =SUBSTITUTE(E19,"_","") -> mbremailaddress
B20: mbr_marital_status | C20: text | D20: 20 | E20: mbr_marital_status | F20: 0 | G20: =IF(I20=J20,"Pass","Fail") -> Pass | H20: =IF(AND(ISBLANK(D20),F20>=0),"Pass",IF(F20<=D20,"Pass","Fail")) -> Pass | I20: =SUBSTITUTE(B20,"_","") -> mbrmaritalstatus | J20: =SUBSTITUTE(E20,"_","") -> mbrmaritalstatus
B21: mbr_race | C21: text | D21: 50 | E21: mbr_race | F21: 0 | G21: =IF(I21=J21,"Pass","Fail") -> Pass | H21: =IF(AND(ISBLANK(D21),F21>=0),"Pass",IF(F21<=D21,"Pass","Fail")) -> Pass | I21: =SUBSTITUTE(B21,"_","") -> mbrrace | J21: =SUBSTITUTE(E21,"_","") -> mbrrace
B22: mbr_ethnic_group | C22: text | D22: 50 | E22: mbr_ethnic_group | F22: 0 | G22: =IF(I22=J22,"Pass","Fail") -> Pass | H22: =IF(AND(ISBLANK(D22),F22>=0),"Pass",IF(F22<=D22,"Pass","Fail")) -> Pass | I22: =SUBSTITUTE(B22,"_","") -> mbrethnicgroup | J22: =SUBSTITUTE(E22,"_","") -> mbrethnicgroup
B23: mbr_edu_lvl | C23: text | D23: 50 | E23: mbr_edu_lvl | F23: 0 | G23: =IF(I23=J23,"Pass","Fail") -> Pass | H23: =IF(AND(ISBLANK(D23),F23>=0),"Pass",IF(F23<=D23,"Pass","Fail")) -> Pass | I23: =SUBSTITUTE(B23,"_","") -> mbredulvl | J23: =SUBSTITUTE(E23,"_","") -> mbredulvl
... B32: ins_carrier_name | C32: text | D32: 100 | E32: ins_carrier_name | F32: 12 | G32: =IF(I32=J32,"Pass","Fail") -> Pass | H32: =IF(AND(ISBLANK(D32),F32>=0),"Pass",IF(F32<=D32,"Pass","Fail")) -> Pass | I32: =SUBSTITUTE(B32,"_","") -> inscarriername | J32: =SUBSTITUTE(E32,"_","") -> inscarriername
B33: ins_division_id | C33: text | D33: 47 | E33: ins_division_id | F33: 47 | G33: =IF(I33=J33,"Pass","Fail") -> Pass | H33: =IF(AND(ISBLANK(D33),F33>=0),"Pass",IF(F33<=D33,"Pass","Fail")) -> Pass | I33: =SUBSTITUTE(B33,"_","") -> insdivisionid | J33: =SUBSTITUTE(E33,"_","") -> insdivisionid | K33: ins_division_id field length changed from 20 to 47
B34: ins_division_name | C34: text | D34: 100 | E34: ins_division_name | F34: 56 | G34: =IF(I34=J34,"Pass","Fail") -> Pass | H34: =IF(AND(ISBLANK(D34),F34>=0),"Pass",IF(F34<=D34,"Pass","Fail")) -> Pass | I34: =SUBSTITUTE(B34,"_","") -> insdivisionname | J34: =SUBSTITUTE(E34,"_","") -> insdivisionname
B35: ins_plan_id | C35: text | D35: 66 | E35: ins_plan_id | F35: 66 | G35: =IF(I35=J35,"Pass","Fail") -> Pass | H35: =IF(AND(ISBLANK(D35),F35>=0),"Pass",IF(F35<=D35,"Pass","Fail")) -> Pass | I35: =SUBSTITUTE(B35,"_","") -> insplanid | J35: =SUBSTITUTE(E35,"_","") -> insplanid
B36: ins_plan_desc | C36: text | D36: 100 | E36: ins_plan_desc | F36: 86 | G36: =IF(I36=J36,"Pass","Fail") -> Pass | H36: =IF(AND(ISBLANK(D36),F36>=0),"Pass",IF(F36<=D36,"Pass","Fail")) -> Pass | I36: =SUBSTITUTE(B36,"_","") -> insplandesc | J36: =SUBSTITUTE(E36,"_","") -> insplandesc
B37: prv_provider_id | C37: text | D37: 20 | E37: prv_provider_id | F37: 0 | G37: =IF(I37=J37,"Pass","Fail") -> Pass | H37: =IF(AND(ISBLANK(D37),F37>=0),"Pass",IF(F37<=D37,"Pass","Fail")) -> Pass | I37: =SUBSTITUTE(B37,"_","") -> prvproviderid | J37: =SUBSTITUTE(E37,"_","") -> prvproviderid
B38: prv_first_name | C38: text | D38: 100 | E38: prv_first_name | F38: 0 | G38: =IF(I38=J38,"Pass","Fail") -> Pass | H38: =IF(AND(ISBLANK(D38),F38>=0),"Pass",IF(F38<=D38,"Pass","Fail")) -> Pass | I38: =SUBSTITUTE(B38,"_","") -> prvfirstname | J38: =SUBSTITUTE(E38,"_","") -> prvfirstname
B39: prv_middle_name | C39: text | D39: 100 | E39: prv_middle_name | F39: 0 | G39: =IF(I39=J39,"Pass","Fail") -> Pass | H39: =IF(AND(ISBLANK(D39),F39>=0),"Pass",IF(F39<=D39,"Pass","Fail")) -> Pass | I39: =SUBSTITUTE(B39,"_","") -> prvmiddlename | J39: =SUBSTITUTE(E39,"_","") -> prvmiddlename
B40: prv_last_name | C40: text | D40: 100 | E40: prv_last_name | F40: 0 | G40: =IF(I40=J40,"Pass","Fail") -> Pass | H40: =IF(AND(ISBLANK(D40),F40>=0),"Pass",IF(F40<=D40,"Pass","Fail")) -> Pass | I40: =SUBSTITUTE(B40,"_","") -> prvlastname | J40: =SUBSTITUTE(E40,"_","") -> prvlastname
B41: svc_service_date | C41: date | E41: svc_service_date | F41: 10 | G41: =IF(I41=J41,"Pass","Fail") -> Pass | H41: =IF(AND(ISBLANK(D41),F41>=0),"Pass",IF(F41<=D41,"Pass","Fail")) -> Pass | I41: =SUBSTITUTE(B41,"_","") -> svcservicedate | J41: =SUBSTITUTE(E41,"_","") -> svcservicedate
B42: svc_cpt_code | C42: text | D42: 15 | E42: svc_cpt_code | F42: 0 | G42: =IF(I42=J42,"Pass","Fail") -> Pass | H42: =IF(AND(ISBLANK(D42),F42>=0),"Pass",IF(F42<=D42,"Pass","Fail")) -> Pass | I42: =SUBSTITUTE(B42,"_","") -> svccptcode | J42: =SUBSTITUTE(E42,"_","") -> svccptcode
B43: svc_cpt_Desc | C43: text | D43: 100 | E43: svc_cpt_Desc | F43: 0 | G43: =IF(I43=J43,"Pass","Fail") -> Pass | H43: =IF(AND(ISBLANK(D43),F43>=0),"Pass",IF(F43<=D43,"Pass","Fail")) -> Pass | I43: =SUBSTITUTE(B43,"_","") -> svccptDesc | J43: =SUBSTITUTE(E43,"_","") -> svccptDesc
B44: svc_loinc_code | C44: text | D44: 15 | E44: svc_loinc_code | F44: 7 | G44: =IF(I44=J44,"Pass","Fail") -> Pass | H44: =IF(AND(ISBLANK(D44),F44>=0),"Pass",IF(F44<=D44,"Pass","Fail")) -> Pass | I44: =SUBSTITUTE(B44,"_","") -> svcloinccode | J44: =SUBSTITUTE(E44,"_","") -> svcloinccode
B45: svc_loinc_desc | C45: text | D45: 100 | E45: svc_loinc_desc | F45: 81 | G45: =IF(I45=J45,"Pass","Fail") -> Pass | H45: =IF(AND(ISBLANK(D45),F45>=0),"Pass",IF(F45<=D45,"Pass","Fail")) -> Pass | I45: =SUBSTITUTE(B45,"_","") -> svcloincdesc | J45: =SUBSTITUTE(E45,"_","") -> svcloincdesc
B46: svc_lab_id | C46: text | D46: 10 | E46: svc_lab_id | F46: 6 | G46: =IF(I46=J46,"Pass","Fail") -> Pass | H46: =IF(AND(ISBLANK(D46),F46>=0),"Pass",IF(F46<=D46,"Pass","Fail")) -> Pass | I46: =SUBSTITUTE(B46,"_","") -> svclabid | J46: =SUBSTITUTE(E46,"_","") -> svclabid
B47: svc_lab_name | C47: text | D47: 50 | E47: svc_lab_name | F47: 27 | G47: =IF(I47=J47,"Pass","Fail") -> Pass | H47: =IF(AND(ISBLANK(D47),F47>=0),"Pass",IF(F47<=D47,"Pass","Fail")) -> Pass | I47: =SUBSTITUTE(B47,"_","") -> svclabname | J47: =SUBSTITUTE(E47,"_","") -> svclabname
B48: svc_test_norm | C48: text | D48: 15 | E48: svc_test_norm | F48: 10 | G48: =IF(I48=J48,"Pass","Fail") -> Pass | H48: =IF(AND(ISBLANK(D48),F48>=0),"Pass",IF(F48<=D48,"Pass","Fail")) -> Pass | I48: =SUBSTITUTE(B48,"_","") -> svctestnorm | J48: =SUBSTITUTE(E48,"_","") -> svctestnorm
B49: svc_test_value | C49: number | D49: 10 | E49: svc_test_value | F49: 4 | G49: =IF(I49=J49,"Pass","Fail") -> Pass | H49: =IF(AND(ISBLANK(D49),F49>=0),"Pass",IF(F49<=D49,"Pass","Fail")) -> Pass | I49: =SUBSTITUTE(B49,"_","") -> svctestvalue | J49: =SUBSTITUTE(E49,"_","") -> svctestvalue
B50: svc_test_measure | C50: number | D50: 100 | E50: svc_test_measure | F50: 13 | G50: =IF(I50=J50,"Pass","Fail") -> Pass | H50: =IF(AND(ISBLANK(D50),F50>=0),"Pass",IF(F50<=D50,"Pass","Fail")) -> Pass | I50: =SUBSTITUTE(B50,"_","") -> svctestmeasure | J50: =SUBSTITUTE(E50,"_","") -> svctestmeasure
B51: referring_physician_id | C51: text | D51: 100 | E51: referring_physician_id | F51: 0 | G51: =IF(I51=J51,"Pass","Fail") -> Pass | H51: =IF(AND(ISBLANK(D51),F51>=0),"Pass",IF(F51<=D51,"Pass","Fail")) -> Pass | I51: =SUBSTITUTE(B51,"_","") -> referringphysicianid | J51: =SUBSTITUTE(E51,"_","") -> referringphysicianid
B52: referring_physician_first_name | C52: text | D52: 100 | E52: referring_physician_first_name | F52: 0 | G52: =IF(I52=J52,"Pass","Fail") -> Pass | H52: =IF(AND(ISBLANK(D52),F52>=0),"Pass",IF(F52<=D52,"Pass","Fail")) -> Pass | I52: =SUBSTITUTE(B52,"_","") -> referringphysicianfirstname | J52: =SUBSTITUTE(E52,"_","") -> referringphysicianfirstname
B53: referring_physician_last_name | C53: text | D53: 100 | E53: referring_physician_last_name | F53: 0 | G53: =IF(I53=J53,"Pass","Fail") -> Pass | H53: =IF(AND(ISBLANK(D53),F53>=0),"Pass",IF(F53<=D53,"Pass","Fail")) -> Pass | I53: =SUBSTITUTE(B53,"_","") -> referringphysicianlastname | J53: =SUBSTITUTE(E53,"_","") -> referringphysicianlastname
... B65: prv_taxonomy_subdesc2 | C65: text | D65: 100 | E65: prv_taxonomy_subdesc2 | F65: 0 | G65: =IF(I65=J65,"Pass","Fail") -> Pass | H65: =IF(AND(ISBLANK(D65),F65>=0),"Pass",IF(F65<=D65,"Pass","Fail")) -> Pass | I65: =SUBSTITUTE(B65,"_","") -> prvtaxonomysubdesc2 | J65: =SUBSTITUTE(E65,"_","") -> prvtaxonomysubdesc2
B66: lab_id | C66: text | E66: lab_id | F66: 0 | G66: =IF(I66=J66,"Pass","Fail") -> Pass | H66: =IF(AND(ISBLANK(D66),F66>=0),"Pass",IF(F66<=D66,"Pass","Fail")) -> Pass | I66: =SUBSTITUTE(B66,"_","") -> labid | J66: =SUBSTITUTE(E66,"_","") -> labid
B67: svc_float_test_value | C67: double | E67: svc_float_test_value | F67: 0 | G67: =IF(I67=J67,"Pass","Fail") -> Pass | H67: =IF(AND(ISBLANK(D67),F67>=0),"Pass",IF(F67<=D67,"Pass","Fail")) -> Pass | I67: =SUBSTITUTE(B67,"_","") -> svcfloattestvalue | J67: =SUBSTITUTE(E67,"_","") -> svcfloattestvalue
B68: udf1_lab | C68: text | D68: 100 | E68: udf1_lab | F68: 0 | G68: =IF(I68=J68,"Pass","Fail") -> Pass | H68: =IF(AND(ISBLANK(D68),F68>=0),"Pass",IF(F68<=D68,"Pass","Fail")) -> Pass | I68: =SUBSTITUTE(B68,"_","") -> udf1lab | J68: =SUBSTITUTE(E68,"_","") -> udf1lab
B69: udf2_lab | C69: text | D69: 100 | E69: udf2_lab | F69: 0 | G69: =IF(I69=J69,"Pass","Fail") -> Pass | H69: =IF(AND(ISBLANK(D69),F69>=0),"Pass",IF(F69<=D69,"Pass","Fail")) -> Pass | I69: =SUBSTITUTE(B69,"_","") -> udf2lab | J69: =SUBSTITUTE(E69,"_","") -> udf2lab
B70: udf3_lab | C70: text | D70: 100 | E70: udf3_lab | F70: 8 | G70: =IF(I70=J70,"Pass","Fail") -> Pass | H70: =IF(AND(ISBLANK(D70),F70>=0),"Pass",IF(F70<=D70,"Pass","Fail")) -> Pass | I70: =SUBSTITUTE(B70,"_","") -> udf3lab | J70: =SUBSTITUTE(E70,"_","") -> udf3lab
B71: udf4_lab | C71: text | D71: 100 | E71: udf4_lab | F71: 0 | G71: =IF(I71=J71,"Pass","Fail") -> Pass | H71: =IF(AND(ISBLANK(D71),F71>=0),"Pass",IF(F71<=D71,"Pass","Fail")) -> Pass | I71: =SUBSTITUTE(B71,"_","") -> udf4lab | J71: =SUBSTITUTE(E71,"_","") -> udf4lab
B72: udf5_lab | C72: text | D72: 100 | E72: udf5_lab | F72: 2 | G72: =IF(I72=J72,"Pass","Fail") -> Pass | H72: =IF(AND(ISBLANK(D72),F72>=0),"Pass",IF(F72<=D72,"Pass","Fail")) -> Pass | I72: =SUBSTITUTE(B72,"_","") -> udf5lab | J72: =SUBSTITUTE(E72,"_","") -> udf5lab
B73: udf6_lab | C73: text | D73: 100 | E73: udf6_lab | F73: 26 | G73: =IF(I73=J73,"Pass","Fail") -> Pass | H73: =IF(AND(ISBLANK(D73),F73>=0),"Pass",IF(F73<=D73,"Pass","Fail")) -> Pass | I73: =SUBSTITUTE(B73,"_","") -> udf6lab | J73: =SUBSTITUTE(E73,"_","") -> udf6lab
B74: udf7_lab | C74: text | D74: 100 | E74: udf7_lab | F74: 0 | G74: =IF(I74=J74,"Pass","Fail") -> Pass | H74: =IF(AND(ISBLANK(D74),F74>=0),"Pass",IF(F74<=D74,"Pass","Fail")) -> Pass | I74: =SUBSTITUTE(B74,"_","") -> udf7lab | J74: =SUBSTITUTE(E74,"_","") -> udf7lab
B75: udf8_lab | C75: text | D75: 100 | E75: udf8_lab | F75: 0 | G75: =IF(I75=J75,"Pass","Fail") -> Pass | H75: =IF(AND(ISBLANK(D75),F75>=0),"Pass",IF(F75<=D75,"Pass","Fail")) -> Pass | I75: =SUBSTITUTE(B75,"_","") -> udf8lab | J75: =SUBSTITUTE(E75,"_","") -> udf8lab
B76: udf9_lab | C76: text | D76: 100 | E76: udf9_lab | F76: 0 | G76: =IF(I76=J76,"Pass","Fail") -> Pass | H76: =IF(AND(ISBLANK(D76),F76>=0),"Pass",IF(F76<=D76,"Pass","Fail")) -> Pass | I76: =SUBSTITUTE(B76,"_","") -> udf9lab | J76: =SUBSTITUTE(E76,"_","") -> udf9lab
B77: udf10_lab | C77: text | D77: 100 | E77: udf10_lab | F77: 0 | G77: =IF(I77=J77,"Pass","Fail") -> Pass | H77: =IF(AND(ISBLANK(D77),F77>=0),"Pass",IF(F77<=D77,"Pass","Fail")) -> Pass | I77: =SUBSTITUTE(B77,"_","") -> udf10lab | J77: =SUBSTITUTE(E77,"_","") -> udf10lab
B78: udf11_lab | C78: text | D78: 100 | E78: udf11_lab | F78: 0 | G78: =IF(I78=J78,"Pass","Fail") -> Pass | H78: =IF(AND(ISBLANK(D78),F78>=0),"Pass",IF(F78<=D78,"Pass","Fail")) -> Pass | I78: =SUBSTITUTE(B78,"_","") -> udf11lab | J78: =SUBSTITUTE(E78,"_","") -> udf11lab
B79: udf12_lab | C79: text | D79: 100 | E79: udf12_lab | F79: 0 | G79: =IF(I79=J79,"Pass","Fail") -> Pass | H79: =IF(AND(ISBLANK(D79),F79>=0),"Pass",IF(F79<=D79,"Pass","Fail")) -> Pass | I79: =SUBSTITUTE(B79,"_","") -> udf12lab | J79: =SUBSTITUTE(E79,"_","") -> udf12lab
... B107: udf40_lab | C107: double | D107: 100 | E107: udf40_lab | F107: 0 | G107: =IF(I107=J107,"Pass","Fail") -> Pass | H107: =IF(AND(ISBLANK(D107),F107>=0),"Pass",IF(F107<=D107,"Pass","Fail")) -> Pass | I107: =SUBSTITUTE(B107,"_","") -> udf40lab | J107: =SUBSTITUTE(E107,"_","") -> udf40lab
B108: udf41_lab | C108: date | E108: udf41_lab | F108: 10 | G108: =IF(I108=J108,"Pass","Fail") -> Pass | H108: =IF(AND(ISBLANK(D108),F108>=0),"Pass",IF(F108<=D108,"Pass","Fail")) -> Pass | I108: =SUBSTITUTE(B108,"_","") -> udf41lab | J108: =SUBSTITUTE(E108,"_","") -> udf41lab
B109: udf42_lab | C109: date | E109: udf42_lab | F109: 0 | G109: =IF(I109=J109,"Pass","Fail") -> Pass | H109: =IF(AND(ISBLANK(D109),F109>=0),"Pass",IF(F109<=D109,"Pass","Fail")) -> Pass | I109: =SUBSTITUTE(B109,"_","") -> udf42lab | J109: =SUBSTITUTE(E109,"_","") -> udf42lab
B110: udf43_lab | C110: date | E110: udf43_lab | F110: 0 | G110: =IF(I110=J110,"Pass","Fail") -> Pass | H110: =IF(AND(ISBLANK(D110),F110>=0),"Pass",IF(F110<=D110,"Pass","Fail")) -> Pass | I110: =SUBSTITUTE(B110,"_","") -> udf43lab | J110: =SUBSTITUTE(E110,"_","") -> udf43lab
B111: udf44_lab | C111: date | E111: udf44_lab | F111: 0 | G111: =IF(I111=J111,"Pass","Fail") -> Pass | H111: =IF(AND(ISBLANK(D111),F111>=0),"Pass",IF(F111<=D111,"Pass","Fail")) -> Pass | I111: =SUBSTITUTE(B111,"_","") -> udf44lab | J111: =SUBSTITUTE(E111,"_","") -> udf44lab
B112: udf45_lab | C112: date | E112: udf45_lab | F112: 0 | G112: =IF(I112=J112,"Pass","Fail") -> Pass | H112: =IF(AND(ISBLANK(D112),F112>=0),"Pass",IF(F112<=D112,"Pass","Fail")) -> Pass | I112: =SUBSTITUTE(B112,"_","") -> udf45lab | J112: =SUBSTITUTE(E112,"_","") -> udf45lab
B113: udf46_lab | C113: date | E113: udf46_lab | F113: 0 | G113: =IF(I113=J113,"Pass","Fail") -> Pass | H113: =IF(AND(ISBLANK(D113),F113>=0),"Pass",IF(F113<=D113,"Pass","Fail")) -> Pass | I113: =SUBSTITUTE(B113,"_","") -> udf46lab | J113: =SUBSTITUTE(E113,"_","") -> udf46lab
B114: udf47_lab | C114: date | E114: udf47_lab | F114: 0 | G114: =IF(I114=J114,"Pass","Fail") -> Pass | H114: =IF(AND(ISBLANK(D114),F114>=0),"Pass",IF(F114<=D114,"Pass","Fail")) -> Pass | I114: =SUBSTITUTE(B114,"_","") -> udf47lab | J114: =SUBSTITUTE(E114,"_","") -> udf47lab
B115: udf48_lab | C115: date | E115: udf48_lab | F115: 0 | G115: =IF(I115=J115,"Pass","Fail") -> Pass | H115: =IF(AND(ISBLANK(D115),F115>=0),"Pass",IF(F115<=D115,"Pass","Fail")) -> Pass | I115: =SUBSTITUTE(B115,"_","") -> udf48lab | J115: =SUBSTITUTE(E115,"_","") -> udf48lab
B116: udf49_lab | C116: date | E116: udf49_lab | F116: 0 | G116: =IF(I116=J116,"Pass","Fail") -> Pass | H116: =IF(AND(ISBLANK(D116),F116>=0),"Pass",IF(F116<=D116,"Pass","Fail")) -> Pass | I116: =SUBSTITUTE(B116,"_","") -> udf49lab | J116: =SUBSTITUTE(E116,"_","") -> udf49lab
B117: udf50_lab | C117: date | E117: udf50_lab | F117: 0 | G117: =IF(I117=J117,"Pass","Fail") -> Pass | H117: =IF(AND(ISBLANK(D117),F117>=0),"Pass",IF(F117<=D117,"Pass","Fail")) -> Pass | I117: =SUBSTITUTE(B117,"_","") -> udf50lab | J117: =SUBSTITUTE(E117,"_","") -> udf50lab
B118: dw_rawfilename | C118: text | D118: 255 | E118: dw_rawfilename | F118: 62 | G118: =IF(I118=J118,"Pass","Fail") -> Pass | H118: =IF(AND(ISBLANK(D118),F118>=0),"Pass",IF(F118<=D118,"Pass","Fail")) -> Pass | I118: =SUBSTITUTE(B118,"_","") -> dwrawfilename | J118: =SUBSTITUTE(E118,"_","") -> dwrawfilename
B119: dw_received_month | C119: text | D119: 10 | E119: dw_received_month | F119: 10 | G119: =IF(I119=J119,"Pass","Fail") -> Pass | H119: =IF(AND(ISBLANK(D119),F119>=0),"Pass",IF(F119<=D119,"Pass","Fail")) -> Pass | I119: =SUBSTITUTE(B119,"_","") -> dwreceivedmonth | J119: =SUBSTITUTE(E119,"_","") -> dwreceivedmonth | K119: dw_received_month field length changed from 6 to 10
B120: dw_vendor_name | C120: text | D120: 20 | E120: dw_vendor_name | F120: 17 | G120: =IF(I120=J120,"Pass","Fail") -> Pass | H120: =IF(AND(ISBLANK(D120),F120>=0),"Pass",IF(F120<=D120,"Pass","Fail")) -> Pass | I120: =SUBSTITUTE(B120,"_","") -> dwvendorname | J120: =SUBSTITUTE(E120,"_","") -> dwvendorname

Sheet Medical_Claims
B1: Client layout | C1: Data Type | D1: Client Length | E1: Extract Layout | F1: Extract Length | G1: Layout Result | H1: Length Result | L1: Extract Total Count | M1: Application Total Count | N1: Difference | O1: Fail
B2: rev_claim_id | C2: varchar | D2: 42 | E2: rev_claim_id | F2: 42 | G2: =IF(I2=J2,"Pass","Fail") -> Pass | H2: =IF(AND(ISBLANK(D2),F2>=0),"Pass",IF(F2<=D2,"Pass","Fail")) -> Pass | I2: =SUBSTITUTE(B2,"_","") -> revclaimid | J2: =SUBSTITUTE(E2,"_","") -> revclaimid | L2: 620644 | M2: 620644 | N2: =L2-M2 -> 0
B3: rev_claim_line_id | C3: varchar | D3: 25 | E3: rev_claim_line_id | F3: 8 | G3: =IF(I3=J3,"Pass","Fail") -> Pass | H3: =IF(AND(ISBLANK(D3),F3>=0),"Pass",IF(F3<=D3,"Pass","Fail")) -> Pass | I3: =SUBSTITUTE(B3,"_","") -> revclaimlineid | J3: =SUBSTITUTE(E3,"_","") -> revclaimlineid | L3: Prior Count | M3: 610060 | N3: =L2-M3 -> 10584
B4: rev_claim_type | C4: varchar | D4: 15 | E4: rev_claim_type | F4: 4 | G4: =IF(I4=J4,"Pass","Fail") -> Pass | H4: =IF(AND(ISBLANK(D4),F4>=0),"Pass",IF(F4<=D4,"Pass","Fail")) -> Pass | I4: =SUBSTITUTE(B4,"_","") -> revclaimtype | J4: =SUBSTITUTE(E4,"_","") -> revclaimtype
B5: rev_claim_type_flag | C5: char | D5: 1 | E5: rev_claim_type_flag | F5: 0 | G5: =IF(I5=J5,"Pass","Fail") -> Pass | H5: =IF(AND(ISBLANK(D5),F5>=0),"Pass",IF(F5<=D5,"Pass","Fail")) -> Pass | I5: =SUBSTITUTE(B5,"_","") -> revclaimtypeflag | J5: =SUBSTITUTE(E5,"_","") -> revclaimtypeflag | L5: Overall | M5: Result
B6: ins_plan_type_code | C6: varchar | D6: 20 | E6: ins_plan_type_code | F6: 2 | G6: =IF(I6=J6,"Pass","Fail") -> Pass | H6: =IF(AND(ISBLANK(D6),F6>=0),"Pass",IF(F6<=D6,"Pass","Fail")) -> Pass | I6: =SUBSTITUTE(B6,"_","") -> insplantypecode | J6: =SUBSTITUTE(E6,"_","") -> insplantypecode | L6: Layout Result | M6: =IF(ISERROR(VLOOKUP($O$1,$G$2:$G$276,1,)),"Pass","Fail") -> Pass
B7: ins_plan_type_desc | C7: varchar | D7: 255 | E7: ins_plan_type_desc | F7: 5 | G7: =IF(I7=J7,"Pass","Fail") -> Pass | H7: =IF(AND(ISBLANK(D7),F7>=0),"Pass",IF(F7<=D7,"Pass","Fail")) -> Pass | I7: =SUBSTITUTE(B7,"_","") -> insplantypedesc | J7: =SUBSTITUTE(E7,"_","") -> insplantypedesc | L7: Field Length Result | M7: =IF(ISERROR(VLOOKUP($O$1,$H$2:$H$276,1,)),"Pass","Fail") -> Pass
B8: ins_carrier_id | C8: varchar | D8: 20 | E8: ins_carrier_id | F8: 17 | G8: =IF(I8=J8,"Pass","Fail") -> Pass | H8: =IF(AND(ISBLANK(D8),F8>=0),"Pass",IF(F8<=D8,"Pass","Fail")) -> Pass | I8: =SUBSTITUTE(B8,"_","") -> inscarrierid | J8: =SUBSTITUTE(E8,"_","") -> inscarrierid | L8: Count Result | M8: =IF(N2=0,"Pass","Fail") -> Pass
B9: ins_carrier_name | C9: varchar | D9: 50 | E9: ins_carrier_name | F9: 43 | G9: =IF(I9=J9,"Pass","Fail") -> Pass | H9: =IF(AND(ISBLANK(D9),F9>=0),"Pass",IF(F9<=D9,"Pass","Fail")) -> Pass | I9: =SUBSTITUTE(B9,"_","") -> inscarriername | J9: =SUBSTITUTE(E9,"_","") -> inscarriername | L9: % change in count with respect to previous count | M9: =IF(M3=0,0%,N3/M3) -> 0.017349113
B10: ins_coverage_type_code | C10: varchar | D10: 10 | E10: ins_coverage_type_code | F10: 2 | G10: =IF(I10=J10,"Pass","Fail") -> Pass | H10: =IF(AND(ISBLANK(D10),F10>=0),"Pass",IF(F10<=D10,"Pass","Fail")) -> Pass | I10: =SUBSTITUTE(B10,"_","") -> inscoveragetypecode | J10: =SUBSTITUTE(E10,"_","") -> inscoveragetypecode | L10: % change in file size with respect to previous file | M10: =File_Size_Comparision!F10 -> 0.017094017
B11: ins_coverage_type_desc | C11: varchar | D11: 50 | E11: ins_coverage_type_desc | F11: 5 | G11: =IF(I11=J11,"Pass","Fail") -> Pass | H11: =IF(AND(ISBLANK(D11),F11>=0),"Pass",IF(F11<=D11,"Pass","Fail")) -> Pass | I11: =SUBSTITUTE(B11,"_","") -> inscoveragetypedesc | J11: =SUBSTITUTE(E11,"_","") -> inscoveragetypedesc
B12: ins_plan_id | C12: varchar | D12: 66 | E12: ins_plan_id | F12: 66 | G12: =IF(I12=J12,"Pass","Fail") -> Pass | H12: =IF(AND(ISBLANK(D12),F12>=0),"Pass",IF(F12<=D12,"Pass","Fail")) -> Pass | I12: =SUBSTITUTE(B12,"_","") -> insplanid | J12: =SUBSTITUTE(E12,"_","") -> insplanid
B13: ins_emp_group_id | C13: varchar | D13: 20 | E13: ins_emp_group_id | F13: 15 | G13: =IF(I13=J13,"Pass","Fail") -> Pass | H13: =IF(AND(ISBLANK(D13),F13>=0),"Pass",IF(F13<=D13,"Pass","Fail")) -> Pass | I13: =SUBSTITUTE(B13,"_","") -> insempgroupid | J13: =SUBSTITUTE(E13,"_","") -> insempgroupid
B14: ins_emp_group_name | C14: varchar | D14: 50 | E14: ins_emp_group_name | F14: 15 | G14: =IF(I14=J14,"Pass","Fail") -> Pass | H14: =IF(AND(ISBLANK(D14),F14>=0),"Pass",IF(F14<=D14,"Pass","Fail")) -> Pass | I14: =SUBSTITUTE(B14,"_","") -> insempgroupname | J14: =SUBSTITUTE(E14,"_","") -> insempgroupname
B15: ins_division_id | C15: varchar | D15: 53 | E15: ins_division_id | F15: 53 | G15: =IF(I15=J15,"Pass","Fail") -> Pass | H15: =IF(AND(ISBLANK(D15),F15>=0),"Pass",IF(F15<=D15,"Pass","Fail")) -> Pass | I15: =SUBSTITUTE(B15,"_","") -> insdivisionid | J15: =SUBSTITUTE(E15,"_","") -> insdivisionid
B16: ins_division_name | C16: varchar | D16: 100 | E16: ins_division_name | F16: 68 | G16: =IF(I16=J16,"Pass","Fail") -> Pass | H16: =IF(AND(ISBLANK(D16),F16>=0),"Pass",IF(F16<=D16,"Pass","Fail")) -> Pass | I16: =SUBSTITUTE(B16,"_","") -> insdivisionname | J16: =SUBSTITUTE(E16,"_","") -> insdivisionname
B17: ins_cobra_code | C17: varchar | D17: 2 | E17: ins_cobra_code | F17: 0 | G17: =IF(I17=J17,"Pass","Fail") -> Pass | H17: =IF(AND(ISBLANK(D17),F17>=0),"Pass",IF(F17<=D17,"Pass","Fail")) -> Pass | I17: =SUBSTITUTE(B17,"_","") -> inscobracode | J17: =SUBSTITUTE(E17,"_","") -> inscobracode
B18: ins_cobra_desc | C18: varchar | D18: 30 | E18: ins_cobra_desc | F18: 0 | G18: =IF(I18=J18,"Pass","Fail") -> Pass | H18: =IF(AND(ISBLANK(D18),F18>=0),"Pass",IF(F18<=D18,"Pass","Fail")) -> Pass | I18: =SUBSTITUTE(B18,"_","") -> inscobradesc | J18: =SUBSTITUTE(E18,"_","") -> inscobradesc
B19: mbr_id | C19: varchar | D19: 25 | E19: mbr_id | F19: 25 | G19: =IF(I19=J19,"Pass","Fail") -> Pass | H19: =IF(AND(ISBLANK(D19),F19>=0),"Pass",IF(F19<=D19,"Pass","Fail")) -> Pass | I19: =SUBSTITUTE(B19,"_","") -> mbrid | J19: =SUBSTITUTE(E19,"_","") -> mbrid
B20: mbr_ssn | C20: varchar | D20: 22 | E20: mbr_ssn | F20: 22 | G20: =IF(I20=J20,"Pass","Fail") -> Pass | H20: =IF(AND(ISBLANK(D20),F20>=0),"Pass",IF(F20<=D20,"Pass","Fail")) -> Pass | I20: =SUBSTITUTE(B20,"_","") -> mbrssn | J20: =SUBSTITUTE(E20,"_","") -> mbrssn
B21: mbr_first_name | C21: varchar | D21: 30 | E21: mbr_first_name | F21: 15 | G21: =IF(I21=J21,"Pass","Fail") -> Pass | H21: =IF(AND(ISBLANK(D21),F21>=0),"Pass",IF(F21<=D21,"Pass","Fail")) -> Pass | I21: =SUBSTITUTE(B21,"_","") -> mbrfirstname | J21: =SUBSTITUTE(E21,"_","") -> mbrfirstname
B22: mbr_middle_name | C22: varchar | D22: 30 | E22: mbr_middle_name | F22: 1 | G22: =IF(I22=J22,"Pass","Fail") -> Pass | H22: =IF(AND(ISBLANK(D22),F22>=0),"Pass",IF(F22<=D22,"Pass","Fail")) -> Pass | I22: =SUBSTITUTE(B22,"_","") -> mbrmiddlename | J22: =SUBSTITUTE(E22,"_","") -> mbrmiddlename
... B24: mbr_gender | C24: varchar | D24: 2 | E24: mbr_gender | F24: 1 | G24: =IF(I24=J24,"Pass","Fail") -> Pass | H24: =IF(AND(ISBLANK(D24),F24>=0),"Pass",IF(F24<=D24,"Pass","Fail")) -> Pass | I24: =SUBSTITUTE(B24,"_","") -> mbrgender | J24: =SUBSTITUTE(E24,"_","") -> mbrgender
B25: mbr_dob | C25: date | E25: mbr_dob | F25: 10 | G25: =IF(I25=J25,"Pass","Fail") -> Pass | H25: =IF(AND(ISBLANK(D25),F25>=0),"Pass",IF(F25<=D25,"Pass","Fail")) -> Pass | I25: =SUBSTITUTE(B25,"_","") -> mbrdob | J25: =SUBSTITUTE(E25,"_","") -> mbrdob
B26: mbr_street_1 | C26: varchar | D26: 50 | E26: mbr_street_1 | F26: 30 | G26: =IF(I26=J26,"Pass","Fail") -> Pass | H26: =IF(AND(ISBLANK(D26),F26>=0),"Pass",IF(F26<=D26,"Pass","Fail")) -> Pass | I26: =SUBSTITUTE(B26,"_","") -> mbrstreet1 | J26: =SUBSTITUTE(E26,"_","") -> mbrstreet1
B27: mbr_street_2 | C27: varchar | D27: 50 | E27: mbr_street_2 | F27: 22 | G27: =IF(I27=J27,"Pass","Fail") -> Pass | H27: =IF(AND(ISBLANK(D27),F27>=0),"Pass",IF(F27<=D27,"Pass","Fail")) -> Pass | I27: =SUBSTITUTE(B27,"_","") -> mbrstreet2 | J27: =SUBSTITUTE(E27,"_","") -> mbrstreet2
B28: mbr_city | C28: varchar | D28: 50 | E28: mbr_city | F28: 20 | G28: =IF(I28=J28,"Pass","Fail") -> Pass | H28: =IF(AND(ISBLANK(D28),F28>=0),"Pass",IF(F28<=D28,"Pass","Fail")) -> Pass | I28: =SUBSTITUTE(B28,"_","") -> mbrcity | J28: =SUBSTITUTE(E28,"_","") -> mbrcity
B29: mbr_county | C29: varchar | D29: 20 | E29: mbr_county | F29: 5 | G29: =IF(I29=J29,"Pass","Fail") -> Pass | H29: =IF(AND(ISBLANK(D29),F29>=0),"Pass",IF(F29<=D29,"Pass","Fail")) -> Pass | I29: =SUBSTITUTE(B29,"_","") -> mbrcounty | J29: =SUBSTITUTE(E29,"_","") -> mbrcounty
B30: mbr_state | C30: varchar | D30: 2 | E30: mbr_state | F30: 2 | G30: =IF(I30=J30,"Pass","Fail") -> Pass | H30: =IF(AND(ISBLANK(D30),F30>=0),"Pass",IF(F30<=D30,"Pass","Fail")) -> Pass | I30: =SUBSTITUTE(B30,"_","") -> mbrstate | J30: =SUBSTITUTE(E30,"_","") -> mbrstate
B31: mbr_zip | C31: varchar | D31: 10 | E31: mbr_zip | F31: 9 | G31: =IF(I31=J31,"Pass","Fail") -> Pass | H31: =IF(AND(ISBLANK(D31),F31>=0),"Pass",IF(F31<=D31,"Pass","Fail")) -> Pass | I31: =SUBSTITUTE(B31,"_","") -> mbrzip | J31: =SUBSTITUTE(E31,"_","") -> mbrzip
B32: mbr_phone | C32: varchar | D32: 15 | E32: mbr_phone | F32: 12 | G32: =IF(I32=J32,"Pass","Fail") -> Pass | H32: =IF(AND(ISBLANK(D32),F32>=0),"Pass",IF(F32<=D32,"Pass","Fail")) -> Pass | I32: =SUBSTITUTE(B32,"_","") -> mbrphone | J32: =SUBSTITUTE(E32,"_","") -> mbrphone
B33: mbr_region_code | C33: varchar | D33: 32 | E33: mbr_region_code | F33: 0 | G33: =IF(I33=J33,"Pass","Fail") -> Pass | H33: =IF(AND(ISBLANK(D33),F33>=0),"Pass",IF(F33<=D33,"Pass","Fail")) -> Pass | I33: =SUBSTITUTE(B33,"_","") -> mbrregioncode | J33: =SUBSTITUTE(E33,"_","") -> mbrregioncode
B34: mbr_region_name | C34: varchar | D34: 50 | E34: mbr_region_name | F34: 0 | G34: =IF(I34=J34,"Pass","Fail") -> Pass | H34: =IF(AND(ISBLANK(D34),F34>=0),"Pass",IF(F34<=D34,"Pass","Fail")) -> Pass | I34: =SUBSTITUTE(B34,"_","") -> mbrregionname | J34: =SUBSTITUTE(E34,"_","") -> mbrregionname
B35: mbr_relationship_code | C35: varchar | D35: 10 | E35: mbr_relationship_code | F35: 3 | G35: =IF(I35=J35,"Pass","Fail") -> Pass | H35: =IF(AND(ISBLANK(D35),F35>=0),"Pass",IF(F35<=D35,"Pass","Fail")) -> Pass | I35: =SUBSTITUTE(B35,"_","") -> mbrrelationshipcode | J35: =SUBSTITUTE(E35,"_","") -> mbrrelationshipcode
B36: mbr_relationship_desc | C36: varchar | D36: 42 | E36: mbr_relationship_desc | F36: 42 | G36: =IF(I36=J36,"Pass","Fail") -> Pass | H36: =IF(AND(ISBLANK(D36),F36>=0),"Pass",IF(F36<=D36,"Pass","Fail")) -> Pass | I36: =SUBSTITUTE(B36,"_","") -> mbrrelationshipdesc | J36: =SUBSTITUTE(E36,"_","") -> mbrrelationshipdesc
B37: prv_service_provider_id | C37: varchar | D37: 37 | E37: prv_service_provider_id | F37: 37 | G37: =IF(I37=J37,"Pass","Fail") -> Pass | H37: =IF(AND(ISBLANK(D37),F37>=0),"Pass",IF(F37<=D37,"Pass","Fail")) -> Pass | I37: =SUBSTITUTE(B37,"_","") -> prvserviceproviderid | J37: =SUBSTITUTE(E37,"_","") -> prvserviceproviderid
... B112: svc_discharge_desc | C112: varchar | D112: 119 | E112: svc_discharge_desc | F112: 119 | G112: =IF(I112=J112,"Pass","Fail") -> Pass | H112: =IF(AND(ISBLANK(D112),F112>=0),"Pass",IF(F112<=D112,"Pass","Fail")) -> Pass | I112: =SUBSTITUTE(B112,"_","") -> svcdischargedesc | J112: =SUBSTITUTE(E112,"_","") -> svcdischargedesc
B113: svc_service_qty | C113: int | E113: svc_service_qty | F113: 4 | G113: =IF(I113=J113,"Pass","Fail") -> Pass | H113: =IF(AND(ISBLANK(D113),F113>=0),"Pass",IF(F113<=D113,"Pass","Fail")) -> Pass | I113: =SUBSTITUTE(B113,"_","") -> svcserviceqty | J113: =SUBSTITUTE(E113,"_","") -> svcserviceqty
B114: svc_ip_days | C114: int | E114: svc_ip_days | F114: 3 | G114: =IF(I114=J114,"Pass","Fail") -> Pass | H114: =IF(AND(ISBLANK(D114),F114>=0),"Pass",IF(F114<=D114,"Pass","Fail")) -> Pass | I114: =SUBSTITUTE(B114,"_","") -> svcipdays | J114: =SUBSTITUTE(E114,"_","") -> svcipdays
B115: svc_covered_days | C115: int | E115: svc_covered_days | F115: 1 | G115: =IF(I115=J115,"Pass","Fail") -> Pass | H115: =IF(AND(ISBLANK(D115),F115>=0),"Pass",IF(F115<=D115,"Pass","Fail")) -> Pass | I115: =SUBSTITUTE(B115,"_","") -> svccovereddays | J115: =SUBSTITUTE(E115,"_","") -> svccovereddays
B116: svc_admit_type | C116: varchar | D116: 13 | E116: svc_admit_type | F116: 13 | G116: =IF(I116=J116,"Pass","Fail") -> Pass | H116: =IF(AND(ISBLANK(D116),F116>=0),"Pass",IF(F116<=D116,"Pass","Fail")) -> Pass | I116: =SUBSTITUTE(B116,"_","") -> svcadmittype | J116: =SUBSTITUTE(E116,"_","") -> svcadmittype
B117: svc_service_frm_date | C117: date | E117: svc_service_frm_date | F117: 10 | G117: =IF(I117=J117,"Pass","Fail") -> Pass | H117: =IF(AND(ISBLANK(D117),F117>=0),"Pass",IF(F117<=D117,"Pass","Fail")) -> Pass | I117: =SUBSTITUTE(B117,"_","") -> svcservicefrmdate | J117: =SUBSTITUTE(E117,"_","") -> svcservicefrmdate
B118: svc_service_to_date | C118: date | E118: svc_service_to_date | F118: 10 | G118: =IF(I118=J118,"Pass","Fail") -> Pass | H118: =IF(AND(ISBLANK(D118),F118>=0),"Pass",IF(F118<=D118,"Pass","Fail")) -> Pass | I118: =SUBSTITUTE(B118,"_","") -> svcservicetodate | J118: =SUBSTITUTE(E118,"_","") -> svcservicetodate
B119: rev_adjudication_date | C119: date | E119: rev_adjudication_date | F119: 0 | G119: =IF(I119=J119,"Pass","Fail") -> Pass | H119: =IF(AND(ISBLANK(D119),F119>=0),"Pass",IF(F119<=D119,"Pass","Fail")) -> Pass | I119: =SUBSTITUTE(B119,"_","") -> revadjudicationdate | J119: =SUBSTITUTE(E119,"_","") -> revadjudicationdate
B120: rev_paid_date | C120: date | E120: rev_paid_date | F120: 10 | G120: =IF(I120=J120,"Pass","Fail") -> Pass | H120: =IF(AND(ISBLANK(D120),F120>=0),"Pass",IF(F120<=D120,"Pass","Fail")) -> Pass | I120: =SUBSTITUTE(B120,"_","") -> revpaiddate | J120: =SUBSTITUTE(E120,"_","") -> revpaiddate
B121: svc_benefit_code | C121: varchar | D121: 10 | E121: svc_benefit_code | F121: 7 | G121: =IF(I121=J121,"Pass","Fail") -> Pass | H121: =IF(AND(ISBLANK(D121),F121>=0),"Pass",IF(F121<=D121,"Pass","Fail")) -> Pass | I121: =SUBSTITUTE(B121,"_","") -> svcbenefitcode | J121: =SUBSTITUTE(E121,"_","") -> svcbenefitcode
B122: svc_benefit_desc | C122: varchar | D122: 100 | E122: svc_benefit_desc | F122: 57 | G122: =IF(I122=J122,"Pass","Fail") -> Pass | H122: =IF(AND(ISBLANK(D122),F122>=0),"Pass",IF(F122<=D122,"Pass","Fail")) -> Pass | I122: =SUBSTITUTE(B122,"_","") -> svcbenefitdesc | J122: =SUBSTITUTE(E122,"_","") -> svcbenefitdesc
B123: rev_allowed_amt | C123: numeric | D123: 19,2 | E123: rev_allowed_amt | F123: 20 | G123: =IF(I123=J123,"Pass","Fail") -> Pass | H123: =IF(AND(ISBLANK(D123),F123>=0),"Pass",IF(F123<=D123,"Pass","Fail")) -> Pass | I123: =SUBSTITUTE(B123,"_","") -> revallowedamt | J123: =SUBSTITUTE(E123,"_","") -> revallowedamt
B124: rev_billed_amt | C124: numeric | D124: 19,2 | E124: rev_billed_amt | F124: 9 | G124: =IF(I124=J124,"Pass","Fail") -> Pass | H124: =IF(AND(ISBLANK(D124),F124>=0),"Pass",IF(F124<=D124,"Pass","Fail")) -> Pass | I124: =SUBSTITUTE(B124,"_","") -> revbilledamt | J124: =SUBSTITUTE(E124,"_","") -> revbilledamt
B125: rev_cob_paid_amt | C125: numeric | D125: 19,2 | E125: rev_cob_paid_amt | F125: 9 | G125: =IF(I125=J125,"Pass","Fail") -> Pass | H125: =IF(AND(ISBLANK(D125),F125>=0),"Pass",IF(F125<=D125,"Pass","Fail")) -> Pass | I125: =SUBSTITUTE(B125,"_","") -> revcobpaidamt | J125: =SUBSTITUTE(E125,"_","") -> revcobpaidamt
B126: rev_coinsurance_amt | C126: numeric | D126: 19,2 | E126: rev_coinsurance_amt | F126: 8 | G126: =IF(I126=J126,"Pass","Fail") -> Pass | H126: =IF(AND(ISBLANK(D126),F126>=0),"Pass",IF(F126<=D126,"Pass","Fail")) -> Pass | I126: =SUBSTITUTE(B126,"_","") -> revcoinsuranceamt | J126: =SUBSTITUTE(E126,"_","") -> revcoinsuranceamt
B127: rev_copay_amt | C127: numeric | D127: 19,2 | E127: rev_copay_amt | F127: 7 | G127: =IF(I127=J127,"Pass","Fail") -> Pass | H127: =IF(AND(ISBLANK(D127),F127>=0),"Pass",IF(F127<=D127,"Pass","Fail")) -> Pass | I127: =SUBSTITUTE(B127,"_","") -> revcopayamt | J127: =SUBSTITUTE(E127,"_","") -> revcopayamt
B128: rev_coverage_charge_amt | C128: numeric | D128: 19,2 | E128: rev_coverage_charge_amt | F128: 9 | G128: =IF(I128=J128,"Pass","Fail") -> Pass | H128: =IF(AND(ISBLANK(D128),F128>=0),"Pass",IF(F128<=D128,"Pass","Fail")) -> Pass | I128: =SUBSTITUTE(B128,"_","") -> revcoveragechargeamt | J128: =SUBSTITUTE(E128,"_","") -> revcoveragechargeamt
B129: rev_deductible_amt | C129: numeric | D129: 19,2 | E129: rev_deductible_amt | F129: 8 | G129: =IF(I129=J129,"Pass","Fail") -> Pass | H129: =IF(AND(ISBLANK(D129),F129>=0),"Pass",IF(F129<=D129,"Pass","Fail")) -> Pass | I129: =SUBSTITUTE(B129,"_","") -> revdeductibleamt | J129: =SUBSTITUTE(E129,"_","") -> revdeductibleamt
B130: rev_not_covered_amt | C130: numeric | D130: 19,2 | E130: rev_not_covered_amt | F130: 9 | G130: =IF(I130=J130,"Pass","Fail") -> Pass | H130: =IF(AND(ISBLANK(D130),F130>=0),"Pass",IF(F130<=D130,"Pass","Fail")) -> Pass | I130: =SUBSTITUTE(B130,"_","") -> revnotcoveredamt | J130: =SUBSTITUTE(E130,"_","") -> revnotcoveredamt
B131: rev_other_savings | C131: numeric | D131: 19,2 | E131: rev_other_savings | F131: 7 | G131: =IF(I131=J131,"Pass","Fail") -> Pass | H131: =IF(AND(ISBLANK(D131),F131>=0),"Pass",IF(F131<=D131,"Pass","Fail")) -> Pass | I131: =SUBSTITUTE(B131,"_","") -> revothersavings | J131: =SUBSTITUTE(E131,"_","") -> revothersavings
B132: rev_ppo_savings | C132: numeric | D132: 19,2 | E132: rev_ppo_savings | F132: 20 | G132: =IF(I132=J132,"Pass","Fail") -> Pass | H132: =IF(AND(ISBLANK(D132),F132>=0),"Pass",IF(F132<=D132,"Pass","Fail")) -> Pass | I132: =SUBSTITUTE(B132,"_","") -> revpposavings | J132: =SUBSTITUTE(E132,"_","") -> revpposavings
B133: rev_paid_amt | C133: numeric | D133: 19,2 | E133: rev_paid_amt | F133: 9 | G133: =IF(I133=J133,"Pass","Fail") -> Pass | H133: =IF(AND(ISBLANK(D133),F133>=0),"Pass",IF(F133<=D133,"Pass","Fail")) -> Pass | I133: =SUBSTITUTE(B133,"_","") -> revpaidamt | J133: =SUBSTITUTE(E133,"_","") -> revpaidamt
B134: rev_pay_type | C134: varchar | D134: 4 | E134: rev_pay_type | F134: 0 | G134: =IF(I134=J134,"Pass","Fail") -> Pass | H134: =IF(AND(ISBLANK(D134),F134>=0),"Pass",IF(F134<=D134,"Pass","Fail")) -> Pass | I134: =SUBSTITUTE(B134,"_","") -> revpaytype | J134: =SUBSTITUTE(E134,"_","") -> revpaytype
B135: rev_check_num | C135: varchar | D135: 20 | E135: rev_check_num | F135: 0 | G135: =IF(I135=J135,"Pass","Fail") -> Pass | H135: =IF(AND(ISBLANK(D135),F135>=0),"Pass",IF(F135<=D135,"Pass","Fail")) -> Pass | I135: =SUBSTITUTE(B135,"_","") -> revchecknum | J135: =SUBSTITUTE(E135,"_","") -> revchecknum
B136: svc_pre_authorization | C136: varchar | D136: 50 | E136: svc_pre_authorization | F136: 0 | G136: =IF(I136=J136,"Pass","Fail") -> Pass | H136: =IF(AND(ISBLANK(D136),F136>=0),"Pass",IF(F136<=D136,"Pass","Fail")) -> Pass | I136: =SUBSTITUTE(B136,"_","") -> svcpreauthorization | J136: =SUBSTITUTE(E136,"_","") -> svcpreauthorization
B137: rev_adjudication_code | C137: varchar | D137: 8 | E137: rev_adjudication_code | F137: 1 | G137: =IF(I137=J137,"Pass","Fail") -> Pass | H137: =IF(AND(ISBLANK(D137),F137>=0),"Pass",IF(F137<=D137,"Pass","Fail")) -> Pass | I137: =SUBSTITUTE(B137,"_","") -> revadjudicationcode | J137: =SUBSTITUTE(E137,"_","") -> revadjudicationcode
B138: rev_adjudication_desc | C138: varchar | D138: 50 | E138: rev_adjudication_desc | F138: 8 | G138: =IF(I138=J138,"Pass","Fail") -> Pass | H138: =IF(AND(ISBLANK(D138),F138>=0),"Pass",IF(F138<=D138,"Pass","Fail")) -> Pass | I138: =SUBSTITUTE(B138,"_","") -> revadjudicationdesc | J138: =SUBSTITUTE(E138,"_","") -> revadjudicationdesc
B139: mbr_mrn | C139: varchar | D139: 30 | E139: mbr_mrn | F139: 0 | G139: =IF(I139=J139,"Pass","Fail") -> Pass | H139: =IF(AND(ISBLANK(D139),F139>=0),"Pass",IF(F139<=D139,"Pass","Fail")) -> Pass | I139: =SUBSTITUTE(B139,"_","") -> mbrmrn | J139: =SUBSTITUTE(E139,"_","") -> mbrmrn
B140: mbr_hicn | C140: varchar | D140: 11 | E140: mbr_hicn | F140: 0 | G140: =IF(I140=J140,"Pass","Fail") -> Pass | H140: =IF(AND(ISBLANK(D140),F140>=0),"Pass",IF(F140<=D140,"Pass","Fail")) -> Pass | I140: =SUBSTITUTE(B140,"_","") -> mbrhicn | J140: =SUBSTITUTE(E140,"_","") -> mbrhicn
B141: rev_bill_type_code | C141: varchar | D141: 3 | E141: rev_bill_type_code | F141: 3 | G141: =IF(I141=J141,"Pass","Fail") -> Pass | H141: =IF(AND(ISBLANK(D141),F141>=0),"Pass",IF(F141<=D141,"Pass","Fail")) -> Pass | I141: =SUBSTITUTE(B141,"_","") -> revbilltypecode | J141: =SUBSTITUTE(E141,"_","") -> revbilltypecode
B142: rev_bill_type_desc | C142: varchar | D142: 100 | E142: rev_bill_type_desc | F142: 97 | G142: =IF(I142=J142,"Pass","Fail") -> Pass | H142: =IF(AND(ISBLANK(D142),F142>=0),"Pass",IF(F142<=D142,"Pass","Fail")) -> Pass | I142: =SUBSTITUTE(B142,"_","") -> revbilltypedesc | J142: =SUBSTITUTE(E142,"_","") -> revbilltypedesc
B143: udf1 | C143: varchar | D143: 100 | E143: udf1 | F143: 0 | G143: =IF(I143=J143,"Pass","Fail") -> Pass | H143: =IF(AND(ISBLANK(D143),F143>=0),"Pass",IF(F143<=D143,"Pass","Fail")) -> Pass | I143: =SUBSTITUTE(B143,"_","") -> udf1 | J143: =SUBSTITUTE(E143,"_","") -> udf1
B144: udf2 | C144: varchar | D144: 100 | E144: udf2 | F144: 0 | G144: =IF(I144=J144,"Pass","Fail") -> Pass | H144: =IF(AND(ISBLANK(D144),F144>=0),"Pass",IF(F144<=D144,"Pass","Fail")) -> Pass | I144: =SUBSTITUTE(B144,"_","") -> udf2 | J144: =SUBSTITUTE(E144,"_","") -> udf2
B145: udf3 | C145: varchar | D145: 100 | E145: udf3 | F145: 0 | G145: =IF(I145=J145,"Pass","Fail") -> Pass | H145: =IF(AND(ISBLANK(D145),F145>=0),"Pass",IF(F145<=D145,"Pass","Fail")) -> Pass | I145: =SUBSTITUTE(B145,"_","") -> udf3 | J145: =SUBSTITUTE(E145,"_","") -> udf3
... B249: proc7_betos_sub_grouper | C249: varchar | D249: 100 | E249: proc7_betos_sub_grouper | F249: 11 | G249: =IF(I249=J249,"Pass","Fail") -> Pass | H249: =IF(AND(ISBLANK(D249),F249>=0),"Pass",IF(F249<=D249,"Pass","Fail")) -> Pass | I249: =SUBSTITUTE(B249,"_","") -> proc7betossubgrouper | J249: =SUBSTITUTE(E249,"_","") -> proc7betossubgrouper
B250: dw_creation_date | C250: date | E250: dw_creation_date | F250: 10 | G250: =IF(I250=J250,"Pass","Fail") -> Pass | H250: =IF(AND(ISBLANK(D250),F250>=0),"Pass",IF(F250<=D250,"Pass","Fail")) -> Pass | I250: =SUBSTITUTE(B250,"_","") -> dwcreationdate | J250: =SUBSTITUTE(E250,"_","") -> dwcreationdate
B251: dw_update_date | C251: date | E251: dw_update_date | F251: 10 | G251: =IF(I251=J251,"Pass","Fail") -> Pass | H251: =IF(AND(ISBLANK(D251),F251>=0),"Pass",IF(F251<=D251,"Pass","Fail")) -> Pass | I251: =SUBSTITUTE(B251,"_","") -> dwupdatedate | J251: =SUBSTITUTE(E251,"_","") -> dwupdatedate
B252: dw_rawfilename | C252: varchar | D252: 255 | E252: dw_rawfilename | F252: 81 | G252: =IF(I252=J252,"Pass","Fail") -> Pass | H252: =IF(AND(ISBLANK(D252),F252>=0),"Pass",IF(F252<=D252,"Pass","Fail")) -> Pass | I252: =SUBSTITUTE(B252,"_","") -> dwrawfilename | J252: =SUBSTITUTE(E252,"_","") -> dwrawfilename
B253: dw_recievedmonth | C253: varchar | D253: 10 | E253: dw_recievedmonth | F253: 10 | G253: =IF(I253=J253,"Pass","Fail") -> Pass | H253: =IF(AND(ISBLANK(D253),F253>=0),"Pass",IF(F253<=D253,"Pass","Fail")) -> Pass | I253: =SUBSTITUTE(B253,"_","") -> dwrecievedmonth | J253: =SUBSTITUTE(E253,"_","") -> dwrecievedmonth
B254: visit_id | C254: int | E254: visit_id | F254: 6 | G254: =IF(I254=J254,"Pass","Fail") -> Pass | H254: =IF(AND(ISBLANK(D254),F254>=0),"Pass",IF(F254<=D254,"Pass","Fail")) -> Pass | I254: =SUBSTITUTE(B254,"_","") -> visitid | J254: =SUBSTITUTE(E254,"_","") -> visitid
B255: dw_member_id | C255: varchar | D255: 50 | E255: dw_member_id | F255: 32 | G255: =IF(I255=J255,"Pass","Fail") -> Pass | H255: =IF(AND(ISBLANK(D255),F255>=0),"Pass",IF(F255<=D255,"Pass","Fail")) -> Pass | I255: =SUBSTITUTE(B255,"_","") -> dwmemberid | J255: =SUBSTITUTE(E255,"_","") -> dwmemberid
B256: is_makalu_used | C256: varchar | D256: 20 | E256: is_makalu_used | F256: 4 | G256: =IF(I256=J256,"Pass","Fail") -> Pass | H256: =IF(AND(ISBLANK(D256),F256>=0),"Pass",IF(F256<=D256,"Pass","Fail")) -> Pass | I256: =SUBSTITUTE(B256,"_","") -> ismakaluused | J256: =SUBSTITUTE(E256,"_","") -> ismakaluused
B257: udf21 | C257: Varchar | D257: 100 | E257: udf21 | F257: 14 | G257: =IF(I257=J257,"Pass","Fail") -> Pass | H257: =IF(AND(ISBLANK(D257),F257>=0),"Pass",IF(F257<=D257,"Pass","Fail")) -> Pass | I257: =SUBSTITUTE(B257,"_","") -> udf21 | J257: =SUBSTITUTE(E257,"_","") -> udf21
B258: udf22 | C258: Varchar | D258: 100 | E258: udf22 | F258: 5 | G258: =IF(I258=J258,"Pass","Fail") -> Pass | H258: =IF(AND(ISBLANK(D258),F258>=0),"Pass",IF(F258<=D258,"Pass","Fail")) -> Pass | I258: =SUBSTITUTE(B258,"_","") -> udf22 | J258: =SUBSTITUTE(E258,"_","") -> udf22
B259: udf23 | C259: Varchar | D259: 100 | E259: udf23 | F259: 5 | G259: =IF(I259=J259,"Pass","Fail") -> Pass | H259: =IF(AND(ISBLANK(D259),F259>=0),"Pass",IF(F259<=D259,"Pass","Fail")) -> Pass | I259: =SUBSTITUTE(B259,"_","") -> udf23 | J259: =SUBSTITUTE(E259,"_","") -> udf23
B260: udf24 | C260: Varchar | D260: 100 | E260: udf24 | F260: 5 | G260: =IF(I260=J260,"Pass","Fail") -> Pass | H260: =IF(AND(ISBLANK(D260),F260>=0),"Pass",IF(F260<=D260,"Pass","Fail")) -> Pass | I260: =SUBSTITUTE(B260,"_","") -> udf24 | J260: =SUBSTITUTE(E260,"_","") -> udf24
B261: udf25 | C261: Varchar | D261: 100 | E261: udf25 | F261: 5 | G261: =IF(I261=J261,"Pass","Fail") -> Pass | H261: =IF(AND(ISBLANK(D261),F261>=0),"Pass",IF(F261<=D261,"Pass","Fail")) -> Pass | I261: =SUBSTITUTE(B261,"_","") -> udf25 | J261: =SUBSTITUTE(E261,"_","") -> udf25
B262: udf26 | C262: Varchar | D262: 100 | E262: udf26 | F262: 0 | G262: =IF(I262=J262,"Pass","Fail") -> Pass | H262: =IF(AND(ISBLANK(D262),F262>=0),"Pass",IF(F262<=D262,"Pass","Fail")) -> Pass | I262: =SUBSTITUTE(B262,"_","") -> udf26 | J262: =SUBSTITUTE(E262,"_","") -> udf26
B263: udf27 | C263: Varchar | D263: 100 | E263: udf27 | F263: 0 | G263: =IF(I263=J263,"Pass","Fail") -> Pass | H263: =IF(AND(ISBLANK(D263),F263>=0),"Pass",IF(F263<=D263,"Pass","Fail")) -> Pass | I263: =SUBSTITUTE(B263,"_","") -> udf27 | J263: =SUBSTITUTE(E263,"_","") -> udf27
B264: udf28 | C264: Varchar | D264: 100 | E264: udf28 | F264: 0 | G264: =IF(I264=J264,"Pass","Fail") -> Pass | H264: =IF(AND(ISBLANK(D264),F264>=0),"Pass",IF(F264<=D264,"Pass","Fail")) -> Pass | I264: =SUBSTITUTE(B264,"_","") -> udf28 | J264: =SUBSTITUTE(E264,"_","") -> udf28
B265: udf29 | C265: Varchar | D265: 100 | E265: udf29 | F265: 0 | G265: =IF(I265=J265,"Pass","Fail") -> Pass | H265: =IF(AND(ISBLANK(D265),F265>=0),"Pass",IF(F265<=D265,"Pass","Fail")) -> Pass | I265: =SUBSTITUTE(B265,"_","") -> udf29 | J265: =SUBSTITUTE(E265,"_","") -> udf29
B266: udf30 | C266: Varchar | D266: 100 | E266: udf30 | F266: 0 | G266: =IF(I266=J266,"Pass","Fail") -> Pass | H266: =IF(AND(ISBLANK(D266),F266>=0),"Pass",IF(F266<=D266,"Pass","Fail")) -> Pass | I266: =SUBSTITUTE(B266,"_","") -> udf30 | J266: =SUBSTITUTE(E266,"_","") -> udf30
... B276: udf40 | C276: Varchar | D276: 100 | E276: udf40 | F276: 0 | G276: =IF(I276=J276,"Pass","Fail") -> Pass | H276: =IF(AND(ISBLANK(D276),F276>=0),"Pass",IF(F276<=D276,"Pass","Fail")) -> Pass | I276: =SUBSTITUTE(B276,"_","") -> udf40 | J276: =SUBSTITUTE(E276,"_","") -> udf40

Sheet Participation
B1: Client layout | C1: Data Type | D1: Client Length | E1: Extract Layout | F1: Extract Length | G1: Layout Result | H1: Length Result | O1: Fail
B2: dw_record_id | C2: int | G2: =IF(I2=J2,"Pass","Fail") -> Fail | H2: =IF(AND(ISBLANK(D2),F2>=0),"Pass",IF(F2<=D2,"Pass","Fail")) -> Pass | I2: =SUBSTITUTE(B2,"_","") -> dwrecordid | J2: =SUBSTITUTE(E2,"_","") | L2: Extract Total Count | M2: Application Total Count | N2: Difference
B3: dw_account_id | C3: varchar | D3: 50 | G3: =IF(I3=J3,"Pass","Fail") -> Fail | H3: =IF(AND(ISBLANK(D3),F3>=0),"Pass",IF(F3<=D3,"Pass","Fail")) -> Pass | I3: =SUBSTITUTE(B3,"_","") -> dwaccountid | J3: =SUBSTITUTE(E3,"_","") | N3: =L3-M3 -> 0
B4: dw_client_id | C4: varchar | D4: 50 | G4: =IF(I4=J4,"Pass","Fail") -> Fail | H4: =IF(AND(ISBLANK(D4),F4>=0),"Pass",IF(F4<=D4,"Pass","Fail")) -> Pass | I4: =SUBSTITUTE(B4,"_","") -> dwclientid | J4: =SUBSTITUTE(E4,"_","") | L4: Prior Count | N4: =L3-M4 -> 0
B5: dw_member_id | C5: varchar | D5: 50 | G5: =IF(I5=J5,"Pass","Fail") -> Fail | H5: =IF(AND(ISBLANK(D5),F5>=0),"Pass",IF(F5<=D5,"Pass","Fail")) -> Pass | I5: =SUBSTITUTE(B5,"_","") -> dwmemberid | J5: =SUBSTITUTE(E5,"_","")
B6: mbr_id | C6: varchar | D6: 20 | G6: =IF(I6=J6,"Pass","Fail") -> Fail | H6: =IF(AND(ISBLANK(D6),F6>=0),"Pass",IF(F6<=D6,"Pass","Fail")) -> Pass | I6: =SUBSTITUTE(B6,"_","") -> mbrid | J6: =SUBSTITUTE(E6,"_","") | L6: Overall | M6: Result
B7: program_type | C7: varchar | D7: 50 | G7: =IF(I7=J7,"Pass","Fail") -> Fail | H7: =IF(AND(ISBLANK(D7),F7>=0),"Pass",IF(F7<=D7,"Pass","Fail")) -> Pass | I7: =SUBSTITUTE(B7,"_","") -> programtype | J7: =SUBSTITUTE(E7,"_","") | L7: Layout Result | M7: =IF(ISERROR(VLOOKUP($O$1,$G$2:$G$12,1,)),"Pass","Fail") -> Fail
B8: program_code | C8: varchar | D8: 20 | G8: =IF(I8=J8,"Pass","Fail") -> Fail | H8: =IF(AND(ISBLANK(D8),F8>=0),"Pass",IF(F8<=D8,"Pass","Fail")) -> Pass | I8: =SUBSTITUTE(B8,"_","") -> programcode | J8: =SUBSTITUTE(E8,"_","") | L8: Field Length Result | M8: =IF(ISERROR(VLOOKUP($O$1,$H$2:$H$12,1,)),"Pass","Fail") -> Pass
B9: program_name | C9: date | D9: 50 | G9: =IF(I9=J9,"Pass","Fail") -> Fail | H9: =IF(AND(ISBLANK(D9),F9>=0),"Pass",IF(F9<=D9,"Pass","Fail")) -> Pass | I9: =SUBSTITUTE(B9,"_","") -> programname | J9: =SUBSTITUTE(E9,"_","") | L9: Count Result | M9: =IF(N3=0,"Pass","Fail") -> Pass
B10: program_status | C10: date | D10: 20 | G10: =IF(I10=J10,"Pass","Fail") -> Fail | H10: =IF(AND(ISBLANK(D10),F10>=0),"Pass",IF(F10<=D10,"Pass","Fail")) -> Pass | I10: =SUBSTITUTE(B10,"_","") -> programstatus | J10: =SUBSTITUTE(E10,"_","") | L10: % change in count with respect to previous count | M10: =IF(M4=0,0%,N4/M4) -> 0
B11: program_start_date | G11: =IF(I11=J11,"Pass","Fail") -> Fail | H11: =IF(AND(ISBLANK(D11),F11>=0),"Pass",IF(F11<=D11,"Pass","Fail")) -> Pass | I11: =SUBSTITUTE(B11,"_","") -> programstartdate | J11: =SUBSTITUTE(E11,"_","") | L11: % change in file size with respect to previous file | M11: =File_Size_Comparision!F10 -> 0.017094017
B12: program_end_date | G12: =IF(I12=J12,"Pass","Fail") -> Fail | H12: =IF(AND(ISBLANK(D12),F12>=0),"Pass",IF(F12<=D12,"Pass","Fail")) -> Pass | I12: =SUBSTITUTE(B12,"_","") -> programenddate | J12: =SUBSTITUTE(E12,"_","")

Sheet Member
B1: Client layout | C1: Data Type | D1: Client Length | E1: Extract Layout | F1: Extract Length | G1: Layout Result | H1: Length Result | L1: Extract Total Count | M1: Application Total Count | N1: Difference | O1: Fail
B2: dw_record_id | C2: varchar | D2: 20 | E2: dw_record_id | F2: 5 | G2: =IF(I2=J2,"Pass","Fail") -> Pass | H2: =IF(AND(ISBLANK(D2),F2>=0),"Pass",IF(F2<=D2,"Pass","Fail")) -> Pass | I2: =SUBSTITUTE(B2,"_","") -> dwrecordid | J2: =SUBSTITUTE(E2,"_","") -> dwrecordid | L2: 13235 | M2: 13235 | N2: =L2-M2 -> 0
B3: dw_account_id | C3: varchar | D3: 20 | E3: dw_account_id | F3: 0 | G3: =IF(I3=J3,"Pass","Fail") -> Pass | H3: =IF(AND(ISBLANK(D3),F3>=0),"Pass",IF(F3<=D3,"Pass","Fail")) -> Pass | I3: =SUBSTITUTE(B3,"_","") -> dwaccountid | J3: =SUBSTITUTE(E3,"_","") -> dwaccountid | L3: Prior Count | N3: =L2-M3 -> 13235
B4: dw_client_id | C4: varchar | D4: 20 | E4: dw_client_id | F4: 8 | G4: =IF(I4=J4,"Pass","Fail") -> Pass | H4: =IF(AND(ISBLANK(D4),F4>=0),"Pass",IF(F4<=D4,"Pass","Fail")) -> Pass | I4: =SUBSTITUTE(B4,"_","") -> dwclientid | J4: =SUBSTITUTE(E4,"_","") -> dwclientid
B5: dw_member_id | C5: varchar | D5: 200 | E5: dw_member_id | F5: 32 | G5: =IF(I5=J5,"Pass","Fail") -> Pass | H5: =IF(AND(ISBLANK(D5),F5>=0),"Pass",IF(F5<=D5,"Pass","Fail")) -> Pass | I5: =SUBSTITUTE(B5,"_","") -> dwmemberid | J5: =SUBSTITUTE(E5,"_","") -> dwmemberid | L5: Overall | M5: Result
B6: memberId | C6: varchar | D6: 200 | E6: memberId | F6: 32 | G6: =IF(I6=J6,"Pass","Fail") -> Pass | H6: =IF(AND(ISBLANK(D6),F6>=0),"Pass",IF(F6<=D6,"Pass","Fail")) -> Pass | I6: =SUBSTITUTE(B6,"_","") -> memberId | J6: =SUBSTITUTE(E6,"_","") -> memberId | L6: Layout Result | M6: =IF(ISERROR(VLOOKUP($O$1,$G$2:$G$276,1,)),"Pass","Fail") -> Pass
B7: employeeId | C7: varchar | D7: 200 | E7: employeeId | F7: 13 | G7: =IF(I7=J7,"Pass","Fail") -> Pass | H7: =IF(AND(ISBLANK(D7),F7>=0),"Pass",IF(F7<=D7,"Pass","Fail")) -> Pass | I7: =SUBSTITUTE(B7,"_","") -> employeeId | J7: =SUBSTITUTE(E7,"_","") -> employeeId | L7: Field Length Result | M7: =IF(ISERROR(VLOOKUP($O$1,$H$2:$H$276,1,)),"Pass","Fail") -> Pass
B8: memberSSN | C8: varchar | D8: 22 | E8: memberSSN | F8: 22 | G8: =IF(I8=J8,"Pass","Fail") -> Pass | H8: =IF(AND(ISBLANK(D8),F8>=0),"Pass",IF(F8<=D8,"Pass","Fail")) -> Pass | I8: =SUBSTITUTE(B8,"_","") -> memberSSN | J8: =SUBSTITUTE(E8,"_","") -> memberSSN | K8: memberSSN field changed from 20 to 22 | L8: Count Result | M8: =IF(N2=0,"Pass","Fail") -> Pass
B9: memberFirstName | C9: varchar | D9: 30 | E9: memberFirstName | F9: 15 | G9: =IF(I9=J9,"Pass","Fail") -> Pass | H9: =IF(AND(ISBLANK(D9),F9>=0),"Pass",IF(F9<=D9,"Pass","Fail")) -> Pass | I9: =SUBSTITUTE(B9,"_","") -> memberFirstName | J9: =SUBSTITUTE(E9,"_","") -> memberFirstName | L9: % change in count with respect to previous count | M9: =IF(M3=0,0%,N3/M3) -> 0
B10: memberMiddleName | C10: varchar | D10: 30 | E10: memberMiddleName | F10: 1 | G10: =IF(I10=J10,"Pass","Fail") -> Pass | H10: =IF(AND(ISBLANK(D10),F10>=0),"Pass",IF(F10<=D10,"Pass","Fail")) -> Pass | I10: =SUBSTITUTE(B10,"_","") -> memberMiddleName | J10: =SUBSTITUTE(E10,"_","") -> memberMiddleName | L10: % change in file size with respect to previous file | M10: =File_Size_Comparision!F11 -> #VALUE!
B11: memberLastName | C11: varchar | D11: 30 | E11: memberLastName | F11: 26 | G11: =IF(I11=J11,"Pass","Fail") -> Pass | H11: =IF(AND(ISBLANK(D11),F11>=0),"Pass",IF(F11<=D11,"Pass","Fail")) -> Pass | I11: =SUBSTITUTE(B11,"_","") -> memberLastName | J11: =SUBSTITUTE(E11,"_","") -> memberLastName
B12: memberFullName | C12: varchar | D12: 200 | E12: memberFullName | F12: 35 | G12: =IF(I12=J12,"Pass","Fail") -> Pass | H12: =IF(AND(ISBLANK(D12),F12>=0),"Pass",IF(F12<=D12,"Pass","Fail")) -> Pass | I12: =SUBSTITUTE(B12,"_","") -> memberFullName | J12: =SUBSTITUTE(E12,"_","") -> memberFullName
B13: memberGender | C13: varchar | D13: 5 | E13: memberGender | F13: 1 | G13: =IF(I13=J13,"Pass","Fail") -> Pass | H13: =IF(AND(ISBLANK(D13),F13>=0),"Pass",IF(F13<=D13,"Pass","Fail")) -> Pass | I13: =SUBSTITUTE(B13,"_","") -> memberGender | J13: =SUBSTITUTE(E13,"_","") -> memberGender
B14: memberDOB | C14: date | E14: memberDOB | F14: 10 | G14: =IF(I14=J14,"Pass","Fail") -> Pass | H14: =IF(AND(ISBLANK(D14),F14>=0),"Pass",IF(F14<=D14,"Pass","Fail")) -> Pass | I14: =SUBSTITUTE(B14,"_","") -> memberDOB | J14: =SUBSTITUTE(E14,"_","") -> memberDOB
B15: memberAge | C15: varchar | D15: 5 | E15: memberAge | F15: 3 | G15: =IF(I15=J15,"Pass","Fail") -> Pass | H15: =IF(AND(ISBLANK(D15),F15>=0),"Pass",IF(F15<=D15,"Pass","Fail")) -> Pass | I15: =SUBSTITUTE(B15,"_","") -> memberAge | J15: =SUBSTITUTE(E15,"_","") -> memberAge
B16: memberZip | C16: varchar | D16: 12 | E16: memberZip | F16: 9 | G16: =IF(I16=J16,"Pass","Fail") -> Pass | H16: =IF(AND(ISBLANK(D16),F16>=0),"Pass",IF(F16<=D16,"Pass","Fail")) -> Pass | I16: =SUBSTITUTE(B16,"_","") -> memberZip | J16: =SUBSTITUTE(E16,"_","") -> memberZip
B17: memberStreetAddr1 | C17: varchar | D17: 50 | E17: memberStreetAddr1 | F17: 30 | G17: =IF(I17=J17,"Pass","Fail") -> Pass | H17: =IF(AND(ISBLANK(D17),F17>=0),"Pass",IF(F17<=D17,"Pass","Fail")) -> Pass | I17: =SUBSTITUTE(B17,"_","") -> memberStreetAddr1 | J17: =SUBSTITUTE(E17,"_","") -> memberStreetAddr1
B18: memberCity | C18: varchar | D18: 100 | E18: memberCity | F18: 20 | G18: =IF(I18=J18,"Pass","Fail") -> Pass | H18: =IF(AND(ISBLANK(D18),F18>=0),"Pass",IF(F18<=D18,"Pass","Fail")) -> Pass | I18: =SUBSTITUTE(B18,"_","") -> memberCity | J18: =SUBSTITUTE(E18,"_","") -> memberCity
B19: memberState | C19: varchar | D19: 2 | E19: memberState | F19: 2 | G19: =IF(I19=J19,"Pass","Fail") -> Pass | H19: =IF(AND(ISBLANK(D19),F19>=0),"Pass",IF(F19<=D19,"Pass","Fail")) -> Pass | I19: =SUBSTITUTE(B19,"_","") -> memberState | J19: =SUBSTITUTE(E19,"_","") -> memberState
B20: memberPhone | C20: varchar | D20: 15 | E20: memberPhone | F20: 12 | G20: =IF(I20=J20,"Pass","Fail") -> Pass | H20: =IF(AND(ISBLANK(D20),F20>=0),"Pass",IF(F20<=D20,"Pass","Fail")) -> Pass | I20: =SUBSTITUTE(B20,"_","") -> memberPhone | J20: =SUBSTITUTE(E20,"_","") -> memberPhone
B21: memberEmail | C21: varchar | D21: 50 | E21: memberEmail | F21: 0 | G21: =IF(I21=J21,"Pass","Fail") -> Pass | H21: =IF(AND(ISBLANK(D21),F21>=0),"Pass",IF(F21<=D21,"Pass","Fail")) -> Pass | I21: =SUBSTITUTE(B21,"_","") -> memberEmail | J21: =SUBSTITUTE(E21,"_","") -> memberEmail
B22: relationshipCode | C22: varchar | D22: 15 | E22: relationshipCode | F22: 3 | G22: =IF(I22=J22,"Pass","Fail") -> Pass | H22: =IF(AND(ISBLANK(D22),F22>=0),"Pass",IF(F22<=D22,"Pass","Fail")) -> Pass | I22: =SUBSTITUTE(B22,"_","") -> relationshipCode | J22: =SUBSTITUTE(E22,"_","") -> relationshipCode
B23: relationshipCodeDesc | C23: varchar | D23: 100 | E23: relationshipCodeDesc | F23: 42 | G23: =IF(I23=J23,"Pass","Fail") -> Pass | H23: =IF(AND(ISBLANK(D23),F23>=0),"Pass",IF(F23<=D23,"Pass","Fail")) -> Pass | I23: =SUBSTITUTE(B23,"_","") -> relationshipCodeDesc | J23: =SUBSTITUTE(E23,"_","") -> relationshipCodeDesc
B24: relationshipClass | C24: varchar | D24: 100 | E24: relationshipClass | F24: 9 | G24: =IF(I24=J24,"Pass","Fail") -> Pass | H24: =IF(AND(ISBLANK(D24),F24>=0),"Pass",IF(F24<=D24,"Pass","Fail")) -> Pass | I24: =SUBSTITUTE(B24,"_","") -> relationshipClass | J24: =SUBSTITUTE(E24,"_","") -> relationshipClass
B25: planTypeId | C25: varchar | D25: 100 | E25: planTypeId | F25: 20 | G25: =IF(I25=J25,"Pass","Fail") -> Pass | H25: =IF(AND(ISBLANK(D25),F25>=0),"Pass",IF(F25<=D25,"Pass","Fail")) -> Pass | I25: =SUBSTITUTE(B25,"_","") -> planTypeId | J25: =SUBSTITUTE(E25,"_","") -> planTypeId
B26: planTypeDesc | C26: varchar | D26: 100 | E26: planTypeDesc | F26: 20 | G26: =IF(I26=J26,"Pass","Fail") -> Pass | H26: =IF(AND(ISBLANK(D26),F26>=0),"Pass",IF(F26<=D26,"Pass","Fail")) -> Pass | I26: =SUBSTITUTE(B26,"_","") -> planTypeDesc | J26: =SUBSTITUTE(E26,"_","") -> planTypeDesc
... B29: currentStatus | C29: varchar | D29: 50 | E29: currentStatus | F29: 6 | G29: =IF(I29=J29,"Pass","Fail") -> Pass | H29: =IF(AND(ISBLANK(D29),F29>=0),"Pass",IF(F29<=D29,"Pass","Fail")) -> Pass | I29: =SUBSTITUTE(B29,"_","") -> currentStatus | J29: =SUBSTITUTE(E29,"_","") -> currentStatus
B30: effectiveDate | C30: date | E30: effectiveDate | F30: 10 | G30: =IF(I30=J30,"Pass","Fail") -> Pass | H30: =IF(AND(ISBLANK(D30),F30>=0),"Pass",IF(F30<=D30,"Pass","Fail")) -> Pass | I30: =SUBSTITUTE(B30,"_","") -> effectiveDate | J30: =SUBSTITUTE(E30,"_","") -> effectiveDate
B31: terminationDate | C31: date | E31: terminationDate | F31: 10 | G31: =IF(I31=J31,"Pass","Fail") -> Pass | H31: =IF(AND(ISBLANK(D31),F31>=0),"Pass",IF(F31<=D31,"Pass","Fail")) -> Pass | I31: =SUBSTITUTE(B31,"_","") -> terminationDate | J31: =SUBSTITUTE(E31,"_","") -> terminationDate
B32: denEffDate | C32: date | E32: denEffDate | F32: 0 | G32: =IF(I32=J32,"Pass","Fail") -> Pass | H32: =IF(AND(ISBLANK(D32),F32>=0),"Pass",IF(F32<=D32,"Pass","Fail")) -> Pass | I32: =SUBSTITUTE(B32,"_","") -> denEffDate | J32: =SUBSTITUTE(E32,"_","") -> denEffDate
B33: denTermDate | C33: date | E33: denTermDate | F33: 0 | G33: =IF(I33=J33,"Pass","Fail") -> Pass | H33: =IF(AND(ISBLANK(D33),F33>=0),"Pass",IF(F33<=D33,"Pass","Fail")) -> Pass | I33: =SUBSTITUTE(B33,"_","") -> denTermDate | J33: =SUBSTITUTE(E33,"_","") -> denTermDate
B34: visEffDate | C34: date | E34: visEffDate | F34: 0 | G34: =IF(I34=J34,"Pass","Fail") -> Pass | H34: =IF(AND(ISBLANK(D34),F34>=0),"Pass",IF(F34<=D34,"Pass","Fail")) -> Pass | I34: =SUBSTITUTE(B34,"_","") -> visEffDate | J34: =SUBSTITUTE(E34,"_","") -> visEffDate
B35: visTermDate | C35: date | E35: visTermDate | F35: 0 | G35: =IF(I35=J35,"Pass","Fail") -> Pass | H35: =IF(AND(ISBLANK(D35),F35>=0),"Pass",IF(F35<=D35,"Pass","Fail")) -> Pass | I35: =SUBSTITUTE(B35,"_","") -> visTermDate | J35: =SUBSTITUTE(E35,"_","") -> visTermDate
B36: contractTypeId | C36: varchar | D36: 20 | E36: contractTypeId | F36: 10 | G36: =IF(I36=J36,"Pass","Fail") -> Pass | H36: =IF(AND(ISBLANK(D36),F36>=0),"Pass",IF(F36<=D36,"Pass","Fail")) -> Pass | I36: =SUBSTITUTE(B36,"_","") -> contractTypeId | J36: =SUBSTITUTE(E36,"_","") -> contractTypeId
B37: coverageTypeDesc | C37: varchar | D37: 100 | E37: coverageTypeDesc | F37: 24 | G37: =IF(I37=J37,"Pass","Fail") -> Pass | H37: =IF(AND(ISBLANK(D37),F37>=0),"Pass",IF(F37<=D37,"Pass","Fail")) -> Pass | I37: =SUBSTITUTE(B37,"_","") -> coverageTypeDesc | J37: =SUBSTITUTE(E37,"_","") -> coverageTypeDesc
B38: pcpProviderId | C38: varchar | D38: 50 | E38: pcpProviderId | F38: 10 | G38: =IF(I38=J38,"Pass","Fail") -> Pass | H38: =IF(AND(ISBLANK(D38),F38>=0),"Pass",IF(F38<=D38,"Pass","Fail")) -> Pass | I38: =SUBSTITUTE(B38,"_","") -> pcpProviderId | J38: =SUBSTITUTE(E38,"_","") -> pcpProviderId
B39: prvPCPFirstName | C39: varchar | D39: 100 | E39: prvPCPFirstName | F39: 65 | G39: =IF(I39=J39,"Pass","Fail") -> Pass | H39: =IF(AND(ISBLANK(D39),F39>=0),"Pass",IF(F39<=D39,"Pass","Fail")) -> Pass | I39: =SUBSTITUTE(B39,"_","") -> prvPCPFirstName | J39: =SUBSTITUTE(E39,"_","") -> prvPCPFirstName
B40: prvPCPMiddleName | C40: varchar | D40: 30 | E40: prvPCPMiddleName | F40: 16 | G40: =IF(I40=J40,"Pass","Fail") -> Pass | H40: =IF(AND(ISBLANK(D40),F40>=0),"Pass",IF(F40<=D40,"Pass","Fail")) -> Pass | I40: =SUBSTITUTE(B40,"_","") -> prvPCPMiddleName | J40: =SUBSTITUTE(E40,"_","") -> prvPCPMiddleName
B41: prvPCPLastName | C41: varchar | D41: 30 | E41: prvPCPLastName | F41: 20 | G41: =IF(I41=J41,"Pass","Fail") -> Pass | H41: =IF(AND(ISBLANK(D41),F41>=0),"Pass",IF(F41<=D41,"Pass","Fail")) -> Pass | I41: =SUBSTITUTE(B41,"_","") -> prvPCPLastName | J41: =SUBSTITUTE(E41,"_","") -> prvPCPLastName
B42: prvPCPSiteId | C42: varchar | D42: 15 | E42: prvPCPSiteId | F42: 0 | G42: =IF(I42=J42,"Pass","Fail") -> Pass | H42: =IF(AND(ISBLANK(D42),F42>=0),"Pass",IF(F42<=D42,"Pass","Fail")) -> Pass | I42: =SUBSTITUTE(B42,"_","") -> prvPCPSiteId | J42: =SUBSTITUTE(E42,"_","") -> prvPCPSiteId
B43: prv_pcp_name | C43: varchar | D43: 200 | E43: prv_pcp_name | F43: 66 | G43: =IF(I43=J43,"Pass","Fail") -> Pass | H43: =IF(AND(ISBLANK(D43),F43>=0),"Pass",IF(F43<=D43,"Pass","Fail")) -> Pass | I43: =SUBSTITUTE(B43,"_","") -> prvpcpname | J43: =SUBSTITUTE(E43,"_","") -> prvpcpname
B44: pcp_npi | C44: varchar | D44: 50 | E44: pcp_npi | F44: 10 | G44: =IF(I44=J44,"Pass","Fail") -> Pass | H44: =IF(AND(ISBLANK(D44),F44>=0),"Pass",IF(F44<=D44,"Pass","Fail")) -> Pass | I44: =SUBSTITUTE(B44,"_","") -> pcpnpi | J44: =SUBSTITUTE(E44,"_","") -> pcpnpi
B45: totalPaidAmount | C45: numeric | D45: (19,2) | E45: totalPaidAmount | F45: 10 | G45: =IF(I45=J45,"Pass","Fail") -> Pass | H45: =IF(AND(ISBLANK(D45),F45>=0),"Pass",IF(F45<=D45,"Pass","Fail")) -> Pass | I45: =SUBSTITUTE(B45,"_","") -> totalPaidAmount | J45: =SUBSTITUTE(E45,"_","") -> totalPaidAmount
B46: totalMedicalPaidAmount | C46: numeric | D46: (19,2) | E46: totalMedicalPaidAmount | F46: 10 | G46: =IF(I46=J46,"Pass","Fail") -> Pass | H46: =IF(AND(ISBLANK(D46),F46>=0),"Pass",IF(F46<=D46,"Pass","Fail")) -> Pass | I46: =SUBSTITUTE(B46,"_","") -> totalMedicalPaidAmount | J46: =SUBSTITUTE(E46,"_","") -> totalMedicalPaidAmount
B47: totalPharmacyPaidAmount | C47: numeric | D47: (19,2) | E47: totalPharmacyPaidAmount | F47: 9 | G47: =IF(I47=J47,"Pass","Fail") -> Pass | H47: =IF(AND(ISBLANK(D47),F47>=0),"Pass",IF(F47<=D47,"Pass","Fail")) -> Pass | I47: =SUBSTITUTE(B47,"_","") -> totalPharmacyPaidAmount | J47: =SUBSTITUTE(E47,"_","") -> totalPharmacyPaidAmount
B48: hasAffectivePsychosis | C48: varchar | D48: 3 | E48: hasAffectivePsychosis | F48: 3 | G48: =IF(I48=J48,"Pass","Fail") -> Pass | H48: =IF(AND(ISBLANK(D48),F48>=0),"Pass",IF(F48<=D48,"Pass","Fail")) -> Pass | I48: =SUBSTITUTE(B48,"_","") -> hasAffectivePsychosis | J48: =SUBSTITUTE(E48,"_","") -> hasAffectivePsychosis
B49: hasAsthma | C49: varchar | D49: 3 | E49: hasAsthma | F49: 3 | G49: =IF(I49=J49,"Pass","Fail") -> Pass | H49: =IF(AND(ISBLANK(D49),F49>=0),"Pass",IF(F49<=D49,"Pass","Fail")) -> Pass | I49: =SUBSTITUTE(B49,"_","") -> hasAsthma | J49: =SUBSTITUTE(E49,"_","") -> hasAsthma
B50: hasAtrialFibrillation | C50: varchar | D50: 3 | E50: hasAtrialFibrillation | F50: 3 | G50: =IF(I50=J50,"Pass","Fail") -> Pass | H50: =IF(AND(ISBLANK(D50),F50>=0),"Pass",IF(F50<=D50,"Pass","Fail")) -> Pass | I50: =SUBSTITUTE(B50,"_","") -> hasAtrialFibrillation | J50: =SUBSTITUTE(E50,"_","") -> hasAtrialFibrillation
B51: hasBloodDisorders | C51: varchar | D51: 3 | E51: hasBloodDisorders | F51: 3 | G51: =IF(I51=J51,"Pass","Fail") -> Pass | H51: =IF(AND(ISBLANK(D51),F51>=0),"Pass",IF(F51<=D51,"Pass","Fail")) -> Pass | I51: =SUBSTITUTE(B51,"_","") -> hasBloodDisorders | J51: =SUBSTITUTE(E51,"_","") -> hasBloodDisorders
B52: hasCad | C52: varchar | D52: 3 | E52: hasCad | F52: 3 | G52: =IF(I52=J52,"Pass","Fail") -> Pass | H52: =IF(AND(ISBLANK(D52),F52>=0),"Pass",IF(F52<=D52,"Pass","Fail")) -> Pass | I52: =SUBSTITUTE(B52,"_","") -> hasCad | J52: =SUBSTITUTE(E52,"_","") -> hasCad
B53: hasCopd | C53: varchar | D53: 3 | E53: hasCopd | F53: 3 | G53: =IF(I53=J53,"Pass","Fail") -> Pass | H53: =IF(AND(ISBLANK(D53),F53>=0),"Pass",IF(F53<=D53,"Pass","Fail")) -> Pass | I53: =SUBSTITUTE(B53,"_","") -> hasCopd | J53: =SUBSTITUTE(E53,"_","") -> hasCopd
B54: hasCancer | C54: varchar | D54: 3 | E54: hasCancer | F54: 3 | G54: =IF(I54=J54,"Pass","Fail") -> Pass | H54: =IF(AND(ISBLANK(D54),F54>=0),"Pass",IF(F54<=D54,"Pass","Fail")) -> Pass | I54: =SUBSTITUTE(B54,"_","") -> hasCancer | J54: =SUBSTITUTE(E54,"_","") -> hasCancer
B55: hasChronicPain | C55: varchar | D55: 3 | E55: hasChronicPain | F55: 3 | G55: =IF(I55=J55,"Pass","Fail") -> Pass | H55: =IF(AND(ISBLANK(D55),F55>=0),"Pass",IF(F55<=D55,"Pass","Fail")) -> Pass | I55: =SUBSTITUTE(B55,"_","") -> hasChronicPain | J55: =SUBSTITUTE(E55,"_","") -> hasChronicPain
B56: hasCongestiveHeartFailure | C56: varchar | D56: 3 | E56: hasCongestiveHeartFailure | F56: 3 | G56: =IF(I56=J56,"Pass","Fail") -> Pass | H56: =IF(AND(ISBLANK(D56),F56>=0),"Pass",IF(F56<=D56,"Pass","Fail")) -> Pass | I56: =SUBSTITUTE(B56,"_","") -> hasCongestiveHeartFailure | J56: =SUBSTITUTE(E56,"_","") -> hasCongestiveHeartFailure
B57: hasDemyelinatingDiseases | C57: varchar | D57: 3 | E57: hasDemyelinatingDiseases | F57: 3 | G57: =IF(I57=J57,"Pass","Fail") -> Pass | H57: =IF(AND(ISBLANK(D57),F57>=0),"Pass",IF(F57<=D57,"Pass","Fail")) -> Pass | I57: =SUBSTITUTE(B57,"_","") -> hasDemyelinatingDiseases | J57: =SUBSTITUTE(E57,"_","") -> hasDemyelinatingDiseases
B58: hasDepression | C58: varchar | D58: 3 | E58: hasDepression | F58: 3 | G58: =IF(I58=J58,"Pass","Fail") -> Pass | H58: =IF(AND(ISBLANK(D58),F58>=0),"Pass",IF(F58<=D58,"Pass","Fail")) -> Pass | I58: =SUBSTITUTE(B58,"_","") -> hasDepression | J58: =SUBSTITUTE(E58,"_","") -> hasDepression
B59: hasDiabetes | C59: varchar | D59: 3 | E59: hasDiabetes | F59: 3 | G59: =IF(I59=J59,"Pass","Fail") -> Pass | H59: =IF(AND(ISBLANK(D59),F59>=0),"Pass",IF(F59<=D59,"Pass","Fail")) -> Pass | I59: =SUBSTITUTE(B59,"_","") -> hasDiabetes | J59: =SUBSTITUTE(E59,"_","") -> hasDiabetes
... B94: udf15_hra | C94: varchar | D94: 100 | E94: udf15_hra | F94: 0 | G94: =IF(I94=J94,"Pass","Fail") -> Pass | H94: =IF(AND(ISBLANK(D94),F94>=0),"Pass",IF(F94<=D94,"Pass","Fail")) -> Pass | I94: =SUBSTITUTE(B94,"_","") -> udf15hra | J94: =SUBSTITUTE(E94,"_","") -> udf15hra
B95: udf31_hra | C95: float | E95: udf31_hra | F95: 0 | G95: =IF(I95=J95,"Pass","Fail") -> Pass | H95: =IF(AND(ISBLANK(D95),F95>=0),"Pass",IF(F95<=D95,"Pass","Fail")) -> Pass | I95: =SUBSTITUTE(B95,"_","") -> udf31hra | J95: =SUBSTITUTE(E95,"_","") -> udf31hra
B96: udf32_hra | C96: float | E96: udf32_hra | F96: 0 | G96: =IF(I96=J96,"Pass","Fail") -> Pass | H96: =IF(AND(ISBLANK(D96),F96>=0),"Pass",IF(F96<=D96,"Pass","Fail")) -> Pass | I96: =SUBSTITUTE(B96,"_","") -> udf32hra | J96: =SUBSTITUTE(E96,"_","") -> udf32hra
B97: udf33_hra | C97: float | E97: udf33_hra | F97: 0 | G97: =IF(I97=J97,"Pass","Fail") -> Pass | H97: =IF(AND(ISBLANK(D97),F97>=0),"Pass",IF(F97<=D97,"Pass","Fail")) -> Pass | I97: =SUBSTITUTE(B97,"_","") -> udf33hra | J97: =SUBSTITUTE(E97,"_","") -> udf33hra
B98: udf34_hra | C98: float | E98: udf34_hra | F98: 0 | G98: =IF(I98=J98,"Pass","Fail") -> Pass | H98: =IF(AND(ISBLANK(D98),F98>=0),"Pass",IF(F98<=D98,"Pass","Fail")) -> Pass | I98: =SUBSTITUTE(B98,"_","") -> udf34hra | J98: =SUBSTITUTE(E98,"_","") -> udf34hra
B99: udf35_hra | C99: float | E99: udf35_hra | F99: 0 | G99: =IF(I99=J99,"Pass","Fail") -> Pass | H99: =IF(AND(ISBLANK(D99),F99>=0),"Pass",IF(F99<=D99,"Pass","Fail")) -> Pass | I99: =SUBSTITUTE(B99,"_","") -> udf35hra | J99: =SUBSTITUTE(E99,"_","") -> udf35hra
B100: udf36_hra | C100: float | E100: udf36_hra | F100: 0 | G100: =IF(I100=J100,"Pass","Fail") -> Pass | H100: =IF(AND(ISBLANK(D100),F100>=0),"Pass",IF(F100<=D100,"Pass","Fail")) -> Pass | I100: =SUBSTITUTE(B100,"_","") -> udf36hra | J100: =SUBSTITUTE(E100,"_","") -> udf36hra
B101: udf37_hra | C101: float | E101: udf37_hra | F101: 0 | G101: =IF(I101=J101,"Pass","Fail") -> Pass | H101: =IF(AND(ISBLANK(D101),F101>=0),"Pass",IF(F101<=D101,"Pass","Fail")) -> Pass | I101: =SUBSTITUTE(B101,"_","") -> udf37hra | J101: =SUBSTITUTE(E101,"_","") -> udf37hra
B102: udf38_hra | C102: float | E102: udf38_hra | F102: 0 | G102: =IF(I102=J102,"Pass","Fail") -> Pass | H102: =IF(AND(ISBLANK(D102),F102>=0),"Pass",IF(F102<=D102,"Pass","Fail")) -> Pass | I102: =SUBSTITUTE(B102,"_","") -> udf38hra | J102: =SUBSTITUTE(E102,"_","") -> udf38hra
B103: udf39_hra | C103: float | E103: udf39_hra | F103: 0 | G103: =IF(I103=J103,"Pass","Fail") -> Pass | H103: =IF(AND(ISBLANK(D103),F103>=0),"Pass",IF(F103<=D103,"Pass","Fail")) -> Pass | I103: =SUBSTITUTE(B103,"_","") -> udf39hra | J103: =SUBSTITUTE(E103,"_","") -> udf39hra
B104: udf40_hra | C104: float | E104: udf40_hra | F104: 0 | G104: =IF(I104=J104,"Pass","Fail") -> Pass | H104: =IF(AND(ISBLANK(D104),F104>=0),"Pass",IF(F104<=D104,"Pass","Fail")) -> Pass | I104: =SUBSTITUTE(B104,"_","") -> udf40hra | J104: =SUBSTITUTE(E104,"_","") -> udf40hra
B105: udf41_hra | C105: date | E105: udf41_hra | F105: 0 | G105: =IF(I105=J105,"Pass","Fail") -> Pass | H105: =IF(AND(ISBLANK(D105),F105>=0),"Pass",IF(F105<=D105,"Pass","Fail")) -> Pass | I105: =SUBSTITUTE(B105,"_","") -> udf41hra | J105: =SUBSTITUTE(E105,"_","") -> udf41hra
B106: udf42_hra | C106: date | E106: udf42_hra | F106: 0 | G106: =IF(I106=J106,"Pass","Fail") -> Pass | H106: =IF(AND(ISBLANK(D106),F106>=0),"Pass",IF(F106<=D106,"Pass","Fail")) -> Pass | I106: =SUBSTITUTE(B106,"_","") -> udf42hra | J106: =SUBSTITUTE(E106,"_","") -> udf42hra
... B114: udf50_hra | C114: date | E114: udf50_hra | F114: 0 | G114: =IF(I114=J114,"Pass","Fail") -> Pass | H114: =IF(AND(ISBLANK(D114),F114>=0),"Pass",IF(F114<=D114,"Pass","Fail")) -> Pass | I114: =SUBSTITUTE(B114,"_","") -> udf50hra | J114: =SUBSTITUTE(E114,"_","") -> udf50hra
B115: udf1_biometric | C115: varchar | D115: 100 | E115: udf1_biometric | F115: 0 | G115: =IF(I115=J115,"Pass","Fail") -> Pass | H115: =IF(AND(ISBLANK(D115),F115>=0),"Pass",IF(F115<=D115,"Pass","Fail")) -> Pass | I115: =SUBSTITUTE(B115,"_","") -> udf1biometric | J115: =SUBSTITUTE(E115,"_","") -> udf1biometric
B116: udf2_biometric | C116: varchar | D116: 100 | E116: udf2_biometric | F116: 0 | G116: =IF(I116=J116,"Pass","Fail") -> Pass | H116: =IF(AND(ISBLANK(D116),F116>=0),"Pass",IF(F116<=D116,"Pass","Fail")) -> Pass | I116: =SUBSTITUTE(B116,"_","") -> udf2biometric | J116: =SUBSTITUTE(E116,"_","") -> udf2biometric
B117: udf3_biometric | C117: varchar | D117: 100 | E117: udf3_biometric | F117: 0 | G117: =IF(I117=J117,"Pass","Fail") -> Pass | H117: =IF(AND(ISBLANK(D117),F117>=0),"Pass",IF(F117<=D117,"Pass","Fail")) -> Pass | I117: =SUBSTITUTE(B117,"_","") -> udf3biometric | J117: =SUBSTITUTE(E117,"_","") -> udf3biometric
B118: udf4_biometric | C118: varchar | D118: 100 | E118: udf4_biometric | F118: 0 | G118: =IF(I118=J118,"Pass","Fail") -> Pass | H118: =IF(AND(ISBLANK(D118),F118>=0),"Pass",IF(F118<=D118,"Pass","Fail")) -> Pass | I118: =SUBSTITUTE(B118,"_","") -> udf4biometric | J118: =SUBSTITUTE(E118,"_","") -> udf4biometric
B119: udf5_biometric | C119: varchar | D119: 100 | E119: udf5_biometric | F119: 0 | G119: =IF(I119=J119,"Pass","Fail") -> Pass | H119: =IF(AND(ISBLANK(D119),F119>=0),"Pass",IF(F119<=D119,"Pass","Fail")) -> Pass | I119: =SUBSTITUTE(B119,"_","") -> udf5biometric | J119: =SUBSTITUTE(E119,"_","") -> udf5biometric
B120: udf6_biometric | C120: varchar | D120: 100 | E120: udf6_biometric | F120: 0 | G120: =IF(I120=J120,"Pass","Fail") -> Pass | H120: =IF(AND(ISBLANK(D120),F120>=0),"Pass",IF(F120<=D120,"Pass","Fail")) -> Pass | I120: =SUBSTITUTE(B120,"_","") -> udf6biometric | J120: =SUBSTITUTE(E120,"_","") -> udf6biometric
B121: udf7_biometric | C121: varchar | D121: 100 | E121: udf7_biometric | F121: 0 | G121: =IF(I121=J121,"Pass","Fail") -> Pass | H121: =IF(AND(ISBLANK(D121),F121>=0),"Pass",IF(F121<=D121,"Pass","Fail")) -> Pass | I121: =SUBSTITUTE(B121,"_","") -> udf7biometric | J121: =SUBSTITUTE(E121,"_","") -> udf7biometric
B122: udf8_biometric | C122: varchar | D122: 100 | E122: udf8_biometric | F122: 0 | G122: =IF(I122=J122,"Pass","Fail") -> Pass | H122: =IF(AND(ISBLANK(D122),F122>=0),"Pass",IF(F122<=D122,"Pass","Fail")) -> Pass | I122: =SUBSTITUTE(B122,"_","") -> udf8biometric | J122: =SUBSTITUTE(E122,"_","") -> udf8biometric
B123: udf9_biometric | C123: varchar | D123: 100 | E123: udf9_biometric | F123: 0 | G123: =IF(I123=J123,"Pass","Fail") -> Pass | H123: =IF(AND(ISBLANK(D123),F123>=0),"Pass",IF(F123<=D123,"Pass","Fail")) -> Pass | I123: =SUBSTITUTE(B123,"_","") -> udf9biometric | J123: =SUBSTITUTE(E123,"_","") -> udf9biometric
B124: udf10_biometric | C124: varchar | D124: 100 | E124: udf10_biometric | F124: 0 | G124: =IF(I124=J124,"Pass","Fail") -> Pass | H124: =IF(AND(ISBLANK(D124),F124>=0),"Pass",IF(F124<=D124,"Pass","Fail")) -> Pass | I124: =SUBSTITUTE(B124,"_","") -> udf10biometric | J124: =SUBSTITUTE(E124,"_","") -> udf10biometric
B125: udf11_biometric | C125: varchar | D125: 100 | E125: udf11_biometric | F125: 0 | G125: =IF(I125=J125,"Pass","Fail") -> Pass | H125: =IF(AND(ISBLANK(D125),F125>=0),"Pass",IF(F125<=D125,"Pass","Fail")) -> Pass | I125: =SUBSTITUTE(B125,"_","") -> udf11biometric | J125: =SUBSTITUTE(E125,"_","") -> udf11biometric
B126: udf12_biometric | C126: varchar | D126: 100 | E126: udf12_biometric | F126: 0 | G126: =IF(I126=J126,"Pass","Fail") -> Pass | H126: =IF(AND(ISBLANK(D126),F126>=0),"Pass",IF(F126<=D126,"Pass","Fail")) -> Pass | I126: =SUBSTITUTE(B126,"_","") -> udf12biometric | J126: =SUBSTITUTE(E126,"_","") -> udf12biometric
... B129: udf15_biometric | C129: varchar | D129: 100 | E129: udf15_biometric | F129: 0 | G129: =IF(I129=J129,"Pass","Fail") -> Pass | H129: =IF(AND(ISBLANK(D129),F129>=0),"Pass",IF(F129<=D129,"Pass","Fail")) -> Pass | I129: =SUBSTITUTE(B129,"_","") -> udf15biometric | J129: =SUBSTITUTE(E129,"_","") -> udf15biometric
B130: udf31_biometric | C130: float | E130: udf31_biometric | F130: 0 | G130: =IF(I130=J130,"Pass","Fail") -> Pass | H130: =IF(AND(ISBLANK(D130),F130>=0),"Pass",IF(F130<=D130,"Pass","Fail")) -> Pass | I130: =SUBSTITUTE(B130,"_","") -> udf31biometric | J130: =SUBSTITUTE(E130,"_","") -> udf31biometric
B131: udf32_biometric | C131: float | E131: udf32_biometric | F131: 0 | G131: =IF(I131=J131,"Pass","Fail") -> Pass | H131: =IF(AND(ISBLANK(D131),F131>=0),"Pass",IF(F131<=D131,"Pass","Fail")) -> Pass | I131: =SUBSTITUTE(B131,"_","") -> udf32biometric | J131: =SUBSTITUTE(E131,"_","") -> udf32biometric
B132: udf33_biometric | C132: float | E132: udf33_biometric | F132: 0 | G132: =IF(I132=J132,"Pass","Fail") -> Pass | H132: =IF(AND(ISBLANK(D132),F132>=0),"Pass",IF(F132<=D132,"Pass","Fail")) -> Pass | I132: =SUBSTITUTE(B132,"_","") -> udf33biometric | J132: =SUBSTITUTE(E132,"_","") -> udf33biometric
B133: udf34_biometric | C133: float | E133: udf34_biometric | F133: 0 | G133: =IF(I133=J133,"Pass","Fail") -> Pass | H133: =IF(AND(ISBLANK(D133),F133>=0),"Pass",IF(F133<=D133,"Pass","Fail")) -> Pass | I133: =SUBSTITUTE(B133,"_","") -> udf34biometric | J133: =SUBSTITUTE(E133,"_","") -> udf34biometric
B134: udf35_biometric | C134: float | E134: udf35_biometric | F134: 0 | G134: =IF(I134=J134,"Pass","Fail") -> Pass | H134: =IF(AND(ISBLANK(D134),F134>=0),"Pass",IF(F134<=D134,"Pass","Fail")) -> Pass | I134: =SUBSTITUTE(B134,"_","") -> udf35biometric | J134: =SUBSTITUTE(E134,"_","") -> udf35biometric
B135: udf36_biometric | C135: float | E135: udf36_biometric | F135: 0 | G135: =IF(I135=J135,"Pass","Fail") -> Pass | H135: =IF(AND(ISBLANK(D135),F135>=0),"Pass",IF(F135<=D135,"Pass","Fail")) -> Pass | I135: =SUBSTITUTE(B135,"_","") -> udf36biometric | J135: =SUBSTITUTE(E135,"_","") -> udf36biometric
B136: udf37_biometric | C136: float | E136: udf37_biometric | F136: 0 | G136: =IF(I136=J136,"Pass","Fail") -> Pass | H136: =IF(AND(ISBLANK(D136),F136>=0),"Pass",IF(F136<=D136,"Pass","Fail")) -> Pass | I136: =SUBSTITUTE(B136,"_","") -> udf37biometric | J136: =SUBSTITUTE(E136,"_","") -> udf37biometric
B137: udf38_biometric | C137: float | E137: udf38_biometric | F137: 0 | G137: =IF(I137=J137,"Pass","Fail") -> Pass | H137: =IF(AND(ISBLANK(D137),F137>=0),"Pass",IF(F137<=D137,"Pass","Fail")) -> Pass | I137: =SUBSTITUTE(B137,"_","") -> udf38biometric | J137: =SUBSTITUTE(E137,"_","") -> udf38biometric
B138: udf39_biometric | C138: float | E138: udf39_biometric | F138: 0 | G138: =IF(I138=J138,"Pass","Fail") -> Pass | H138: =IF(AND(ISBLANK(D138),F138>=0),"Pass",IF(F138<=D138,"Pass","Fail")) -> Pass | I138: =SUBSTITUTE(B138,"_","") -> udf39biometric | J138: =SUBSTITUTE(E138,"_","") -> udf39biometric
B139: udf40_biometric | C139: float | E139: udf40_biometric | F139: 0 | G139: =IF(I139=J139,"Pass","Fail") -> Pass | H139: =IF(AND(ISBLANK(D139),F139>=0),"Pass",IF(F139<=D139,"Pass","Fail")) -> Pass | I139: =SUBSTITUTE(B139,"_","") -> udf40biometric | J139: =SUBSTITUTE(E139,"_","") -> udf40biometric
B140: udf41_biometric | C140: date | E140: udf41_biometric | F140: 0 | G140: =IF(I140=J140,"Pass","Fail") -> Pass | H140: =IF(AND(ISBLANK(D140),F140>=0),"Pass",IF(F140<=D140,"Pass","Fail")) -> Pass | I140: =SUBSTITUTE(B140,"_","") -> udf41biometric | J140: =SUBSTITUTE(E140,"_","") -> udf41biometric
B141: udf42_biometric | C141: date | E141: udf42_biometric | F141: 0 | G141: =IF(I141=J141,"Pass","Fail") -> Pass | H141: =IF(AND(ISBLANK(D141),F141>=0),"Pass",IF(F141<=D141,"Pass","Fail")) -> Pass | I141: =SUBSTITUTE(B141,"_","") -> udf42biometric | J141: =SUBSTITUTE(E141,"_","") -> udf42biometric
... B149: udf50_biometric | C149: date | E149: udf50_biometric | F149: 0 | G149: =IF(I149=J149,"Pass","Fail") -> Pass | H149: =IF(AND(ISBLANK(D149),F149>=0),"Pass",IF(F149<=D149,"Pass","Fail")) -> Pass | I149: =SUBSTITUTE(B149,"_","") -> udf50biometric | J149: =SUBSTITUTE(E149,"_","") -> udf50biometric
B150: udf1_eligibility | C150: varchar | D150: 100 | E150: udf1_eligibility | F150: 33 | G150: =IF(I150=J150,"Pass","Fail") -> Pass | H150: =IF(AND(ISBLANK(D150),F150>=0),"Pass",IF(F150<=D150,"Pass","Fail")) -> Pass | I150: =SUBSTITUTE(B150,"_","") -> udf1eligibility | J150: =SUBSTITUTE(E150,"_","") -> udf1eligibility
B151: udf2_eligibility | C151: varchar | D151: 100 | E151: udf2_eligibility | F151: 34 | G151: =IF(I151=J151,"Pass","Fail") -> Pass | H151: =IF(AND(ISBLANK(D151),F151>=0),"Pass",IF(F151<=D151,"Pass","Fail")) -> Pass | I151: =SUBSTITUTE(B151,"_","") -> udf2eligibility | J151: =SUBSTITUTE(E151,"_","") -> udf2eligibility
B152: udf3_eligibility | C152: varchar | D152: 100 | E152: udf3_eligibility | F152: 0 | G152: =IF(I152=J152,"Pass","Fail") -> Pass | H152: =IF(AND(ISBLANK(D152),F152>=0),"Pass",IF(F152<=D152,"Pass","Fail")) -> Pass | I152: =SUBSTITUTE(B152,"_","") -> udf3eligibility | J152: =SUBSTITUTE(E152,"_","") -> udf3eligibility
...

Sheet Member_Months
B1: Client layout | C1: Data Type | D1: Client Length | E1: Extract Layout | F1: Extract Length | G1: Layout Result | H1: Length Result | L1: Extract Total Count | M1: Application Total Count | N1: Difference | O1: Fail
B2: dw_record_id | C2: varchar | D2: 20 | E2: dw_record_id | F2: 6 | G2: =IF(I2=J2,"Pass","Fail") -> Pass | H2: =IF(AND(ISBLANK(D2),F2>=0),"Pass",IF(F2<=D2,"Pass","Fail")) -> Pass | I2: =SUBSTITUTE(B2,"_","") -> dwrecordid | J2: =SUBSTITUTE(E2,"_","") -> dwrecordid | L2: 262130 | M2: 262130 | N2: =L2-M2 -> 0
B3: dw_account_id | C3: varchar | D3: 20 | E3: dw_account_id | F3: 0 | G3: =IF(I3=J3,"Pass","Fail") -> Pass | H3: =IF(AND(ISBLANK(D3),F3>=0),"Pass",IF(F3<=D3,"Pass","Fail")) -> Pass | I3: =SUBSTITUTE(B3,"_","") -> dwaccountid | J3: =SUBSTITUTE(E3,"_","") -> dwaccountid | L3: Prior Count | N3: =L2-M3 -> 262130
B4: dw_client_id | C4: varchar | D4: 20 | E4: dw_client_id | F4: 8 | G4: =IF(I4=J4,"Pass","Fail") -> Pass | H4: =IF(AND(ISBLANK(D4),F4>=0),"Pass",IF(F4<=D4,"Pass","Fail")) -> Pass | I4: =SUBSTITUTE(B4,"_","") -> dwclientid | J4: =SUBSTITUTE(E4,"_","") -> dwclientid
B5: dw_member_id | C5: varchar | D5: 200 | E5: dw_member_id | F5: 32 | G5: =IF(I5=J5,"Pass","Fail") -> Pass | H5: =IF(AND(ISBLANK(D5),F5>=0),"Pass",IF(F5<=D5,"Pass","Fail")) -> Pass | I5: =SUBSTITUTE(B5,"_","") -> dwmemberid | J5: =SUBSTITUTE(E5,"_","") -> dwmemberid | L5: Overall | M5: Result
B6: memberId | C6: varchar | D6: 200 | E6: memberId | F6: 25 | G6: =IF(I6=J6,"Pass","Fail") -> Pass | H6: =IF(AND(ISBLANK(D6),F6>=0),"Pass",IF(F6<=D6,"Pass","Fail")) -> Pass | I6: =SUBSTITUTE(B6,"_","") -> memberId | J6: =SUBSTITUTE(E6,"_","") -> memberId | L6: Layout Result | M6: =IF(ISERROR(VLOOKUP($O$1,$G$2:$G$276,1,)),"Pass","Fail") -> Pass
B7: employeeId | C7: varchar | D7: 200 | E7: employeeId | F7: 13 | G7: =IF(I7=J7,"Pass","Fail") -> Pass | H7: =IF(AND(ISBLANK(D7),F7>=0),"Pass",IF(F7<=D7,"Pass","Fail")) -> Pass | I7: =SUBSTITUTE(B7,"_","") -> employeeId | J7: =SUBSTITUTE(E7,"_","") -> employeeId | L7: Field Length Result | M7: =IF(ISERROR(VLOOKUP($O$1,$H$2:$H$276,1,)),"Pass","Fail") -> Pass
B8: activeMonth | C8: date | E8: activeMonth | F8: 10 | G8: =IF(I8=J8,"Pass","Fail") -> Pass | H8: =IF(AND(ISBLANK(D8),F8>=0),"Pass",IF(F8<=D8,"Pass","Fail")) -> Pass | I8: =SUBSTITUTE(B8,"_","") -> activeMonth | J8: =SUBSTITUTE(E8,"_","") -> activeMonth | K8: memberSSN field changed from 20 to 22 | L8: Count Result | M8: =IF(N2=0,"Pass","Fail") -> Pass
B9: memberGenderId | C9: varchar | D9: 5 | E9: memberGenderId | F9: 1 | G9: =IF(I9=J9,"Pass","Fail") -> Pass | H9: =IF(AND(ISBLANK(D9),F9>=0),"Pass",IF(F9<=D9,"Pass","Fail")) -> Pass | I9: =SUBSTITUTE(B9,"_","") -> memberGenderId | J9: =SUBSTITUTE(E9,"_","") -> memberGenderId | L9: % change in count with respect to previous count | M9: =IF(M3=0,0%,N3/M3) -> 0
B10: memberAge | C10: varchar | D10: 5 | E10: memberAge | F10: 2 | G10: =IF(I10=J10,"Pass","Fail") -> Pass | H10: =IF(AND(ISBLANK(D10),F10>=0),"Pass",IF(F10<=D10,"Pass","Fail")) -> Pass | I10: =SUBSTITUTE(B10,"_","") -> memberAge | J10: =SUBSTITUTE(E10,"_","") -> memberAge | L10: % change in file size with respect to previous file | M10: =File_Size_Comparision!F12 -> #VALUE!
B11: memberZipId | C11: varchar | D11: 12 | E11: memberZipId | F11: 9 | G11: =IF(I11=J11,"Pass","Fail") -> Pass | H11: =IF(AND(ISBLANK(D11),F11>=0),"Pass",IF(F11<=D11,"Pass","Fail")) -> Pass | I11: =SUBSTITUTE(B11,"_","") -> memberZipId | J11: =SUBSTITUTE(E11,"_","") -> memberZipId
B12: memberFirstName | C12: varchar | D12: 30 | E12: memberFirstName | F12: 15 | G12: =IF(I12=J12,"Pass","Fail") -> Pass | H12: =IF(AND(ISBLANK(D12),F12>=0),"Pass",IF(F12<=D12,"Pass","Fail")) -> Pass | I12: =SUBSTITUTE(B12,"_","") -> memberFirstName | J12: =SUBSTITUTE(E12,"_","") -> memberFirstName
B13: memberMiddleName | C13: varchar | D13: 30 | E13: memberMiddleName | F13: 1 | G13: =IF(I13=J13,"Pass","Fail") -> Pass | H13: =IF(AND(ISBLANK(D13),F13>=0),"Pass",IF(F13<=D13,"Pass","Fail")) -> Pass | I13: =SUBSTITUTE(B13,"_","") -> memberMiddleName | J13: =SUBSTITUTE(E13,"_","") -> memberMiddleName
B14: memberLastName | C14: varchar | D14: 30 | E14: memberLastName | F14: 26 | G14: =IF(I14=J14,"Pass","Fail") -> Pass | H14: =IF(AND(ISBLANK(D14),F14>=0),"Pass",IF(F14<=D14,"Pass","Fail")) -> Pass | I14: =SUBSTITUTE(B14,"_","") -> memberLastName | J14: =SUBSTITUTE(E14,"_","") -> memberLastName
B15: relationshipClassDesc | C15: varchar | D15: 100 | E15: relationshipClassDesc | F15: 9 | G15: =IF(I15=J15,"Pass","Fail") -> Pass | H15: =IF(AND(ISBLANK(D15),F15>=0),"Pass",IF(F15<=D15,"Pass","Fail")) -> Pass | I15: =SUBSTITUTE(B15,"_","") -> relationshipClassDesc | J15: =SUBSTITUTE(E15,"_","") -> relationshipClassDesc
B16: benefitTypeId | C16: int | D16: 10 | E16: benefitTypeId | F16: 1 | G16: =IF(I16=J16,"Pass","Fail") -> Pass | H16: =IF(AND(ISBLANK(D16),F16>=0),"Pass",IF(F16<=D16,"Pass","Fail")) -> Pass | I16: =SUBSTITUTE(B16,"_","") -> benefitTypeId | J16: =SUBSTITUTE(E16,"_","") -> benefitTypeId
B17: benefitType | C17: varchar | D17: 100 | E17: benefitType | F17: 12 | G17: =IF(I17=J17,"Pass","Fail") -> Pass | H17: =IF(AND(ISBLANK(D17),F17>=0),"Pass",IF(F17<=D17,"Pass","Fail")) -> Pass | I17: =SUBSTITUTE(B17,"_","") -> benefitType | J17: =SUBSTITUTE(E17,"_","") -> benefitType
B18: carrierCode1 | C18: varchar | D18: 100 | E18: carrierCode1 | F18: 0 | G18: =IF(I18=J18,"Pass","Fail") -> Pass | H18: =IF(AND(ISBLANK(D18),F18>=0),"Pass",IF(F18<=D18,"Pass","Fail")) -> Pass | I18: =SUBSTITUTE(B18,"_","") -> carrierCode1 | J18: =SUBSTITUTE(E18,"_","") -> carrierCode1
B19: carrierCode2 | C19: varchar | D19: 100 | E19: carrierCode2 | F19: 0 | G19: =IF(I19=J19,"Pass","Fail") -> Pass | H19: =IF(AND(ISBLANK(D19),F19>=0),"Pass",IF(F19<=D19,"Pass","Fail")) -> Pass | I19: =SUBSTITUTE(B19,"_","") -> carrierCode2 | J19: =SUBSTITUTE(E19,"_","") -> carrierCode2
B20: carrierCode3 | C20: varchar | D20: 100 | E20: carrierCode3 | F20: 0 | G20: =IF(I20=J20,"Pass","Fail") -> Pass | H20: =IF(AND(ISBLANK(D20),F20>=0),"Pass",IF(F20<=D20,"Pass","Fail")) -> Pass | I20: =SUBSTITUTE(B20,"_","") -> carrierCode3 | J20: =SUBSTITUTE(E20,"_","") -> carrierCode3
B21: groupFundingType | C21: varchar | D21: 100 | E21: groupFundingType | F21: 0 | G21: =IF(I21=J21,"Pass","Fail") -> Pass | H21: =IF(AND(ISBLANK(D21),F21>=0),"Pass",IF(F21<=D21,"Pass","Fail")) -> Pass | I21: =SUBSTITUTE(B21,"_","") -> groupFundingType | J21: =SUBSTITUTE(E21,"_","") -> groupFundingType
B22: coverageTierCode | C22: varchar | D22: 50 | E22: coverageTierCode | F22: 1 | G22: =IF(I22=J22,"Pass","Fail") -> Pass | H22: =IF(AND(ISBLANK(D22),F22>=0),"Pass",IF(F22<=D22,"Pass","Fail")) -> Pass | I22: =SUBSTITUTE(B22,"_","") -> coverageTierCode | J22: =SUBSTITUTE(E22,"_","") -> coverageTierCode
... B24: coverageTypeDesc | C24: varchar | D24: 100 | E24: coverageTypeDesc | F24: 24 | G24: =IF(I24=J24,"Pass","Fail") -> Pass | H24: =IF(AND(ISBLANK(D24),F24>=0),"Pass",IF(F24<=D24,"Pass","Fail")) -> Pass | I24: =SUBSTITUTE(B24,"_","") -> coverageTypeDesc | J24: =SUBSTITUTE(E24,"_","") -> coverageTypeDesc
B25: bpFundingRate | C25: numeric | D25: (19,2) | E25: bpFundingRate | F25: 3 | G25: =IF(I25=J25,"Pass","Fail") -> Pass | H25: =IF(AND(ISBLANK(D25),F25>=0),"Pass",IF(F25<=D25,"Pass","Fail")) -> Pass | I25: =SUBSTITUTE(B25,"_","") -> bpFundingRate | J25: =SUBSTITUTE(E25,"_","") -> bpFundingRate
B26: bpHsaRate | C26: numeric | D26: (19,2) | E26: bpHsaRate | F26: 3 | G26: =IF(I26=J26,"Pass","Fail") -> Pass | H26: =IF(AND(ISBLANK(D26),F26>=0),"Pass",IF(F26<=D26,"Pass","Fail")) -> Pass | I26: =SUBSTITUTE(B26,"_","") -> bpHsaRate | J26: =SUBSTITUTE(E26,"_","") -> bpHsaRate
B27: bpEEContributionRate | C27: numeric | D27: (19,2) | E27: bpEEContributionRate | F27: 3 | G27: =IF(I27=J27,"Pass","Fail") -> Pass | H27: =IF(AND(ISBLANK(D27),F27>=0),"Pass",IF(F27<=D27,"Pass","Fail")) -> Pass | I27: =SUBSTITUTE(B27,"_","") -> bpEEContributionRate | J27: =SUBSTITUTE(E27,"_","") -> bpEEContributionRate
B28: bpFixedCosts | C28: numeric | D28: (19,2) | E28: bpFixedCosts | F28: 3 | G28: =IF(I28=J28,"Pass","Fail") -> Pass | H28: =IF(AND(ISBLANK(D28),F28>=0),"Pass",IF(F28<=D28,"Pass","Fail")) -> Pass | I28: =SUBSTITUTE(B28,"_","") -> bpFixedCosts | J28: =SUBSTITUTE(E28,"_","") -> bpFixedCosts
B29: benefitPlanCovered | C29: numeric | D29: (19,2) | E29: benefitPlanCovered | F29: 1 | G29: =IF(I29=J29,"Pass","Fail") -> Pass | H29: =IF(AND(ISBLANK(D29),F29>=0),"Pass",IF(F29<=D29,"Pass","Fail")) -> Pass | I29: =SUBSTITUTE(B29,"_","") -> benefitPlanCovered | J29: =SUBSTITUTE(E29,"_","") -> benefitPlanCovered
B30: slIslFee | C30: numeric | D30: (19,2) | E30: slIslFee | F30: 3 | G30: =IF(I30=J30,"Pass","Fail") -> Pass | H30: =IF(AND(ISBLANK(D30),F30>=0),"Pass",IF(F30<=D30,"Pass","Fail")) -> Pass | I30: =SUBSTITUTE(B30,"_","") -> slIslFee | J30: =SUBSTITUTE(E30,"_","") -> slIslFee
B31: slAggFee | C31: numeric | D31: (19,2) | E31: slAggFee | F31: 3 | G31: =IF(I31=J31,"Pass","Fail") -> Pass | H31: =IF(AND(ISBLANK(D31),F31>=0),"Pass",IF(F31<=D31,"Pass","Fail")) -> Pass | I31: =SUBSTITUTE(B31,"_","") -> slAggFee | J31: =SUBSTITUTE(E31,"_","") -> slAggFee
B32: slAslFactor | C32: numeric | D32: (19,2) | E32: slAslFactor | F32: 3 | G32: =IF(I32=J32,"Pass","Fail") -> Pass | H32: =IF(AND(ISBLANK(D32),F32>=0),"Pass",IF(F32<=D32,"Pass","Fail")) -> Pass | I32: =SUBSTITUTE(B32,"_","") -> slAslFactor | J32: =SUBSTITUTE(E32,"_","") -> slAslFactor
B33: slIslLaser | C33: varchar | D33: 100 | E33: slIslLaser | F33: 1 | G33: =IF(I33=J33,"Pass","Fail") -> Pass | H33: =IF(AND(ISBLANK(D33),F33>=0),"Pass",IF(F33<=D33,"Pass","Fail")) -> Pass | I33: =SUBSTITUTE(B33,"_","") -> slIslLaser | J33: =SUBSTITUTE(E33,"_","") -> slIslLaser
B34: slIslDeductible | C34: numeric | D34: (19,2) | E34: slIslDeductible | F34: 3 | G34: =IF(I34=J34,"Pass","Fail") -> Pass | H34: =IF(AND(ISBLANK(D34),F34>=0),"Pass",IF(F34<=D34,"Pass","Fail")) -> Pass | I34: =SUBSTITUTE(B34,"_","") -> slIslDeductible | J34: =SUBSTITUTE(E34,"_","") -> slIslDeductible
B35: slAslMinDeductible | C35: numeric | D35: (19,2) | E35: slAslMinDeductible | F35: 3 | G35: =IF(I35=J35,"Pass","Fail") -> Pass | H35: =IF(AND(ISBLANK(D35),F35>=0),"Pass",IF(F35<=D35,"Pass","Fail")) -> Pass | I35: =SUBSTITUTE(B35,"_","") -> slAslMinDeductible | J35: =SUBSTITUTE(E35,"_","") -> slAslMinDeductible
B36: slIslAggDeductible | C36: numeric | D36: (19,2) | E36: slIslAggDeductible | F36: 3 | G36: =IF(I36=J36,"Pass","Fail") -> Pass | H36: =IF(AND(ISBLANK(D36),F36>=0),"Pass",IF(F36<=D36,"Pass","Fail")) -> Pass | I36: =SUBSTITUTE(B36,"_","") -> slIslAggDeductible | J36: =SUBSTITUTE(E36,"_","") -> slIslAggDeductible
B37: groupId | C37: varchar | D37: 100 | E37: groupId | F37: 6 | G37: =IF(I37=J37,"Pass","Fail") -> Pass | H37: =IF(AND(ISBLANK(D37),F37>=0),"Pass",IF(F37<=D37,"Pass","Fail")) -> Pass | I37: =SUBSTITUTE(B37,"_","") -> groupId | J37: =SUBSTITUTE(E37,"_","") -> groupId
B38: divisionId | C38: varchar | D38: 100 | E38: divisionId | F38: 53 | G38: =IF(I38=J38,"Pass","Fail") -> Pass | H38: =IF(AND(ISBLANK(D38),F38>=0),"Pass",IF(F38<=D38,"Pass","Fail")) -> Pass | I38: =SUBSTITUTE(B38,"_","") -> divisionId | J38: =SUBSTITUTE(E38,"_","") -> divisionId
B39: relationshipCode | C39: varchar | D39: 15 | E39: relationshipCode | F39: 3 | G39: =IF(I39=J39,"Pass","Fail") -> Pass | H39: =IF(AND(ISBLANK(D39),F39>=0),"Pass",IF(F39<=D39,"Pass","Fail")) -> Pass | I39: =SUBSTITUTE(B39,"_","") -> relationshipCode | J39: =SUBSTITUTE(E39,"_","") -> relationshipCode
B40: planId | C40: varchar | D40: 100 | E40: planId | F40: 66 | G40: =IF(I40=J40,"Pass","Fail") -> Pass | H40: =IF(AND(ISBLANK(D40),F40>=0),"Pass",IF(F40<=D40,"Pass","Fail")) -> Pass | I40: =SUBSTITUTE(B40,"_","") -> planId | J40: =SUBSTITUTE(E40,"_","") -> planId
B41: planTypeId | C41: varchar | D41: 100 | E41: planTypeId | F41: 20 | G41: =IF(I41=J41,"Pass","Fail") -> Pass | H41: =IF(AND(ISBLANK(D41),F41>=0),"Pass",IF(F41<=D41,"Pass","Fail")) -> Pass | I41: =SUBSTITUTE(B41,"_","") -> planTypeId | J41: =SUBSTITUTE(E41,"_","") -> planTypeId
B42: carrierId | C42: varchar | D42: 100 | E42: carrierId | F42: 10 | G42: =IF(I42=J42,"Pass","Fail") -> Pass | H42: =IF(AND(ISBLANK(D42),F42>=0),"Pass",IF(F42<=D42,"Pass","Fail")) -> Pass | I42: =SUBSTITUTE(B42,"_","") -> carrierId | J42: =SUBSTITUTE(E42,"_","") -> carrierId
B43: udf16Id | C43: varchar | D43: 100 | E43: udf16Id | F43: 4 | G43: =IF(I43=J43,"Pass","Fail") -> Pass | H43: =IF(AND(ISBLANK(D43),F43>=0),"Pass",IF(F43<=D43,"Pass","Fail")) -> Pass | I43: =SUBSTITUTE(B43,"_","") -> udf16Id | J43: =SUBSTITUTE(E43,"_","") -> udf16Id
B44: udf17Id | C44: varchar | D44: 100 | E44: udf17Id | F44: 7 | G44: =IF(I44=J44,"Pass","Fail") -> Pass | H44: =IF(AND(ISBLANK(D44),F44>=0),"Pass",IF(F44<=D44,"Pass","Fail")) -> Pass | I44: =SUBSTITUTE(B44,"_","") -> udf17Id | J44: =SUBSTITUTE(E44,"_","") -> udf17Id
B45: udf18Id | C45: varchar | D45: 100 | E45: udf18Id | F45: 2 | G45: =IF(I45=J45,"Pass","Fail") -> Pass | H45: =IF(AND(ISBLANK(D45),F45>=0),"Pass",IF(F45<=D45,"Pass","Fail")) -> Pass | I45: =SUBSTITUTE(B45,"_","") -> udf18Id | J45: =SUBSTITUTE(E45,"_","") -> udf18Id
B46: udf19Id | C46: varchar | D46: 100 | E46: udf19Id | F46: 7 | G46: =IF(I46=J46,"Pass","Fail") -> Pass | H46: =IF(AND(ISBLANK(D46),F46>=0),"Pass",IF(F46<=D46,"Pass","Fail")) -> Pass | I46: =SUBSTITUTE(B46,"_","") -> udf19Id | J46: =SUBSTITUTE(E46,"_","") -> udf19Id
B47: udf20Id | C47: varchar | D47: 100 | E47: udf20Id | F47: 1 | G47: =IF(I47=J47,"Pass","Fail") -> Pass | H47: =IF(AND(ISBLANK(D47),F47>=0),"Pass",IF(F47<=D47,"Pass","Fail")) -> Pass | I47: =SUBSTITUTE(B47,"_","") -> udf20Id | J47: =SUBSTITUTE(E47,"_","") -> udf20Id
B48: udf21Id | C48: varchar | D48: 100 | E48: udf21Id | F48: 7 | G48: =IF(I48=J48,"Pass","Fail") -> Pass | H48: =IF(AND(ISBLANK(D48),F48>=0),"Pass",IF(F48<=D48,"Pass","Fail")) -> Pass | I48: =SUBSTITUTE(B48,"_","") -> udf21Id | J48: =SUBSTITUTE(E48,"_","") -> udf21Id
... B57: udf30Id | C57: varchar | D57: 100 | E57: udf30Id | F57: 0 | G57: =IF(I57=J57,"Pass","Fail") -> Pass | H57: =IF(AND(ISBLANK(D57),F57>=0),"Pass",IF(F57<=D57,"Pass","Fail")) -> Pass | I57: =SUBSTITUTE(B57,"_","") -> udf30Id | J57: =SUBSTITUTE(E57,"_","") -> udf30Id
B58: prospectiveInpatient | C58: float | E58: prospectiveInpatient | F58: 20 | G58: =IF(I58=J58,"Pass","Fail") -> Pass | H58: =IF(AND(ISBLANK(D58),F58>=0),"Pass",IF(F58<=D58,"Pass","Fail")) -> Pass | I58: =SUBSTITUTE(B58,"_","") -> prospectiveInpatient | J58: =SUBSTITUTE(E58,"_","") -> prospectiveInpatient
B59: prospectiveMedical | C59: float | E59: prospectiveMedical | F59: 20 | G59: =IF(I59=J59,"Pass","Fail") -> Pass | H59: =IF(AND(ISBLANK(D59),F59>=0),"Pass",IF(F59<=D59,"Pass","Fail")) -> Pass | I59: =SUBSTITUTE(B59,"_","") -> prospectiveMedical | J59: =SUBSTITUTE(E59,"_","") -> prospectiveMedical
B60: prospectiveOutpatient | C60: float | E60: prospectiveOutpatient | F60: 20 | G60: =IF(I60=J60,"Pass","Fail") -> Pass | H60: =IF(AND(ISBLANK(D60),F60>=0),"Pass",IF(F60<=D60,"Pass","Fail")) -> Pass | I60: =SUBSTITUTE(B60,"_","") -> prospectiveOutpatient | J60: =SUBSTITUTE(E60,"_","") -> prospectiveOutpatient
B61: prospectivePharmacy | C61: float | E61: prospectivePharmacy | F61: 20 | G61: =IF(I61=J61,"Pass","Fail") -> Pass | H61: =IF(AND(ISBLANK(D61),F61>=0),"Pass",IF(F61<=D61,"Pass","Fail")) -> Pass | I61: =SUBSTITUTE(B61,"_","") -> prospectivePharmacy | J61: =SUBSTITUTE(E61,"_","") -> prospectivePharmacy
B62: prospectivePhysician | C62: float | E62: prospectivePhysician | F62: 20 | G62: =IF(I62=J62,"Pass","Fail") -> Pass | H62: =IF(AND(ISBLANK(D62),F62>=0),"Pass",IF(F62<=D62,"Pass","Fail")) -> Pass | I62: =SUBSTITUTE(B62,"_","") -> prospectivePhysician | J62: =SUBSTITUTE(E62,"_","") -> prospectivePhysician
B63: prospectiveEr | C63: float | E63: prospectiveEr | F63: 20 | G63: =IF(I63=J63,"Pass","Fail") -> Pass | H63: =IF(AND(ISBLANK(D63),F63>=0),"Pass",IF(F63<=D63,"Pass","Fail")) -> Pass | I63: =SUBSTITUTE(B63,"_","") -> prospectiveEr | J63: =SUBSTITUTE(E63,"_","") -> prospectiveEr
B64: prospectiveOther | C64: float | E64: prospectiveOther | F64: 20 | G64: =IF(I64=J64,"Pass","Fail") -> Pass | H64: =IF(AND(ISBLANK(D64),F64>=0),"Pass",IF(F64<=D64,"Pass","Fail")) -> Pass | I64: =SUBSTITUTE(B64,"_","") -> prospectiveOther | J64: =SUBSTITUTE(E64,"_","") -> prospectiveOther
B65: prospectiveTotal | C65: float | E65: prospectiveTotal | F65: 20 | G65: =IF(I65=J65,"Pass","Fail") -> Pass | H65: =IF(AND(ISBLANK(D65),F65>=0),"Pass",IF(F65<=D65,"Pass","Fail")) -> Pass | I65: =SUBSTITUTE(B65,"_","") -> prospectiveTotal | J65: =SUBSTITUTE(E65,"_","") -> prospectiveTotal
B66: prospectiveEstimate | C66: numeric | D66: (19,2) | E66: prospectiveEstimate | F66: 18 | G66: =IF(I66=J66,"Pass","Fail") -> Pass | H66: =IF(AND(ISBLANK(D66),F66>=0),"Pass",IF(F66<=D66,"Pass","Fail")) -> Pass | I66: =SUBSTITUTE(B66,"_","") -> prospectiveEstimate | J66: =SUBSTITUTE(E66,"_","") -> prospectiveEstimate
B67: concurrentInpatient | C67: float | E67: concurrentInpatient | F67: 20 | G67: =IF(I67=J67,"Pass","Fail") -> Pass | H67: =IF(AND(ISBLANK(D67),F67>=0),"Pass",IF(F67<=D67,"Pass","Fail")) -> Pass | I67: =SUBSTITUTE(B67,"_","") -> concurrentInpatient | J67: =SUBSTITUTE(E67,"_","") -> concurrentInpatient
B68: concurrentMedical | C68: float | E68: concurrentMedical | F68: 20 | G68: =IF(I68=J68,"Pass","Fail") -> Pass | H68: =IF(AND(ISBLANK(D68),F68>=0),"Pass",IF(F68<=D68,"Pass","Fail")) -> Pass | I68: =SUBSTITUTE(B68,"_","") -> concurrentMedical | J68: =SUBSTITUTE(E68,"_","") -> concurrentMedical
B69: concurrentOutpatient | C69: float | E69: concurrentOutpatient | F69: 20 | G69: =IF(I69=J69,"Pass","Fail") -> Pass | H69: =IF(AND(ISBLANK(D69),F69>=0),"Pass",IF(F69<=D69,"Pass","Fail")) -> Pass | I69: =SUBSTITUTE(B69,"_","") -> concurrentOutpatient | J69: =SUBSTITUTE(E69,"_","") -> concurrentOutpatient
B70: concurrentPharmacy | C70: float | E70: concurrentPharmacy | F70: 20 | G70: =IF(I70=J70,"Pass","Fail") -> Pass | H70: =IF(AND(ISBLANK(D70),F70>=0),"Pass",IF(F70<=D70,"Pass","Fail")) -> Pass | I70: =SUBSTITUTE(B70,"_","") -> concurrentPharmacy | J70: =SUBSTITUTE(E70,"_","") -> concurrentPharmacy
B71: concurrentPhysician | C71: float | E71: concurrentPhysician | F71: 20 | G71: =IF(I71=J71,"Pass","Fail") -> Pass | H71: =IF(AND(ISBLANK(D71),F71>=0),"Pass",IF(F71<=D71,"Pass","Fail")) -> Pass | I71: =SUBSTITUTE(B71,"_","") -> concurrentPhysician | J71: =SUBSTITUTE(E71,"_","") -> concurrentPhysician
B72: concurrentEr | C72: float | E72: concurrentEr | F72: 20 | G72: =IF(I72=J72,"Pass","Fail") -> Pass | H72: =IF(AND(ISBLANK(D72),F72>=0),"Pass",IF(F72<=D72,"Pass","Fail")) -> Pass | I72: =SUBSTITUTE(B72,"_","") -> concurrentEr | J72: =SUBSTITUTE(E72,"_","") -> concurrentEr
B73: concurrentOther | C73: float | E73: concurrentOther | F73: 20 | G73: =IF(I73=J73,"Pass","Fail") -> Pass | H73: =IF(AND(ISBLANK(D73),F73>=0),"Pass",IF(F73<=D73,"Pass","Fail")) -> Pass | I73: =SUBSTITUTE(B73,"_","") -> concurrentOther | J73: =SUBSTITUTE(E73,"_","") -> concurrentOther
B74: concurrentTotal | C74: float | E74: concurrentTotal | F74: 20 | G74: =IF(I74=J74,"Pass","Fail") -> Pass | H74: =IF(AND(ISBLANK(D74),F74>=0),"Pass",IF(F74<=D74,"Pass","Fail")) -> Pass | I74: =SUBSTITUTE(B74,"_","") -> concurrentTotal | J74: =SUBSTITUTE(E74,"_","") -> concurrentTotal
B75: concurrentEstimate | C75: numeric | D75: (19,2) | E75: concurrentEstimate | F75: 18 | G75: =IF(I75=J75,"Pass","Fail") -> Pass | H75: =IF(AND(ISBLANK(D75),F75>=0),"Pass",IF(F75<=D75,"Pass","Fail")) -> Pass | I75: =SUBSTITUTE(B75,"_","") -> concurrentEstimate | J75: =SUBSTITUTE(E75,"_","") -> concurrentEstimate
B76: concurrentExposureMonths | C76: int | E76: concurrentExposureMonths | F76: 2 | G76: =IF(I76=J76,"Pass","Fail") -> Pass | H76: =IF(AND(ISBLANK(D76),F76>=0),"Pass",IF(F76<=D76,"Pass","Fail")) -> Pass | I76: =SUBSTITUTE(B76,"_","") -> concurrentExposureMonths | J76: =SUBSTITUTE(E76,"_","") -> concurrentExposureMonths
B77: concurrentActualPaid | C77: numeric | D77: (19,2) | E77: concurrentActualPaid | F77: 22 | G77: =IF(I77=J77,"Pass","Fail") -> Pass | H77: =IF(AND(ISBLANK(D77),F77>=0),"Pass",IF(F77<=D77,"Pass","Fail")) -> Pass | I77: =SUBSTITUTE(B77,"_","") -> concurrentActualPaid | J77: =SUBSTITUTE(E77,"_","") -> concurrentActualPaid
B78: concurrentActualAllowed | C78: numeric | D78: (19,2) | E78: concurrentActualAllowed | F78: 23 | G78: =IF(I78=J78,"Pass","Fail") -> Pass | H78: =IF(AND(ISBLANK(D78),F78>=0),"Pass",IF(F78<=D78,"Pass","Fail")) -> Pass | I78: =SUBSTITUTE(B78,"_","") -> concurrentActualAllowed | J78: =SUBSTITUTE(E78,"_","") -> concurrentActualAllowed
B79: prospectiveInpatientRaw | C79: float | E79: prospectiveInpatientRaw | F79: 5 | G79: =IF(I79=J79,"Pass","Fail") -> Pass | H79: =IF(AND(ISBLANK(D79),F79>=0),"Pass",IF(F79<=D79,"Pass","Fail")) -> Pass | I79: =SUBSTITUTE(B79,"_","") -> prospectiveInpatientRaw | J79: =SUBSTITUTE(E79,"_","") -> prospectiveInpatientRaw
B80: prospectiveMedicalRaw | C80: float | E80: prospectiveMedicalRaw | F80: 5 | G80: =IF(I80=J80,"Pass","Fail") -> Pass | H80: =IF(AND(ISBLANK(D80),F80>=0),"Pass",IF(F80<=D80,"Pass","Fail")) -> Pass | I80: =SUBSTITUTE(B80,"_","") -> prospectiveMedicalRaw | J80: =SUBSTITUTE(E80,"_","") -> prospectiveMedicalRaw
B81: prospectiveOutpatientRaw | C81: float | E81: prospectiveOutpatientRaw | F81: 5 | G81: =IF(I81=J81,"Pass","Fail") -> Pass | H81: =IF(AND(ISBLANK(D81),F81>=0),"Pass",IF(F81<=D81,"Pass","Fail")) -> Pass | I81: =SUBSTITUTE(B81,"_","") -> prospectiveOutpatientRaw | J81: =SUBSTITUTE(E81,"_","") -> prospectiveOutpatientRaw
B82: prospectivePharmacyRaw | C82: float | E82: prospectivePharmacyRaw | F82: 5 | G82: =IF(I82=J82,"Pass","Fail") -> Pass | H82: =IF(AND(ISBLANK(D82),F82>=0),"Pass",IF(F82<=D82,"Pass","Fail")) -> Pass | I82: =SUBSTITUTE(B82,"_","") -> prospectivePharmacyRaw | J82: =SUBSTITUTE(E82,"_","") -> prospectivePharmacyRaw
B83: prospectivePhysicianRaw | C83: float | E83: prospectivePhysicianRaw | F83: 4 | G83: =IF(I83=J83,"Pass","Fail") -> Pass | H83: =IF(AND(ISBLANK(D83),F83>=0),"Pass",IF(F83<=D83,"Pass","Fail")) -> Pass | I83: =SUBSTITUTE(B83,"_","") -> prospectivePhysicianRaw | J83: =SUBSTITUTE(E83,"_","") -> prospectivePhysicianRaw
B84: prospectiveErRaw | C84: float | E84: prospectiveErRaw | F84: 4 | G84: =IF(I84=J84,"Pass","Fail") -> Pass | H84: =IF(AND(ISBLANK(D84),F84>=0),"Pass",IF(F84<=D84,"Pass","Fail")) -> Pass | I84: =SUBSTITUTE(B84,"_","") -> prospectiveErRaw | J84: =SUBSTITUTE(E84,"_","") -> prospectiveErRaw
B85: prospectiveOtherRaw | C85: float | E85: prospectiveOtherRaw | F85: 4 | G85: =IF(I85=J85,"Pass","Fail") -> Pass | H85: =IF(AND(ISBLANK(D85),F85>=0),"Pass",IF(F85<=D85,"Pass","Fail")) -> Pass | I85: =SUBSTITUTE(B85,"_","") -> prospectiveOtherRaw | J85: =SUBSTITUTE(E85,"_","") -> prospectiveOtherRaw
B86: prospectiveTotalRaw | C86: float | E86: prospectiveTotalRaw | F86: 5 | G86: =IF(I86=J86,"Pass","Fail") -> Pass | H86: =IF(AND(ISBLANK(D86),F86>=0),"Pass",IF(F86<=D86,"Pass","Fail")) -> Pass | I86: =SUBSTITUTE(B86,"_","") -> prospectiveTotalRaw | J86: =SUBSTITUTE(E86,"_","") -> prospectiveTotalRaw
B87: concurrentInpatientRaw | C87: float | E87: concurrentInpatientRaw | F87: 5 | G87: =IF(I87=J87,"Pass","Fail") -> Pass | H87: =IF(AND(ISBLANK(D87),F87>=0),"Pass",IF(F87<=D87,"Pass","Fail")) -> Pass | I87: =SUBSTITUTE(B87,"_","") -> concurrentInpatientRaw | J87: =SUBSTITUTE(E87,"_","") -> concurrentInpatientRaw
B88: concurrentMedicalRaw | C88: float | E88: concurrentMedicalRaw | F88: 5 | G88: =IF(I88=J88,"Pass","Fail") -> Pass | H88: =IF(AND(ISBLANK(D88),F88>=0),"Pass",IF(F88<=D88,"Pass","Fail")) -> Pass | I88: =SUBSTITUTE(B88,"_","") -> concurrentMedicalRaw | J88: =SUBSTITUTE(E88,"_","") -> concurrentMedicalRaw
B89: concurrentOutpatientRaw | C89: float | E89: concurrentOutpatientRaw | F89: 5 | G89: =IF(I89=J89,"Pass","Fail") -> Pass | H89: =IF(AND(ISBLANK(D89),F89>=0),"Pass",IF(F89<=D89,"Pass","Fail")) -> Pass | I89: =SUBSTITUTE(B89,"_","") -> concurrentOutpatientRaw | J89: =SUBSTITUTE(E89,"_","") -> concurrentOutpatientRaw
B90: concurrentPharmacyRaw | C90: float | E90: concurrentPharmacyRaw | F90: 5 | G90: =IF(I90=J90,"Pass","Fail") -> Pass | H90: =IF(AND(ISBLANK(D90),F90>=0),"Pass",IF(F90<=D90,"Pass","Fail")) -> Pass | I90: =SUBSTITUTE(B90,"_","") -> concurrentPharmacyRaw | J90: =SUBSTITUTE(E90,"_","") -> concurrentPharmacyRaw
... B95: latestScoreFlag | C95: float | E95: latestScoreFlag | F95: 1 | G95: =IF(I95=J95,"Pass","Fail") -> Pass | H95: =IF(AND(ISBLANK(D95),F95>=0),"Pass",IF(F95<=D95,"Pass","Fail")) -> Pass | I95: =SUBSTITUTE(B95,"_","") -> latestScoreFlag | J95: =SUBSTITUTE(E95,"_","") -> latestScoreFlag
B96: groupName | C96: varchar | D96: 100 | E96: groupName | F96: 8 | G96: =IF(I96=J96,"Pass","Fail") -> Pass | H96: =IF(AND(ISBLANK(D96),F96>=0),"Pass",IF(F96<=D96,"Pass","Fail")) -> Pass | I96: =SUBSTITUTE(B96,"_","") -> groupName | J96: =SUBSTITUTE(E96,"_","") -> groupName
B97: divisionName | C97: varchar | D97: 68 | E97: divisionName | F97: 68 | G97: =IF(I97=J97,"Pass","Fail") -> Pass | H97: =IF(AND(ISBLANK(D97),F97>=0),"Pass",IF(F97<=D97,"Pass","Fail")) -> Pass | I97: =SUBSTITUTE(B97,"_","") -> divisionName | J97: =SUBSTITUTE(E97,"_","") -> divisionName | K97: divisionName field changed from 60 to 68
B98: memberRelationshipDesc | C98: varchar | D98: 50 | E98: memberRelationshipDesc | F98: 42 | G98: =IF(I98=J98,"Pass","Fail") -> Pass | H98: =IF(AND(ISBLANK(D98),F98>=0),"Pass",IF(F98<=D98,"Pass","Fail")) -> Pass | I98: =SUBSTITUTE(B98,"_","") -> memberRelationshipDesc | J98: =SUBSTITUTE(E98,"_","") -> memberRelationshipDesc
B99: planDesc | C99: varchar | D99: 100 | E99: planDesc | F99: 86 | G99: =IF(I99=J99,"Pass","Fail") -> Pass | H99: =IF(AND(ISBLANK(D99),F99>=0),"Pass",IF(F99<=D99,"Pass","Fail")) -> Pass | I99: =SUBSTITUTE(B99,"_","") -> planDesc | J99: =SUBSTITUTE(E99,"_","") -> planDesc
B100: planTypeDesc | C100: varchar | D100: 100 | E100: planTypeDesc | F100: 20 | G100: =IF(I100=J100,"Pass","Fail") -> Pass | H100: =IF(AND(ISBLANK(D100),F100>=0),"Pass",IF(F100<=D100,"Pass","Fail")) -> Pass | I100: =SUBSTITUTE(B100,"_","") -> planTypeDesc | J100: =SUBSTITUTE(E100,"_","") -> planTypeDesc
B101: carrierName | C101: varchar | D101: 50 | E101: carrierName | F101: 36 | G101: =IF(I101=J101,"Pass","Fail") -> Pass | H101: =IF(AND(ISBLANK(D101),F101>=0),"Pass",IF(F101<=D101,"Pass","Fail")) -> Pass | I101: =SUBSTITUTE(B101,"_","") -> carrierName | J101: =SUBSTITUTE(E101,"_","") -> carrierName
B102: memberFullName | C102: varchar | D102: 200 | E102: memberFullName | F102: 35 | G102: =IF(I102=J102,"Pass","Fail") -> Pass | H102: =IF(AND(ISBLANK(D102),F102>=0),"Pass",IF(F102<=D102,"Pass","Fail")) -> Pass | I102: =SUBSTITUTE(B102,"_","") -> memberFullName | J102: =SUBSTITUTE(E102,"_","") -> memberFullName
B103: dw_member_match | C103: varchar | D103: 1 | E103: dw_member_match | F103: 1 | G103: =IF(I103=J103,"Pass","Fail") -> Pass | H103: =IF(AND(ISBLANK(D103),F103>=0),"Pass",IF(F103<=D103,"Pass","Fail")) -> Pass | I103: =SUBSTITUTE(B103,"_","") -> dwmembermatch | J103: =SUBSTITUTE(E103,"_","") -> dwmembermatch
B104: dw_created_date | C104: date | E104: dw_created_date | F104: 10 | G104: =IF(I104=J104,"Pass","Fail") -> Pass | H104: =IF(AND(ISBLANK(D104),F104>=0),"Pass",IF(F104<=D104,"Pass","Fail")) -> Pass | I104: =SUBSTITUTE(B104,"_","") -> dwcreateddate | J104: =SUBSTITUTE(E104,"_","") -> dwcreateddate
B105: dw_data_through_date | C105: varchar | D105: 10 | E105: dw_data_through_date | F105: 10 | G105: =IF(I105=J105,"Pass","Fail") -> Pass | H105: =IF(AND(ISBLANK(D105),F105>=0),"Pass",IF(F105<=D105,"Pass","Fail")) -> Pass | I105: =SUBSTITUTE(B105,"_","") -> dwdatathroughdate | J105: =SUBSTITUTE(E105,"_","") -> dwdatathroughdate
B106: udf42_hra | C106: date | E106: udf42_hra | F106: 0 | G106: =IF(I106=J106,"Pass","Fail") -> Pass | H106: =IF(AND(ISBLANK(D106),F106>=0),"Pass",IF(F106<=D106,"Pass","Fail")) -> Pass | I106: =SUBSTITUTE(B106,"_","") -> udf42hra | J106: =SUBSTITUTE(E106,"_","") -> udf42hra
B107: udf43_hra | C107: date | E107: udf43_hra | F107: 0 | G107: =IF(I107=J107,"Pass","Fail") -> Pass | H107: =IF(AND(ISBLANK(D107),F107>=0),"Pass",IF(F107<=D107,"Pass","Fail")) -> Pass | I107: =SUBSTITUTE(B107,"_","") -> udf43hra | J107: =SUBSTITUTE(E107,"_","") -> udf43hra
B108: udf44_hra | C108: date | E108: udf44_hra | F108: 0 | G108: =IF(I108=J108,"Pass","Fail") -> Pass | H108: =IF(AND(ISBLANK(D108),F108>=0),"Pass",IF(F108<=D108,"Pass","Fail")) -> Pass | I108: =SUBSTITUTE(B108,"_","") -> udf44hra | J108: =SUBSTITUTE(E108,"_","") -> udf44hra
B109: udf45_hra | C109: date | E109: udf45_hra | F109: 0 | G109: =IF(I109=J109,"Pass","Fail") -> Pass | H109: =IF(AND(ISBLANK(D109),F109>=0),"Pass",IF(F109<=D109,"Pass","Fail")) -> Pass | I109: =SUBSTITUTE(B109,"_","") -> udf45hra | J109: =SUBSTITUTE(E109,"_","") -> udf45hra
B110: udf46_hra | C110: date | E110: udf46_hra | F110: 0 | G110: =IF(I110=J110,"Pass","Fail") -> Pass | H110: =IF(AND(ISBLANK(D110),F110>=0),"Pass",IF(F110<=D110,"Pass","Fail")) -> Pass | I110: =SUBSTITUTE(B110,"_","") -> udf46hra | J110: =SUBSTITUTE(E110,"_","") -> udf46hra
B111: udf47_hra | C111: date | E111: udf47_hra | F111: 0 | G111: =IF(I111=J111,"Pass","Fail") -> Pass | H111: =IF(AND(ISBLANK(D111),F111>=0),"Pass",IF(F111<=D111,"Pass","Fail")) -> Pass | I111: =SUBSTITUTE(B111,"_","") -> udf47hra | J111: =SUBSTITUTE(E111,"_","") -> udf47hra
B112: udf48_hra | C112: date | E112: udf48_hra | F112: 0 | G112: =IF(I112=J112,"Pass","Fail") -> Pass | H112: =IF(AND(ISBLANK(D112),F112>=0),"Pass",IF(F112<=D112,"Pass","Fail")) -> Pass | I112: =SUBSTITUTE(B112,"_","") -> udf48hra | J112: =SUBSTITUTE(E112,"_","") -> udf48hra
B113: udf49_hra | C113: date | E113: udf49_hra | F113: 0 | G113: =IF(I113=J113,"Pass","Fail") -> Pass | H113: =IF(AND(ISBLANK(D113),F113>=0),"Pass",IF(F113<=D113,"Pass","Fail")) -> Pass | I113: =SUBSTITUTE(B113,"_","") -> udf49hra | J113: =SUBSTITUTE(E113,"_","") -> udf49hra
...

Sheet Member_PCP
B1: Client layout | C1: Data Type | D1: Client Length | E1: Extract Layout | F1: Extract Length | G1: Layout Result | H1: Length Result | O1: Fail
B2: dw_record_id | C2: int | E2: dw_record_id | F2: 4 | G2: =IF(I2=J2,"Pass","Fail") -> Pass | H2: =IF(AND(ISBLANK(D2),F2>=0),"Pass",IF(F2<=D2,"Pass","Fail")) -> Pass | I2: =SUBSTITUTE(B2,"_","") -> dwrecordid | J2: =SUBSTITUTE(E2,"_","") -> dwrecordid | L2: Current Extract Count | M2: Previous Extract Count | N2: Difference
B3: dw_account_id | C3: varchar | D3: 10 | E3: dw_account_id | F3: 0 | G3: =IF(I3=J3,"Pass","Fail") -> Pass | H3: =IF(AND(ISBLANK(D3),F3>=0),"Pass",IF(F3<=D3,"Pass","Fail")) -> Pass | I3: =SUBSTITUTE(B3,"_","") -> dwaccountid | J3: =SUBSTITUTE(E3,"_","") -> dwaccountid | L3: 8620 | M3: 8505 | N3: =L3-M3 -> 115
B4: dw_client_id | C4: varchar | D4: 10 | E4: dw_client_id | F4: 8 | G4: =IF(I4=J4,"Pass","Fail") -> Pass | H4: =IF(AND(ISBLANK(D4),F4>=0),"Pass",IF(F4<=D4,"Pass","Fail")) -> Pass | I4: =SUBSTITUTE(B4,"_","") -> dwclientid | J4: =SUBSTITUTE(E4,"_","") -> dwclientid
B5: dw_member_id | C5: varchar | D5: 50 | E5: dw_member_id | F5: 32 | G5: =IF(I5=J5,"Pass","Fail") -> Pass | H5: =IF(AND(ISBLANK(D5),F5>=0),"Pass",IF(F5<=D5,"Pass","Fail")) -> Pass | I5: =SUBSTITUTE(B5,"_","") -> dwmemberid | J5: =SUBSTITUTE(E5,"_","") -> dwmemberid | L5: Overall | M5: Result
B6: mbr_id | C6: varchar | D6: 25 | E6: mbr_id | F6: 25 | G6: =IF(I6=J6,"Pass","Fail") -> Pass | H6: =IF(AND(ISBLANK(D6),F6>=0),"Pass",IF(F6<=D6,"Pass","Fail")) -> Pass | I6: =SUBSTITUTE(B6,"_","") -> mbrid | J6: =SUBSTITUTE(E6,"_","") -> mbrid | L6: Layout Result | M6: =IF(ISERROR(VLOOKUP($O$1,$G$2:$G$10,1,)),"Pass","Fail") -> Pass
B7: pcp_name | C7: varchar | D7: 100 | E7: pcp_name | F7: 70 | G7: =IF(I7=J7,"Pass","Fail") -> Pass | H7: =IF(AND(ISBLANK(D7),F7>=0),"Pass",IF(F7<=D7,"Pass","Fail")) -> Pass | I7: =SUBSTITUTE(B7,"_","") -> pcpname | J7: =SUBSTITUTE(E7,"_","") -> pcpname | L7: Field Length Result | M7: =IF(ISERROR(VLOOKUP($O$1,$H$2:$H$10,1,)),"Pass","Fail") -> Pass
B8: pcp_npi | C8: varchar | D8: 100 | E8: pcp_npi | F8: 10 | G8: =IF(I8=J8,"Pass","Fail") -> Pass | H8: =IF(AND(ISBLANK(D8),F8>=0),"Pass",IF(F8<=D8,"Pass","Fail")) -> Pass | I8: =SUBSTITUTE(B8,"_","") -> pcpnpi | J8: =SUBSTITUTE(E8,"_","") -> pcpnpi | L8: % change in count with respect to previous count | M8: =IF(M3=0,0%,N3/M3) -> 0.013521458
B9: start_date | C9: date | E9: start_date | F9: 10 | G9: =IF(I9=J9,"Pass","Fail") -> Pass | H9: =IF(AND(ISBLANK(D9),F9>=0),"Pass",IF(F9<=D9,"Pass","Fail")) -> Pass | I9: =SUBSTITUTE(B9,"_","") -> startdate | J9: =SUBSTITUTE(E9,"_","") -> startdate | L9: % change in file size with respect to previous file | M9: =File_Size_Comparision!F13 -> 0.012654127
B10: end_date | C10: date | E10: end_date | F10: 10 | G10: =IF(I10=J10,"Pass","Fail") -> Pass | H10: =IF(AND(ISBLANK(D10),F10>=0),"Pass",IF(F10<=D10,"Pass","Fail")) -> Pass | I10: =SUBSTITUTE(B10,"_","") -> enddate | J10: =SUBSTITUTE(E10,"_","") -> enddate

Sheet Pharmacy
B1: Client layout | C1: Data Type | D1: Client Length | E1: Extract Layout | F1: Extract Length | G1: Layout Result | H1: Length Result | L1: Extract Total Count | M1: Application Total Count | N1: Difference | O1: Fail
B2: rev_transaction_num | C2: varchar | D2: 80 | E2: rev_transaction_num | F2: 18 | G2: =IF(I2=J2,"Pass","Fail") -> Pass | H2: =IF(AND(ISBLANK(D2),F2>=0),"Pass",IF(F2<=D2,"Pass","Fail")) -> Pass | I2: =SUBSTITUTE(B2,"_","") -> revtransactionnum | J2: =SUBSTITUTE(E2,"_","") -> revtransactionnum | L2: 202165 | M2: 202165 | N2: =L2-M2 -> 0
B3: ins_plan_type_code | C3: varchar | D3: 20 | E3: ins_plan_type_code | F3: 2 | G3: =IF(I3=J3,"Pass","Fail") -> Pass | H3: =IF(AND(ISBLANK(D3),F3>=0),"Pass",IF(F3<=D3,"Pass","Fail")) -> Pass | I3: =SUBSTITUTE(B3,"_","") -> insplantypecode | J3: =SUBSTITUTE(E3,"_","") -> insplantypecode | L3: Prior Count | M3: 196605 | N3: =L2-M3 -> 5560
B4: ins_plan_type_desc | C4: varchar | D4: 255 | E4: ins_plan_type_desc | F4: 5 | G4: =IF(I4=J4,"Pass","Fail") -> Pass | H4: =IF(AND(ISBLANK(D4),F4>=0),"Pass",IF(F4<=D4,"Pass","Fail")) -> Pass | I4: =SUBSTITUTE(B4,"_","") -> insplantypedesc | J4: =SUBSTITUTE(E4,"_","") -> insplantypedesc
B5: mbr_id | C5: varchar | D5: 32 | E5: mbr_id | F5: 32 | G5: =IF(I5=J5,"Pass","Fail") -> Pass | H5: =IF(AND(ISBLANK(D5),F5>=0),"Pass",IF(F5<=D5,"Pass","Fail")) -> Pass | I5: =SUBSTITUTE(B5,"_","") -> mbrid | J5: =SUBSTITUTE(E5,"_","") -> mbrid | L5: Overall | M5: Result
B6: mbr_first_name | C6: varchar | D6: 30 | E6: mbr_first_name | F6: 15 | G6: =IF(I6=J6,"Pass","Fail") -> Pass | H6: =IF(AND(ISBLANK(D6),F6>=0),"Pass",IF(F6<=D6,"Pass","Fail")) -> Pass | I6: =SUBSTITUTE(B6,"_","") -> mbrfirstname | J6: =SUBSTITUTE(E6,"_","") -> mbrfirstname | L6: Layout Result | M6: =IF(ISERROR(VLOOKUP($O$1,$G$2:$G$113,1,)),"Pass","Fail") -> Pass
B7: mbr_middle_name | C7: varchar | D7: 30 | E7: mbr_middle_name | F7: 1 | G7: =IF(I7=J7,"Pass","Fail") -> Pass | H7: =IF(AND(ISBLANK(D7),F7>=0),"Pass",IF(F7<=D7,"Pass","Fail")) -> Pass | I7: =SUBSTITUTE(B7,"_","") -> mbrmiddlename | J7: =SUBSTITUTE(E7,"_","") -> mbrmiddlename | L7: Field Length Result | M7: =IF(ISERROR(VLOOKUP($O$1,$H$2:$H$113,1,)),"Pass","Fail") -> Pass
B8: mbr_last_name | C8: varchar | D8: 30 | E8: mbr_last_name | F8: 20 | G8: =IF(I8=J8,"Pass","Fail") -> Pass | H8: =IF(AND(ISBLANK(D8),F8>=0),"Pass",IF(F8<=D8,"Pass","Fail")) -> Pass | I8: =SUBSTITUTE(B8,"_","") -> mbrlastname | J8: =SUBSTITUTE(E8,"_","") -> mbrlastname | L8: Count Result | M8: =IF(N2=0,"Pass","Fail") -> Pass
B9: mbr_gender | C9: varchar | D9: 2 | E9: mbr_gender | F9: 1 | G9: =IF(I9=J9,"Pass","Fail") -> Pass | H9: =IF(AND(ISBLANK(D9),F9>=0),"Pass",IF(F9<=D9,"Pass","Fail")) -> Pass | I9: =SUBSTITUTE(B9,"_","") -> mbrgender | J9: =SUBSTITUTE(E9,"_","") -> mbrgender | L9: % change in count with respect to previous count | M9: =IF(M3=0,0%,N3/M3) -> 0.028280054
B10: mbr_dob | C10: date | E10: mbr_dob | F10: 10 | G10: =IF(I10=J10,"Pass","Fail") -> Pass | H10: =IF(AND(ISBLANK(D10),F10>=0),"Pass",IF(F10<=D10,"Pass","Fail")) -> Pass | I10: =SUBSTITUTE(B10,"_","") -> mbrdob | J10: =SUBSTITUTE(E10,"_","") -> mbrdob | L10: % change in file size with respect to previous file | M10: =File_Size_Comparision!F14 -> 0.067826219
B11: mbr_city | C11: varchar | D11: 20 | E11: mbr_city | F11: 20 | G11: =IF(I11=J11,"Pass","Fail") -> Pass | H11: =IF(AND(ISBLANK(D11),F11>=0),"Pass",IF(F11<=D11,"Pass","Fail")) -> Pass | I11: =SUBSTITUTE(B11,"_","") -> mbrcity | J11: =SUBSTITUTE(E11,"_","") -> mbrcity
B12: mbr_county | C12: varchar | D12: 20 | E12: mbr_county | F12: 5 | G12: =IF(I12=J12,"Pass","Fail") -> Pass | H12: =IF(AND(ISBLANK(D12),F12>=0),"Pass",IF(F12<=D12,"Pass","Fail")) -> Pass | I12: =SUBSTITUTE(B12,"_","") -> mbrcounty | J12: =SUBSTITUTE(E12,"_","") -> mbrcounty
B13: mbr_zip | C13: varchar | D13: 10 | E13: mbr_zip | F13: 9 | G13: =IF(I13=J13,"Pass","Fail") -> Pass | H13: =IF(AND(ISBLANK(D13),F13>=0),"Pass",IF(F13<=D13,"Pass","Fail")) -> Pass | I13: =SUBSTITUTE(B13,"_","") -> mbrzip | J13: =SUBSTITUTE(E13,"_","") -> mbrzip
B14: mbr_relationship_code | C14: varchar | D14: 5 | E14: mbr_relationship_code | F14: 3 | G14: =IF(I14=J14,"Pass","Fail") -> Pass | H14: =IF(AND(ISBLANK(D14),F14>=0),"Pass",IF(F14<=D14,"Pass","Fail")) -> Pass | I14: =SUBSTITUTE(B14,"_","") -> mbrrelationshipcode | J14: =SUBSTITUTE(E14,"_","") -> mbrrelationshipcode
B15: mbr_relationship_desc | C15: varchar | D15: 42 | E15: mbr_relationship_desc | F15: 42 | G15: =IF(I15=J15,"Pass","Fail") -> Pass | H15: =IF(AND(ISBLANK(D15),F15>=0),"Pass",IF(F15<=D15,"Pass","Fail")) -> Pass | I15: =SUBSTITUTE(B15,"_","") -> mbrrelationshipdesc | J15: =SUBSTITUTE(E15,"_","") -> mbrrelationshipdesc
B16: ins_carrier_id | C16: varchar | D16: 20 | E16: ins_carrier_id | F16: 13 | G16: =IF(I16=J16,"Pass","Fail") -> Pass | H16: =IF(AND(ISBLANK(D16),F16>=0),"Pass",IF(F16<=D16,"Pass","Fail")) -> Pass | I16: =SUBSTITUTE(B16,"_","") -> inscarrierid | J16: =SUBSTITUTE(E16,"_","") -> inscarrierid
B17: ins_carrier_name | C17: varchar | D17: 50 | E17: ins_carrier_name | F17: 43 | G17: =IF(I17=J17,"Pass","Fail") -> Pass | H17: =IF(AND(ISBLANK(D17),F17>=0),"Pass",IF(F17<=D17,"Pass","Fail")) -> Pass | I17: =SUBSTITUTE(B17,"_","") -> inscarriername | J17: =SUBSTITUTE(E17,"_","") -> inscarriername
B18: ins_coverage_type_code | C18: varchar | D18: 20 | E18: ins_coverage_type_code | F18: 2 | G18: =IF(I18=J18,"Pass","Fail") -> Pass | H18: =IF(AND(ISBLANK(D18),F18>=0),"Pass",IF(F18<=D18,"Pass","Fail")) -> Pass | I18: =SUBSTITUTE(B18,"_","") -> inscoveragetypecode | J18: =SUBSTITUTE(E18,"_","") -> inscoveragetypecode
B19: ins_coverage_type_desc | C19: varchar | D19: 50 | E19: ins_coverage_type_desc | F19: 11 | G19: =IF(I19=J19,"Pass","Fail") -> Pass | H19: =IF(AND(ISBLANK(D19),F19>=0),"Pass",IF(F19<=D19,"Pass","Fail")) -> Pass | I19: =SUBSTITUTE(B19,"_","") -> inscoveragetypedesc | J19: =SUBSTITUTE(E19,"_","") -> inscoveragetypedesc
B20: ins_emp_group_id | C20: varchar | D20: 20 | E20: ins_emp_group_id | F20: 15 | G20: =IF(I20=J20,"Pass","Fail") -> Pass | H20: =IF(AND(ISBLANK(D20),F20>=0),"Pass",IF(F20<=D20,"Pass","Fail")) -> Pass | I20: =SUBSTITUTE(B20,"_","") -> insempgroupid | J20: =SUBSTITUTE(E20,"_","") -> insempgroupid
B21: ins_emp_group_name | C21: varchar | D21: 100 | E21: ins_emp_group_name | F21: 15 | G21: =IF(I21=J21,"Pass","Fail") -> Pass | H21: =IF(AND(ISBLANK(D21),F21>=0),"Pass",IF(F21<=D21,"Pass","Fail")) -> Pass | I21: =SUBSTITUTE(B21,"_","") -> insempgroupname | J21: =SUBSTITUTE(E21,"_","") -> insempgroupname
B22: ins_division_id | C22: varchar | D22: 53 | E22: ins_division_id | F22: 53 | G22: =IF(I22=J22,"Pass","Fail") -> Pass | H22: =IF(AND(ISBLANK(D22),F22>=0),"Pass",IF(F22<=D22,"Pass","Fail")) -> Pass | I22: =SUBSTITUTE(B22,"_","") -> insdivisionid | J22: =SUBSTITUTE(E22,"_","") -> insdivisionid
... B35: prv_type_code | C35: varchar | D35: 10 | E35: prv_type_code | F35: 0 | G35: =IF(I35=J35,"Pass","Fail") -> Pass | H35: =IF(AND(ISBLANK(D35),F35>=0),"Pass",IF(F35<=D35,"Pass","Fail")) -> Pass | I35: =SUBSTITUTE(B35,"_","") -> prvtypecode | J35: =SUBSTITUTE(E35,"_","") -> prvtypecode
B36: svc_written_date | C36: date | E36: svc_written_date | F36: 10 | G36: =IF(I36=J36,"Pass","Fail") -> Pass | H36: =IF(AND(ISBLANK(D36),F36>=0),"Pass",IF(F36<=D36,"Pass","Fail")) -> Pass | I36: =SUBSTITUTE(B36,"_","") -> svcwrittendate | J36: =SUBSTITUTE(E36,"_","") -> svcwrittendate
B37: svc_filled_date | C37: date | E37: svc_filled_date | F37: 10 | G37: =IF(I37=J37,"Pass","Fail") -> Pass | H37: =IF(AND(ISBLANK(D37),F37>=0),"Pass",IF(F37<=D37,"Pass","Fail")) -> Pass | I37: =SUBSTITUTE(B37,"_","") -> svcfilleddate | J37: =SUBSTITUTE(E37,"_","") -> svcfilleddate
B38: svc_service_date | C38: date | E38: svc_service_date | F38: 10 | G38: =IF(I38=J38,"Pass","Fail") -> Pass | H38: =IF(AND(ISBLANK(D38),F38>=0),"Pass",IF(F38<=D38,"Pass","Fail")) -> Pass | I38: =SUBSTITUTE(B38,"_","") -> svcservicedate | J38: =SUBSTITUTE(E38,"_","") -> svcservicedate
B39: rev_paid_date | C39: date | E39: rev_paid_date | F39: 10 | G39: =IF(I39=J39,"Pass","Fail") -> Pass | H39: =IF(AND(ISBLANK(D39),F39>=0),"Pass",IF(F39<=D39,"Pass","Fail")) -> Pass | I39: =SUBSTITUTE(B39,"_","") -> revpaiddate | J39: =SUBSTITUTE(E39,"_","") -> revpaiddate
B40: svc_ndc_code | C40: varchar | D40: 14 | E40: svc_ndc_code | F40: 14 | G40: =IF(I40=J40,"Pass","Fail") -> Pass | H40: =IF(AND(ISBLANK(D40),F40>=0),"Pass",IF(F40<=D40,"Pass","Fail")) -> Pass | I40: =SUBSTITUTE(B40,"_","") -> svcndccode | J40: =SUBSTITUTE(E40,"_","") -> svcndccode
B41: svc_ndc_desc | C41: varchar | D41: 256 | E41: svc_ndc_desc | F41: 37 | G41: =IF(I41=J41,"Pass","Fail") -> Pass | H41: =IF(AND(ISBLANK(D41),F41>=0),"Pass",IF(F41<=D41,"Pass","Fail")) -> Pass | I41: =SUBSTITUTE(B41,"_","") -> svcndcdesc | J41: =SUBSTITUTE(E41,"_","") -> svcndcdesc
B42: svc_rx_class_code | C42: varchar | D42: 12 | E42: svc_rx_class_code | F42: 2 | G42: =IF(I42=J42,"Pass","Fail") -> Pass | H42: =IF(AND(ISBLANK(D42),F42>=0),"Pass",IF(F42<=D42,"Pass","Fail")) -> Pass | I42: =SUBSTITUTE(B42,"_","") -> svcrxclasscode | J42: =SUBSTITUTE(E42,"_","") -> svcrxclasscode
B43: svc_rx_class_desc | C43: varchar | D43: 200 | E43: svc_rx_class_desc | F43: 40 | G43: =IF(I43=J43,"Pass","Fail") -> Pass | H43: =IF(AND(ISBLANK(D43),F43>=0),"Pass",IF(F43<=D43,"Pass","Fail")) -> Pass | I43: =SUBSTITUTE(B43,"_","") -> svcrxclassdesc | J43: =SUBSTITUTE(E43,"_","") -> svcrxclassdesc
B44: svc_drug_name | C44: varchar | D44: 200 | E44: svc_drug_name | F44: 30 | G44: =IF(I44=J44,"Pass","Fail") -> Pass | H44: =IF(AND(ISBLANK(D44),F44>=0),"Pass",IF(F44<=D44,"Pass","Fail")) -> Pass | I44: =SUBSTITUTE(B44,"_","") -> svcdrugname | J44: =SUBSTITUTE(E44,"_","") -> svcdrugname
B45: svc_dosage | C45: varchar | D45: 10 | E45: svc_dosage | F45: 10 | G45: =IF(I45=J45,"Pass","Fail") -> Pass | H45: =IF(AND(ISBLANK(D45),F45>=0),"Pass",IF(F45<=D45,"Pass","Fail")) -> Pass | I45: =SUBSTITUTE(B45,"_","") -> svcdosage | J45: =SUBSTITUTE(E45,"_","") -> svcdosage
B46: svc_drug_strength | C46: varchar | D46: 100 | E46: svc_drug_strength | F46: 60 | G46: =IF(I46=J46,"Pass","Fail") -> Pass | H46: =IF(AND(ISBLANK(D46),F46>=0),"Pass",IF(F46<=D46,"Pass","Fail")) -> Pass | I46: =SUBSTITUTE(B46,"_","") -> svcdrugstrength | J46: =SUBSTITUTE(E46,"_","") -> svcdrugstrength
B47: svc_unit_qty | C47: int | E47: svc_unit_qty | F47: 5 | G47: =IF(I47=J47,"Pass","Fail") -> Pass | H47: =IF(AND(ISBLANK(D47),F47>=0),"Pass",IF(F47<=D47,"Pass","Fail")) -> Pass | I47: =SUBSTITUTE(B47,"_","") -> svcunitqty | J47: =SUBSTITUTE(E47,"_","") -> svcunitqty
B48: svc_days_of_supply | C48: int | E48: svc_days_of_supply | F48: 5 | G48: =IF(I48=J48,"Pass","Fail") -> Pass | H48: =IF(AND(ISBLANK(D48),F48>=0),"Pass",IF(F48<=D48,"Pass","Fail")) -> Pass | I48: =SUBSTITUTE(B48,"_","") -> svcdaysofsupply | J48: =SUBSTITUTE(E48,"_","") -> svcdaysofsupply
B49: svc_label_name | C49: varchar | D49: 200 | E49: svc_label_name | F49: 30 | G49: =IF(I49=J49,"Pass","Fail") -> Pass | H49: =IF(AND(ISBLANK(D49),F49>=0),"Pass",IF(F49<=D49,"Pass","Fail")) -> Pass | I49: =SUBSTITUTE(B49,"_","") -> svclabelname | J49: =SUBSTITUTE(E49,"_","") -> svclabelname
B50: svc_formulary_plan_code | C50: varchar | D50: 10 | E50: svc_formulary_plan_code | F50: 0 | G50: =IF(I50=J50,"Pass","Fail") -> Pass | H50: =IF(AND(ISBLANK(D50),F50>=0),"Pass",IF(F50<=D50,"Pass","Fail")) -> Pass | I50: =SUBSTITUTE(B50,"_","") -> svcformularyplancode | J50: =SUBSTITUTE(E50,"_","") -> svcformularyplancode
B51: svc_formulary_flag | C51: varchar | D51: 1 | E51: svc_formulary_flag | F51: 1 | G51: =IF(I51=J51,"Pass","Fail") -> Pass | H51: =IF(AND(ISBLANK(D51),F51>=0),"Pass",IF(F51<=D51,"Pass","Fail")) -> Pass | I51: =SUBSTITUTE(B51,"_","") -> svcformularyflag | J51: =SUBSTITUTE(E51,"_","") -> svcformularyflag
B52: svc_generic_flag | C52: varchar | D52: 1 | E52: svc_generic_flag | F52: 1 | G52: =IF(I52=J52,"Pass","Fail") -> Pass | H52: =IF(AND(ISBLANK(D52),F52>=0),"Pass",IF(F52<=D52,"Pass","Fail")) -> Pass | I52: =SUBSTITUTE(B52,"_","") -> svcgenericflag | J52: =SUBSTITUTE(E52,"_","") -> svcgenericflag
B53: svc_mail_order_flag | C53: varchar | D53: 1 | E53: svc_mail_order_flag | F53: 1 | G53: =IF(I53=J53,"Pass","Fail") -> Pass | H53: =IF(AND(ISBLANK(D53),F53>=0),"Pass",IF(F53<=D53,"Pass","Fail")) -> Pass | I53: =SUBSTITUTE(B53,"_","") -> svcmailorderflag | J53: =SUBSTITUTE(E53,"_","") -> svcmailorderflag
B54: svc_refill_qty | C54: int | E54: svc_refill_qty | F54: 2 | G54: =IF(I54=J54,"Pass","Fail") -> Pass | H54: =IF(AND(ISBLANK(D54),F54>=0),"Pass",IF(F54<=D54,"Pass","Fail")) -> Pass | I54: =SUBSTITUTE(B54,"_","") -> svcrefillqty | J54: =SUBSTITUTE(E54,"_","") -> svcrefillqty
B55: svc_refill_allowed | C55: int | E55: svc_refill_allowed | F55: 2 | G55: =IF(I55=J55,"Pass","Fail") -> Pass | H55: =IF(AND(ISBLANK(D55),F55>=0),"Pass",IF(F55<=D55,"Pass","Fail")) -> Pass | I55: =SUBSTITUTE(B55,"_","") -> svcrefillallowed | J55: =SUBSTITUTE(E55,"_","") -> svcrefillallowed
B56: svc_counter_allow | C56: int | E56: svc_counter_allow | F56: 0 | G56: =IF(I56=J56,"Pass","Fail") -> Pass | H56: =IF(AND(ISBLANK(D56),F56>=0),"Pass",IF(F56<=D56,"Pass","Fail")) -> Pass | I56: =SUBSTITUTE(B56,"_","") -> svccounterallow | J56: =SUBSTITUTE(E56,"_","") -> svccounterallow
B57: svc_daw_code | C57: varchar | D57: 10 | E57: svc_daw_code | F57: 1 | G57: =IF(I57=J57,"Pass","Fail") -> Pass | H57: =IF(AND(ISBLANK(D57),F57>=0),"Pass",IF(F57<=D57,"Pass","Fail")) -> Pass | I57: =SUBSTITUTE(B57,"_","") -> svcdawcode | J57: =SUBSTITUTE(E57,"_","") -> svcdawcode
B58: svc_daw_desc | C58: varchar | D58: 70 | E58: svc_daw_desc | F58: 70 | G58: =IF(I58=J58,"Pass","Fail") -> Pass | H58: =IF(AND(ISBLANK(D58),F58>=0),"Pass",IF(F58<=D58,"Pass","Fail")) -> Pass | I58: =SUBSTITUTE(B58,"_","") -> svcdawdesc | J58: =SUBSTITUTE(E58,"_","") -> svcdawdesc
B59: rev_allowed_amt | C59: numeric | D59: 19,2 | E59: rev_allowed_amt | F59: 19 | G59: =IF(I59=J59,"Pass","Fail") -> Pass | H59: =IF(AND(ISBLANK(D59),F59>=0),"Pass",IF(F59<=D59,"Pass","Fail")) -> Pass | I59: =SUBSTITUTE(B59,"_","") -> revallowedamt | J59: =SUBSTITUTE(E59,"_","") -> revallowedamt
B60: rev_billed_amt | C60: numeric | D60: 19,2 | E60: rev_billed_amt | F60: 19 | G60: =IF(I60=J60,"Pass","Fail") -> Pass | H60: =IF(AND(ISBLANK(D60),F60>=0),"Pass",IF(F60<=D60,"Pass","Fail")) -> Pass | I60: =SUBSTITUTE(B60,"_","") -> revbilledamt | J60: =SUBSTITUTE(E60,"_","") -> revbilledamt
B61: rev_coinsurance_amt | C61: numeric | D61: 19,2 | E61: rev_coinsurance_amt | F61: 7 | G61: =IF(I61=J61,"Pass","Fail") -> Pass | H61: =IF(AND(ISBLANK(D61),F61>=0),"Pass",IF(F61<=D61,"Pass","Fail")) -> Pass | I61: =SUBSTITUTE(B61,"_","") -> revcoinsuranceamt | J61: =SUBSTITUTE(E61,"_","") -> revcoinsuranceamt
B62: rev_copay_amt | C62: numeric | D62: 19,2 | E62: rev_copay_amt | F62: 8 | G62: =IF(I62=J62,"Pass","Fail") -> Pass | H62: =IF(AND(ISBLANK(D62),F62>=0),"Pass",IF(F62<=D62,"Pass","Fail")) -> Pass | I62: =SUBSTITUTE(B62,"_","") -> revcopayamt | J62: =SUBSTITUTE(E62,"_","") -> revcopayamt
B63: rev_deductible_amt | C63: numeric | D63: 19,2 | E63: rev_deductible_amt | F63: 8 | G63: =IF(I63=J63,"Pass","Fail") -> Pass | H63: =IF(AND(ISBLANK(D63),F63>=0),"Pass",IF(F63<=D63,"Pass","Fail")) -> Pass | I63: =SUBSTITUTE(B63,"_","") -> revdeductibleamt | J63: =SUBSTITUTE(E63,"_","") -> revdeductibleamt
B64: rev_disp_fee_amt | C64: numeric | D64: 19,2 | E64: rev_disp_fee_amt | F64: 6 | G64: =IF(I64=J64,"Pass","Fail") -> Pass | H64: =IF(AND(ISBLANK(D64),F64>=0),"Pass",IF(F64<=D64,"Pass","Fail")) -> Pass | I64: =SUBSTITUTE(B64,"_","") -> revdispfeeamt | J64: =SUBSTITUTE(E64,"_","") -> revdispfeeamt
B65: rev_ingred_cost_amt | C65: numeric | D65: 19,2 | E65: rev_ingred_cost_amt | F65: 8 | G65: =IF(I65=J65,"Pass","Fail") -> Pass | H65: =IF(AND(ISBLANK(D65),F65>=0),"Pass",IF(F65<=D65,"Pass","Fail")) -> Pass | I65: =SUBSTITUTE(B65,"_","") -> revingredcostamt | J65: =SUBSTITUTE(E65,"_","") -> revingredcostamt
B66: rev_stax_amt | C66: numeric | D66: 19,2 | E66: rev_stax_amt | F66: 6 | G66: =IF(I66=J66,"Pass","Fail") -> Pass | H66: =IF(AND(ISBLANK(D66),F66>=0),"Pass",IF(F66<=D66,"Pass","Fail")) -> Pass | I66: =SUBSTITUTE(B66,"_","") -> revstaxamt | J66: =SUBSTITUTE(E66,"_","") -> revstaxamt
B67: rev_usual_cust_amt | C67: numeric | D67: 19,2 | E67: rev_usual_cust_amt | F67: 8 | G67: =IF(I67=J67,"Pass","Fail") -> Pass | H67: =IF(AND(ISBLANK(D67),F67>=0),"Pass",IF(F67<=D67,"Pass","Fail")) -> Pass | I67: =SUBSTITUTE(B67,"_","") -> revusualcustamt | J67: =SUBSTITUTE(E67,"_","") -> revusualcustamt
B68: rev_paid_amt | C68: numeric | D68: 19,2 | E68: rev_paid_amt | F68: 8 | G68: =IF(I68=J68,"Pass","Fail") -> Pass | H68: =IF(AND(ISBLANK(D68),F68>=0),"Pass",IF(F68<=D68,"Pass","Fail")) -> Pass | I68: =SUBSTITUTE(B68,"_","") -> revpaidamt | J68: =SUBSTITUTE(E68,"_","") -> revpaidamt
B69: rev_adjudication_code | C69: varchar | D69: 8 | E69: rev_adjudication_code | F69: 2 | G69: =IF(I69=J69,"Pass","Fail") -> Pass | H69: =IF(AND(ISBLANK(D69),F69>=0),"Pass",IF(F69<=D69,"Pass","Fail")) -> Pass | I69: =SUBSTITUTE(B69,"_","") -> revadjudicationcode | J69: =SUBSTITUTE(E69,"_","") -> revadjudicationcode
B70: rev_adjudication_desc | C70: varchar | D70: 50 | E70: rev_adjudication_desc | F70: 10 | G70: =IF(I70=J70,"Pass","Fail") -> Pass | H70: =IF(AND(ISBLANK(D70),F70>=0),"Pass",IF(F70<=D70,"Pass","Fail")) -> Pass | I70: =SUBSTITUTE(B70,"_","") -> revadjudicationdesc | J70: =SUBSTITUTE(E70,"_","") -> revadjudicationdesc
B71: udf1 | C71: varchar | D71: 100 | E71: udf1 | F71: 3 | G71: =IF(I71=J71,"Pass","Fail") -> Pass | H71: =IF(AND(ISBLANK(D71),F71>=0),"Pass",IF(F71<=D71,"Pass","Fail")) -> Pass | I71: =SUBSTITUTE(B71,"_","") -> udf1 | J71: =SUBSTITUTE(E71,"_","") -> udf1
B72: udf2 | C72: varchar | D72: 100 | E72: udf2 | F72: 0 | G72: =IF(I72=J72,"Pass","Fail") -> Pass | H72: =IF(AND(ISBLANK(D72),F72>=0),"Pass",IF(F72<=D72,"Pass","Fail")) -> Pass | I72: =SUBSTITUTE(B72,"_","") -> udf2 | J72: =SUBSTITUTE(E72,"_","") -> udf2
B73: udf3 | C73: varchar | D73: 100 | E73: udf3 | F73: 0 | G73: =IF(I73=J73,"Pass","Fail") -> Pass | H73: =IF(AND(ISBLANK(D73),F73>=0),"Pass",IF(F73<=D73,"Pass","Fail")) -> Pass | I73: =SUBSTITUTE(B73,"_","") -> udf3 | J73: =SUBSTITUTE(E73,"_","") -> udf3
B74: udf4 | C74: varchar | D74: 100 | E74: udf4 | F74: 0 | G74: =IF(I74=J74,"Pass","Fail") -> Pass | H74: =IF(AND(ISBLANK(D74),F74>=0),"Pass",IF(F74<=D74,"Pass","Fail")) -> Pass | I74: =SUBSTITUTE(B74,"_","") -> udf4 | J74: =SUBSTITUTE(E74,"_","") -> udf4
B75: udf5 | C75: varchar | D75: 100 | E75: udf5 | F75: 0 | G75: =IF(I75=J75,"Pass","Fail") -> Pass | H75: =IF(AND(ISBLANK(D75),F75>=0),"Pass",IF(F75<=D75,"Pass","Fail")) -> Pass | I75: =SUBSTITUTE(B75,"_","") -> udf5 | J75: =SUBSTITUTE(E75,"_","") -> udf5
B76: udf6 | C76: varchar | D76: 100 | E76: udf6 | F76: 0 | G76: =IF(I76=J76,"Pass","Fail") -> Pass | H76: =IF(AND(ISBLANK(D76),F76>=0),"Pass",IF(F76<=D76,"Pass","Fail")) -> Pass | I76: =SUBSTITUTE(B76,"_","") -> udf6 | J76: =SUBSTITUTE(E76,"_","") -> udf6
B77: udf7 | C77: varchar | D77: 100 | E77: udf7 | F77: 0 | G77: =IF(I77=J77,"Pass","Fail") -> Pass | H77: =IF(AND(ISBLANK(D77),F77>=0),"Pass",IF(F77<=D77,"Pass","Fail")) -> Pass | I77: =SUBSTITUTE(B77,"_","") -> udf7 | J77: =SUBSTITUTE(E77,"_","") -> udf7
B78: udf8 | C78: varchar | D78: 100 | E78: udf8 | F78: 0 | G78: =IF(I78=J78,"Pass","Fail") -> Pass | H78: =IF(AND(ISBLANK(D78),F78>=0),"Pass",IF(F78<=D78,"Pass","Fail")) -> Pass | I78: =SUBSTITUTE(B78,"_","") -> udf8 | J78: =SUBSTITUTE(E78,"_","") -> udf8
B79: udf9 | C79: varchar | D79: 100 | E79: udf9 | F79: 0 | G79: =IF(I79=J79,"Pass","Fail") -> Pass | H79: =IF(AND(ISBLANK(D79),F79>=0),"Pass",IF(F79<=D79,"Pass","Fail")) -> Pass | I79: =SUBSTITUTE(B79,"_","") -> udf9 | J79: =SUBSTITUTE(E79,"_","") -> udf9
B80: udf10 | C80: varchar | D80: 100 | E80: udf10 | F80: 0 | G80: =IF(I80=J80,"Pass","Fail") -> Pass | H80: =IF(AND(ISBLANK(D80),F80>=0),"Pass",IF(F80<=D80,"Pass","Fail")) -> Pass | I80: =SUBSTITUTE(B80,"_","") -> udf10 | J80: =SUBSTITUTE(E80,"_","") -> udf10
... B113: udf40 | C113: varchar | D113: 100 | E113: udf40 | F113: 0 | G113: =IF(I113=J113,"Pass","Fail") -> Pass | H113: =IF(AND(ISBLANK(D113),F113>=0),"Pass",IF(F113<=D113,"Pass","Fail")) -> Pass | I113: =SUBSTITUTE(B113,"_","") -> udf40 | J113: =SUBSTITUTE(E113,"_","") -> udf40

Sheet Quality_Metrics
B1: Client layout | C1: Data Type | D1: Client Length | E1: Extract Layout | F1: Extract Length | G1: Layout Result | H1: Length Result | O1: Fail
B2: dw_record_id | C2: int | E2: dw_record_id | F2: 6 | G2: =IF(I2=J2,"Pass","Fail") -> Pass | H2: =IF(AND(ISBLANK(D2),F2>=0),"Pass",IF(F2<=D2,"Pass","Fail")) -> Pass | I2: =SUBSTITUTE(B2,"_","") -> dwrecordid | J2: =SUBSTITUTE(E2,"_","") -> dwrecordid | L2: Current Extract Count | M2: Previous Extract Count | N2: Difference
B3: dw_member_id | C3: varchar | D3: 50 | E3: dw_member_id | F3: 32 | G3: =IF(I3=J3,"Pass","Fail") -> Pass | H3: =IF(AND(ISBLANK(D3),F3>=0),"Pass",IF(F3<=D3,"Pass","Fail")) -> Pass | I3: =SUBSTITUTE(B3,"_","") -> dwmemberid | J3: =SUBSTITUTE(E3,"_","") -> dwmemberid | L3: 230786 | M3: 228136 | N3: =L3-M3 -> 2650
B4: memberFirstName | C4: varchar | D4: 30 | E4: memberFirstName | F4: 15 | G4: =IF(I4=J4,"Pass","Fail") -> Pass | H4: =IF(AND(ISBLANK(D4),F4>=0),"Pass",IF(F4<=D4,"Pass","Fail")) -> Pass | I4: =SUBSTITUTE(B4,"_","") -> memberFirstName | J4: =SUBSTITUTE(E4,"_","") -> memberFirstName
B5: memberLastName | C5: varchar | D5: 30 | E5: memberLastName | F5: 26 | G5: =IF(I5=J5,"Pass","Fail") -> Pass | H5: =IF(AND(ISBLANK(D5),F5>=0),"Pass",IF(F5<=D5,"Pass","Fail")) -> Pass | I5: =SUBSTITUTE(B5,"_","") -> memberLastName | J5: =SUBSTITUTE(E5,"_","") -> memberLastName | L5: Overall | M5: Result
B6: memberGender | C6: varchar | D6: 5 | E6: memberGender | F6: 1 | G6: =IF(I6=J6,"Pass","Fail") -> Pass | H6: =IF(AND(ISBLANK(D6),F6>=0),"Pass",IF(F6<=D6,"Pass","Fail")) -> Pass | I6: =SUBSTITUTE(B6,"_","") -> memberGender | J6: =SUBSTITUTE(E6,"_","") -> memberGender | L6: Layout Result | M6: =IF(ISERROR(VLOOKUP($O$1,$G$2:$G$15,1,)),"Pass","Fail") -> Pass
B7: memberDOB | C7: date | E7: memberDOB | F7: 10 | G7: =IF(I7=J7,"Pass","Fail") -> Pass | H7: =IF(AND(ISBLANK(D7),F7>=0),"Pass",IF(F7<=D7,"Pass","Fail")) -> Pass | I7: =SUBSTITUTE(B7,"_","") -> memberDOB | J7: =SUBSTITUTE(E7,"_","") -> memberDOB | L7: Field Length Result | M7: =IF(ISERROR(VLOOKUP($O$1,$H$2:$H$15,1,)),"Pass","Fail") -> Pass
B8: measureId | C8: varchar | D8: 50 | E8: measureId | F8: 4 | G8: =IF(I8=J8,"Pass","Fail") -> Pass | H8: =IF(AND(ISBLANK(D8),F8>=0),"Pass",IF(F8<=D8,"Pass","Fail")) -> Pass | I8: =SUBSTITUTE(B8,"_","") -> measureId | J8: =SUBSTITUTE(E8,"_","") -> measureId | L8: % change in count with respect to previous count | M8: =IF(M3=0,0%,N3/M3) -> 0.011615878
B9: measureDesc | C9: varchar | D9: 200 | E9: measureDesc | F9: 108 | G9: =IF(I9=J9,"Pass","Fail") -> Pass | H9: =IF(AND(ISBLANK(D9),F9>=0),"Pass",IF(F9<=D9,"Pass","Fail")) -> Pass | I9: =SUBSTITUTE(B9,"_","") -> measureDesc | J9: =SUBSTITUTE(E9,"_","") -> measureDesc | L9: % change in file size with respect to previous file | M9: =File_Size_Comparision!F15 -> 0.011701857
B10: Positive/Negative | C10: varchar | D10: 50 | E10: Positive/Negative | F10: 1 | G10: =IF(I10=J10,"Pass","Fail") -> Pass | H10: =IF(AND(ISBLANK(D10),F10>=0),"Pass",IF(F10<=D10,"Pass","Fail")) -> Pass | I10: =SUBSTITUTE(B10,"_","") -> Positive/Negative | J10: =SUBSTITUTE(E10,"_","") -> Positive/Negative
B11: measureName | C11: varchar | D11: 200 | E11: measureName | F11: 55 | G11: =IF(I11=J11,"Pass","Fail") -> Pass | H11: =IF(AND(ISBLANK(D11),F11>=0),"Pass",IF(F11<=D11,"Pass","Fail")) -> Pass | I11: =SUBSTITUTE(B11,"_","") -> measureName | J11: =SUBSTITUTE(E11,"_","") -> measureName
B12: startDate | C12: date | E12: startDate | F12: 10 | G12: =IF(I12=J12,"Pass","Fail") -> Pass | H12: =IF(AND(ISBLANK(D12),F12>=0),"Pass",IF(F12<=D12,"Pass","Fail")) -> Pass | I12: =SUBSTITUTE(B12,"_","") -> startDate | J12: =SUBSTITUTE(E12,"_","") -> startDate
B13: EndDate | C13: date | E13: EndDate | F13: 10 | G13: =IF(I13=J13,"Pass","Fail") -> Pass | H13: =IF(AND(ISBLANK(D13),F13>=0),"Pass",IF(F13<=D13,"Pass","Fail")) -> Pass | I13: =SUBSTITUTE(B13,"_","") -> EndDate | J13: =SUBSTITUTE(E13,"_","") -> EndDate
B14: numerator | C14: varchar | D14: 1 | E14: numerator | F14: 1 | G14: =IF(I14=J14,"Pass","Fail") -> Pass | H14: =IF(AND(ISBLANK(D14),F14>=0),"Pass",IF(F14<=D14,"Pass","Fail")) -> Pass | I14: =SUBSTITUTE(B14,"_","") -> numerator | J14: =SUBSTITUTE(E14,"_","") -> numerator
B15: denomenator | C15: varchar | D15: 1 | E15: denomenator | F15: 1 | G15: =IF(I15=J15,"Pass","Fail") -> Pass | H15: =IF(AND(ISBLANK(D15),F15>=0),"Pass",IF(F15<=D15,"Pass","Fail")) -> Pass | I15: =SUBSTITUTE(B15,"_","") -> denomenator | J15: =SUBSTITUTE(E15,"_","") -> denomenator

Sheet Scores
B1: Client layout | C1: Data Type | D1: Client Length | E1: Extract Layout | F1: Extract Length | G1: Layout Result | H1: Length Result | O1: Fail
B2: dw_record_id | C2: int | E2: dw_record_id | F2: 4 | G2: =IF(I2=J2,"Pass","Fail") -> Pass | H2: =IF(AND(ISBLANK(D2),F2>=0),"Pass",IF(F2<=D2,"Pass","Fail")) -> Pass | I2: =SUBSTITUTE(B2,"_","") -> dwrecordid | J2: =SUBSTITUTE(E2,"_","") -> dwrecordid | L2: Current Extract Count | M2: Previous Extract Count | N2: Difference
B3: dw_account_id | C3: varchar | D3: 50 | E3: dw_account_id | F3: 0 | G3: =IF(I3=J3,"Pass","Fail") -> Pass | H3: =IF(AND(ISBLANK(D3),F3>=0),"Pass",IF(F3<=D3,"Pass","Fail")) -> Pass | I3: =SUBSTITUTE(B3,"_","") -> dwaccountid | J3: =SUBSTITUTE(E3,"_","") -> dwaccountid | L3: 8469 | M3: 8465 | N3: =L3-M3 -> 4
B4: dw_client_id | C4: varchar | D4: 50 | E4: dw_client_id | F4: 8 | G4: =IF(I4=J4,"Pass","Fail") -> Pass | H4: =IF(AND(ISBLANK(D4),F4>=0),"Pass",IF(F4<=D4,"Pass","Fail")) -> Pass | I4: =SUBSTITUTE(B4,"_","") -> dwclientid | J4: =SUBSTITUTE(E4,"_","") -> dwclientid
B5: dw_member_id | C5: varchar | D5: 50 | E5: dw_member_id | F5: 32 | G5: =IF(I5=J5,"Pass","Fail") -> Pass | H5: =IF(AND(ISBLANK(D5),F5>=0),"Pass",IF(F5<=D5,"Pass","Fail")) -> Pass | I5: =SUBSTITUTE(B5,"_","") -> dwmemberid | J5: =SUBSTITUTE(E5,"_","") -> dwmemberid | L5: Overall | M5: Result
B6: mbr_id | C6: varchar | D6: 25 | E6: mbr_id | F6: 25 | G6: =IF(I6=J6,"Pass","Fail") -> Pass | H6: =IF(AND(ISBLANK(D6),F6>=0),"Pass",IF(F6<=D6,"Pass","Fail")) -> Pass | I6: =SUBSTITUTE(B6,"_","") -> mbrid | J6: =SUBSTITUTE(E6,"_","") -> mbrid | L6: Layout Result | M6: =IF(ISERROR(VLOOKUP($O$1,$G$2:$G$26,1,)),"Pass","Fail") -> Pass
B7: score_type | C7: varchar | D7: 50 | E7: score_type | F7: 0 | G7: =IF(I7=J7,"Pass","Fail") -> Pass | H7: =IF(AND(ISBLANK(D7),F7>=0),"Pass",IF(F7<=D7,"Pass","Fail")) -> Pass | I7: =SUBSTITUTE(B7,"_","") -> scoretype | J7: =SUBSTITUTE(E7,"_","") -> scoretype | L7: Field Length Result | M7: =IF(ISERROR(VLOOKUP($O$1,$H$2:$H$26,1,)),"Pass","Fail") -> Pass
B8: score_start_date | C8: date | E8: score_start_date | F8: 10 | G8: =IF(I8=J8,"Pass","Fail") -> Pass | H8: =IF(AND(ISBLANK(D8),F8>=0),"Pass",IF(F8<=D8,"Pass","Fail")) -> Pass | I8: =SUBSTITUTE(B8,"_","") -> scorestartdate | J8: =SUBSTITUTE(E8,"_","") -> scorestartdate | L8: % change in count with respect to previous count | M8: =IF(M3=0,0%,N3/M3) -> 0.00047253396
B9: score_end_date | C9: date | E9: score_end_date | F9: 10 | G9: =IF(I9=J9,"Pass","Fail") -> Pass | H9: =IF(AND(ISBLANK(D9),F9>=0),"Pass",IF(F9<=D9,"Pass","Fail")) -> Pass | I9: =SUBSTITUTE(B9,"_","") -> scoreenddate | J9: =SUBSTITUTE(E9,"_","") -> scoreenddate | L9: % change in file size with respect to previous file | M9: =File_Size_Comparision!F16 -> 0
B10: ip_score | C10: varchar | D10: 50 | E10: ip_score | F10: 5 | G10: =IF(I10=J10,"Pass","Fail") -> Pass | H10: =IF(AND(ISBLANK(D10),F10>=0),"Pass",IF(F10<=D10,"Pass","Fail")) -> Pass | I10: =SUBSTITUTE(B10,"_","") -> ipscore | J10: =SUBSTITUTE(E10,"_","") -> ipscore
B11: op_score | C11: varchar | D11: 50 | E11: op_score | F11: 5 | G11: =IF(I11=J11,"Pass","Fail") -> Pass | H11: =IF(AND(ISBLANK(D11),F11>=0),"Pass",IF(F11<=D11,"Pass","Fail")) -> Pass | I11: =SUBSTITUTE(B11,"_","") -> opscore | J11: =SUBSTITUTE(E11,"_","") -> opscore
B12: phy_score | C12: varchar | D12: 50 | E12: phy_score | F12: 4 | G12: =IF(I12=J12,"Pass","Fail") -> Pass | H12: =IF(AND(ISBLANK(D12),F12>=0),"Pass",IF(F12<=D12,"Pass","Fail")) -> Pass | I12: =SUBSTITUTE(B12,"_","") -> physcore | J12: =SUBSTITUTE(E12,"_","") -> physcore
B13: rx_score | C13: varchar | D13: 50 | E13: rx_score | F13: 5 | G13: =IF(I13=J13,"Pass","Fail") -> Pass | H13: =IF(AND(ISBLANK(D13),F13>=0),"Pass",IF(F13<=D13,"Pass","Fail")) -> Pass | I13: =SUBSTITUTE(B13,"_","") -> rxscore | J13: =SUBSTITUTE(E13,"_","") -> rxscore
B14: med_score | C14: varchar | D14: 50 | E14: med_score | F14: 5 | G14: =IF(I14=J14,"Pass","Fail") -> Pass | H14: =IF(AND(ISBLANK(D14),F14>=0),"Pass",IF(F14<=D14,"Pass","Fail")) -> Pass | I14: =SUBSTITUTE(B14,"_","") -> medscore | J14: =SUBSTITUTE(E14,"_","") -> medscore
B15: total_score | C15: varchar | D15: 50 | E15: total_score | F15: 5 | G15: =IF(I15=J15,"Pass","Fail") -> Pass | H15: =IF(AND(ISBLANK(D15),F15>=0),"Pass",IF(F15<=D15,"Pass","Fail")) -> Pass | I15: =SUBSTITUTE(B15,"_","") -> totalscore | J15: =SUBSTITUTE(E15,"_","") -> totalscore
B16: concurrent_total | C16: varchar | D16: 50 | E16: concurrent_total | F16: 5 | G16: =IF(I16=J16,"Pass","Fail") -> Pass | H16: =IF(AND(ISBLANK(D16),F16>=0),"Pass",IF(F16<=D16,"Pass","Fail")) -> Pass | I16: =SUBSTITUTE(B16,"_","") -> concurrenttotal | J16: =SUBSTITUTE(E16,"_","") -> concurrenttotal
B17: erScore | C17: varchar | D17: 50 | E17: erScore | F17: 4 | G17: =IF(I17=J17,"Pass","Fail") -> Pass | H17: =IF(AND(ISBLANK(D17),F17>=0),"Pass",IF(F17<=D17,"Pass","Fail")) -> Pass | I17: =SUBSTITUTE(B17,"_","") -> erScore | J17: =SUBSTITUTE(E17,"_","") -> erScore
B18: otherScore | C18: varchar | D18: 50 | E18: otherScore | F18: 4 | G18: =IF(I18=J18,"Pass","Fail") -> Pass | H18: =IF(AND(ISBLANK(D18),F18>=0),"Pass",IF(F18<=D18,"Pass","Fail")) -> Pass | I18: =SUBSTITUTE(B18,"_","") -> otherScore | J18: =SUBSTITUTE(E18,"_","") -> otherScore
B19: concurrentInpatient | C19: varchar | D19: 50 | E19: concurrentInpatient | F19: 5 | G19: =IF(I19=J19,"Pass","Fail") -> Pass | H19: =IF(AND(ISBLANK(D19),F19>=0),"Pass",IF(F19<=D19,"Pass","Fail")) -> Pass | I19: =SUBSTITUTE(B19,"_","") -> concurrentInpatient | J19: =SUBSTITUTE(E19,"_","") -> concurrentInpatient
B20: concurrentMedical | C20: varchar | D20: 50 | E20: concurrentMedical | F20: 5 | G20: =IF(I20=J20,"Pass","Fail") -> Pass | H20: =IF(AND(ISBLANK(D20),F20>=0),"Pass",IF(F20<=D20,"Pass","Fail")) -> Pass | I20: =SUBSTITUTE(B20,"_","") -> concurrentMedical | J20: =SUBSTITUTE(E20,"_","") -> concurrentMedical
B21: concurrentOutpatient | C21: varchar | D21: 50 | E21: concurrentOutpatient | F21: 5 | G21: =IF(I21=J21,"Pass","Fail") -> Pass | H21: =IF(AND(ISBLANK(D21),F21>=0),"Pass",IF(F21<=D21,"Pass","Fail")) -> Pass | I21: =SUBSTITUTE(B21,"_","") -> concurrentOutpatient | J21: =SUBSTITUTE(E21,"_","") -> concurrentOutpatient
... B26: concurrentPhyNormalizedToGroup | C26: varchar | D26: 50 | E26: concurrentPhyNormalizedToGroup | F26: 4 | G26: =IF(I26=J26,"Pass","Fail") -> Pass | H26: =IF(AND(ISBLANK(D26),F26>=0),"Pass",IF(F26<=D26,"Pass","Fail")) -> Pass | I26: =SUBSTITUTE(B26,"_","") -> concurrentPhyNormalizedToGroup | J26: =SUBSTITUTE(E26,"_","") -> concurrentPhyNormalizedToGroup

Sheet Scores_With_Historicals
B1: Client layout | C1: Data Type | D1: Client Length | E1: Extract Layout | F1: Extract Length | G1: Layout Result | H1: Length Result
B2: dw_record_id | C2: varchar | D2: 20 | E2: dw_record_id | F2: 6 | G2: =IF(I2=J2,"Pass","Fail") -> Pass | H2: =IF(AND(ISBLANK(D2),F2>=0),"Pass",IF(F2<=D2,"Pass","Fail")) -> Pass | I2: =SUBSTITUTE(B2,"_","") -> dwrecordid | J2: =SUBSTITUTE(E2,"_","") -> dwrecordid | L2: Current Extract Count | M2: Previous Extract Count | N2: Difference
B3: dw_account_id | C3: varchar | D3: 20 | E3: dw_account_id | F3: 0 | G3: =IF(I3=J3,"Pass","Fail") -> Pass | H3: =IF(AND(ISBLANK(D3),F3>=0),"Pass",IF(F3<=D3,"Pass","Fail")) -> Pass | I3: =SUBSTITUTE(B3,"_","") -> dwaccountid | J3: =SUBSTITUTE(E3,"_","") -> dwaccountid | L3: 139066 | N3: =L3-M3 -> 139066
