Workbook

Sheet Test_Summary
B1: Test Case Revision History
B2: Date | C2: Version | D2: Description | E2: Author | F2: Reviewer/s | G2: Remarks
B3: 42418 | C3: 1.0 | E3: RaghuP
B4: 42425 | C4: 1.1 | D4: Overall Result Auto Display function added. | E4: RaghuP
B5: 42578 | C5: 1.2 | D5: Previous Extract and Current Count section added in each tab | E5: RaghuP
B6: 42587 | C6: 1.3 | D6: Count Verification between extract and application added in each tab | E6: RaghuP
B8: Test Case Execution History
B9: Start Date | C9: End Date | D9: Test Environment | E9: Tester | F9: Overall Result | G9: Remarks
B10: 42793 | C10: 42793 | D10: UAT | E10: SubinV | F10: Partially Pass
B12: Test Case Summary Results
B13: Test Case ID | C13: Summary | G13: Test Result
B14: EX01 | C14: Verify file size | G14: =File_Size_Comparision!L2 -> Fail
B15: EX02 | C15: Verify Care_Alerts layout | G15: =Care_Alerts!M5 -> Pass
B16: EX03 | C16: Verify Care_Alerts field length | G16: =Care_Alerts!M6 -> Pass
B17: EX04 | C17: Verify Demographics layout | G17: =Demographics!M5 -> Pass
B18: EX05 | C18: Verify Demographics field length | G18: =Demographics!M6 -> Pass
B19: EX06 | C19: Verify Eligibility layout | G19: =Eligibility!M6 -> Pass
B20: EX07 | C20: Verify Eligibility field length | G20: =Eligibility!M7 -> Pass
B21: EX08 | C21: Verify Eligibility count between application and extract | G21: =Eligibility!M8 -> Pass
B22: EX09 | C22: Verify High_Cost layout | G22: =High_Cost!M5 -> Pass
B23: EX10 | C23: Verify High_Cost field length | G23: =High_Cost!M6 -> Pass
B24: EX11 | C24: Verify Historical_Scores layout | G24: =Historical_Scores!M6 -> Pass
B25: EX12 | C25: Verify Historical_Scores field length | G25: =Historical_Scores!M7 -> Pass
B26: EX13 | C26: Verify Medcial Claims layout | G26: =Medical_Claims!M6 -> Pass
B27: EX14 | C27: Verify Medcial Claims field length | G27: =Medical_Claims!M7 -> Pass
B28: EX15 | C28: Verify Medcial Claims count between application and extract | G28: =Medical_Claims!M8 -> Pass
B29: EX16 | C29: Verify Member PCP layout | G29: =Member_PCP!M6 -> Pass
B30: EX17 | C30: Verify Member PCP field length | G30: =Member_PCP!M7 -> Pass
B31: EX18 | C31: Verify Pharmacy layout | G31: =Pharmacy!M6 -> Pass
B32: EX19 | C32: Verify Pharmacy field length | G32: =Pharmacy!M7 -> Pass
B33: EX20 | C33: Verify Pharmacy count between application and extract | G33: =Pharmacy!M8 -> Pass
B34: EX21 | C34: Verify Quality Metrics layout | G34: =Quality_Metrics!M6 -> Pass
B35: EX22 | C35: Verify Quality Metrics field length | G35: =Quality_Metrics!M7 -> Pass
B36: EX23 | C36: Verify Scores layout | G36: =Scores!M6 -> Pass
B37: EX24 | C37: Verify Scores field length | G37: =Scores!M7 -> Pass
B38: EX25 | C38: Verify Visit layout | G38: =Visit!M6 -> Pass
B39: EX26 | C39: Verify Visit field length | G39: =Visit!M7 -> Pass

Sheet File_Size_Comparision
B1: Previous Extract | D1: Current Extract | F1: % Change | G1: Test Result | M1: Fail
B2: File Name | C2: Size | D2: File Name | E2: Size | K2: Overall File Size Result | L2: =IF(ISERROR(VLOOKUP($M$1,$G$2:$G$10,1,)),"Pass","Fail") -> Fail
B3: CareAlerts.csv | C3: 21.08 MB | D3: CareAlerts.csv | E3: 23.00 MB | F3: =IF(I3=0,0%,(I3-H3)/I3) -> 0.083478261 | G3: =IF(AND(F3<=10%,F3>=-10%),"Pass","Fail") -> Pass | H3: =LEFT(C3, SEARCH(" ", C3, 1)) -> 21.08 | I3: =LEFT(E3, SEARCH(" ", E3, 1)) -> 23.00
B4: Demographics.csv | C4: 6.13 MB | D4: Demographics.csv | E4: 6.79 MB | F4: =IF(I4=0,0%,(I4-H4)/I4) -> 0.097201767 | G4: =IF(AND(F4<=10%,F4>=-10%),"Pass","Fail") -> Pass | H4: =LEFT(C4, SEARCH(" ", C4, 1)) -> 6.13 | I4: =LEFT(E4, SEARCH(" ", E4, 1)) -> 6.79
B5: Eligibility.csv | C5: 83.74 MB | D5: Eligibility.csv | E5: 93.59 MB | F5: =IF(I5=0,0%,(I5-H5)/I5) -> 0.10524629 | G5: =IF(AND(F5<=10%,F5>=-10%),"Pass","Fail") -> Fail | H5: =LEFT(C5, SEARCH(" ", C5, 1)) -> 83.74 | I5: =LEFT(E5, SEARCH(" ", E5, 1)) -> 93.59
B6: HighCost.csv | C6: 2.84 MB | D6: HighCost.csv | E6: 2.99 MB | F6: =IF(I6=0,0%,(I6-H6)/I6) -> 0.050167224 | G6: =IF(AND(F6<=10%,F6>=-10%),"Pass","Fail") -> Pass | H6: =LEFT(C6, SEARCH(" ", C6, 1)) -> 2.84 | I6: =LEFT(E6, SEARCH(" ", E6, 1)) -> 2.99
B7: HistoricalScores.csv | C7: 35.84 MB | D7: HistoricalScores.csv | E7: 38.81 MB | F7: =IF(I7=0,0%,(I7-H7)/I7) -> 0.076526668 | G7: =IF(AND(F7<=10%,F7>=-10%),"Pass","Fail") -> Pass | H7: =LEFT(C7, SEARCH(" ", C7, 1)) -> 35.84 | I7: =LEFT(E7, SEARCH(" ", E7, 1)) -> 38.81
B8: Medical.csv | C8: 1.43 GB | D8: Medical.csv | E8: 1.78 GB | F8: =IF(I8=0,0%,(I8-H8)/I8) -> 0.19662921 | G8: =IF(AND(F8<=10%,F8>=-10%),"Pass","Fail") -> Fail | H8: =LEFT(C8, SEARCH(" ", C8, 1)) -> 1.43 | I8: =LEFT(E8, SEARCH(" ", E8, 1)) -> 1.78
B9: Pcp.csv | C9: 996 KB | D9: Pcp.csv | E9: 997 KB | F9: =IF(I9=0,0%,(I9-H9)/I9) -> 0.001003009 | G9: =IF(AND(F9<=10%,F9>=-10%),"Pass","Fail") -> Pass | H9: =LEFT(C9, SEARCH(" ", C9, 1)) -> 996 | I9: =LEFT(E9, SEARCH(" ", E9, 1)) -> 997
B10: Pharmacy.csv | C10: 205.47 MB | D10: Pharmacy.csv | E10: 214.07 MB | F10: =IF(I10=0,0%,(I10-H10)/I10) -> 0.040173775 | G10: =IF(AND(F10<=10%,F10>=-10%),"Pass","Fail") -> Pass | H10: =LEFT(C10, SEARCH(" ", C10, 1)) -> 205.47 | I10: =LEFT(E10, SEARCH(" ", E10, 1)) -> 214.07
B11: QualityMetrics.csv | C11: 72.96 MB | D11: QualityMetrics.csv | E11: 78.11 MB | F11: =IF(I11=0,0%,(I11-H11)/I11) -> 0.065932659 | G11: =IF(AND(F11<=10%,F11>=-10%),"Pass","Fail") -> Pass | H11: =LEFT(C11, SEARCH(" ", C11, 1)) -> 72.96 | I11: =LEFT(E11, SEARCH(" ", E11, 1)) -> 78.11
B12: Scores.csv | C12: 2.77 MB | D12: Scores.csv | E12: 2.94 MB | F12: =IF(I12=0,0%,(I12-H12)/I12) -> 0.057823129 | G12: =IF(AND(F12<=10%,F12>=-10%),"Pass","Fail") -> Pass | H12: =LEFT(C12, SEARCH(" ", C12, 1)) -> 2.77 | I12: =LEFT(E12, SEARCH(" ", E12, 1)) -> 2.94
B13: Visits.csv | C13: 11.45 MB | D13: Visits.csv | E13: 11.84 MB | F13: =IF(I13=0,0%,(I13-H13)/I13) -> 0.032939189 | G13: =IF(AND(F13<=10%,F13>=-10%),"Pass","Fail") -> Pass | H13: =LEFT(C13, SEARCH(" ", C13, 1)) -> 11.45 | I13: =LEFT(E13, SEARCH(" ", E13, 1)) -> 11.84

Sheet Care_Alerts
B1: Client layout | C1: Data Type | D1: Client Length | E1: Extract Layout | F1: Extract Length | G1: Layout Result | H1: Length Result | L1: Current Extract Count | M1: Previous Extract Count | N1: Difference | O1: Fail
B2: dw_record_id | C2: int | E2: dw_record_id | F2: 6 | G2: =IF(I2=J2,"Pass","Fail") -> Pass | H2: =IF(AND(ISBLANK(D2),F2>=0),"Pass",IF(F2<=D2,"Pass","Fail")) -> Pass | I2: =SUBSTITUTE(B2,"_","") -> dwrecordid | J2: =SUBSTITUTE(E2,"_","") -> dwrecordid | L2: 116165 | M2: 108603 | N2: =L2-M2 -> 7562
B3: dw_member_id | C3: varchar | D3: 50 | E3: dw_member_id | F3: 32 | G3: =IF(I3=J3,"Pass","Fail") -> Pass | H3: =IF(AND(ISBLANK(D3),F3>=0),"Pass",IF(F3<=D3,"Pass","Fail")) -> Pass | I3: =SUBSTITUTE(B3,"_","") -> dwmemberid | J3: =SUBSTITUTE(E3,"_","") -> dwmemberid
B4: mbr_id | C4: varchar | D4: 50 | E4: mbr_id | F4: 19 | G4: =IF(I4=J4,"Pass","Fail") -> Pass | H4: =IF(AND(ISBLANK(D4),F4>=0),"Pass",IF(F4<=D4,"Pass","Fail")) -> Pass | I4: =SUBSTITUTE(B4,"_","") -> mbrid | J4: =SUBSTITUTE(E4,"_","") -> mbrid | L4: Overall | M4: Result
B5: first_name | C5: varchar | D5: 50 | E5: first_name | F5: 17 | G5: =IF(I5=J5,"Pass","Fail") -> Pass | H5: =IF(AND(ISBLANK(D5),F5>=0),"Pass",IF(F5<=D5,"Pass","Fail")) -> Pass | I5: =SUBSTITUTE(B5,"_","") -> firstname | J5: =SUBSTITUTE(E5,"_","") -> firstname | L5: Layout Result | M5: =IF(ISERROR(VLOOKUP($O$1,$G$2:$G$19,1,)),"Pass","Fail") -> Pass
B6: last_name | C6: varchar | D6: 20 | E6: last_name | F6: 19 | G6: =IF(I6=J6,"Pass","Fail") -> Pass | H6: =IF(AND(ISBLANK(D6),F6>=0),"Pass",IF(F6<=D6,"Pass","Fail")) -> Pass | I6: =SUBSTITUTE(B6,"_","") -> lastname | J6: =SUBSTITUTE(E6,"_","") -> lastname | L6: Field Length Result | M6: =IF(ISERROR(VLOOKUP($O$1,$H$2:$H$19,1,)),"Pass","Fail") -> Pass
B7: middle_name | C7: varchar | D7: 10 | E7: middle_name | F7: 0 | G7: =IF(I7=J7,"Pass","Fail") -> Pass | H7: =IF(AND(ISBLANK(D7),F7>=0),"Pass",IF(F7<=D7,"Pass","Fail")) -> Pass | I7: =SUBSTITUTE(B7,"_","") -> middlename | J7: =SUBSTITUTE(E7,"_","") -> middlename | L7: % change in count with respect to previous count | M7: =IF(M2=0,0%,N2/M2) -> 0.069629752
B8: mbr_dob | C8: date | E8: mbr_dob | F8: 10 | G8: =IF(I8=J8,"Pass","Fail") -> Pass | H8: =IF(AND(ISBLANK(D8),F8>=0),"Pass",IF(F8<=D8,"Pass","Fail")) -> Pass | I8: =SUBSTITUTE(B8,"_","") -> mbrdob | J8: =SUBSTITUTE(E8,"_","") -> mbrdob | L8: % change in file size with respect to previous file | M8: =File_Size_Comparision!F3 -> 0.083478261
B9: mbr_gender | C9: varchar | D9: 10 | E9: mbr_gender | F9: 6 | G9: =IF(I9=J9,"Pass","Fail") -> Pass | H9: =IF(AND(ISBLANK(D9),F9>=0),"Pass",IF(F9<=D9,"Pass","Fail")) -> Pass | I9: =SUBSTITUTE(B9,"_","") -> mbrgender | J9: =SUBSTITUTE(E9,"_","") -> mbrgender
B10: mbr_status | C10: varchar | D10: 10 | E10: mbr_status | F10: 6 | G10: =IF(I10=J10,"Pass","Fail") -> Pass | H10: =IF(AND(ISBLANK(D10),F10>=0),"Pass",IF(F10<=D10,"Pass","Fail")) -> Pass | I10: =SUBSTITUTE(B10,"_","") -> mbrstatus | J10: =SUBSTITUTE(E10,"_","") -> mbrstatus
B11: mbr_relationship | C11: varchar | D11: 50 | E11: mbr_relationship | F11: 22 | G11: =IF(I11=J11,"Pass","Fail") -> Pass | H11: =IF(AND(ISBLANK(D11),F11>=0),"Pass",IF(F11<=D11,"Pass","Fail")) -> Pass | I11: =SUBSTITUTE(B11,"_","") -> mbrrelationship | J11: =SUBSTITUTE(E11,"_","") -> mbrrelationship
B12: pcp_full_name | C12: varchar | D12: 50 | E12: pcp_full_name | F12: 10 | G12: =IF(I12=J12,"Pass","Fail") -> Pass | H12: =IF(AND(ISBLANK(D12),F12>=0),"Pass",IF(F12<=D12,"Pass","Fail")) -> Pass | I12: =SUBSTITUTE(B12,"_","") -> pcpfullname | J12: =SUBSTITUTE(E12,"_","") -> pcpfullname
B13: mbr_age | C13: varchar | D13: 2 | E13: mbr_age | F13: 2 | G13: =IF(I13=J13,"Pass","Fail") -> Pass | H13: =IF(AND(ISBLANK(D13),F13>=0),"Pass",IF(F13<=D13,"Pass","Fail")) -> Pass | I13: =SUBSTITUTE(B13,"_","") -> mbrage | J13: =SUBSTITUTE(E13,"_","") -> mbrage
B14: mbr_months | C14: varchar | D14: 3 | E14: mbr_months | F14: 2 | G14: =IF(I14=J14,"Pass","Fail") -> Pass | H14: =IF(AND(ISBLANK(D14),F14>=0),"Pass",IF(F14<=D14,"Pass","Fail")) -> Pass | I14: =SUBSTITUTE(B14,"_","") -> mbrmonths | J14: =SUBSTITUTE(E14,"_","") -> mbrmonths
B15: care_alert_startDate | C15: date | E15: care_alert_startDate | F15: 10 | G15: =IF(I15=J15,"Pass","Fail") -> Pass | H15: =IF(AND(ISBLANK(D15),F15>=0),"Pass",IF(F15<=D15,"Pass","Fail")) -> Pass | I15: =SUBSTITUTE(B15,"_","") -> carealertstartDate | J15: =SUBSTITUTE(E15,"_","") -> carealertstartDate
B16: care_alert_id | C16: varchar | D16: 50 | E16: care_alert_id | F16: 21 | G16: =IF(I16=J16,"Pass","Fail") -> Pass | H16: =IF(AND(ISBLANK(D16),F16>=0),"Pass",IF(F16<=D16,"Pass","Fail")) -> Pass | I16: =SUBSTITUTE(B16,"_","") -> carealertid | J16: =SUBSTITUTE(E16,"_","") -> carealertid
B17: care_alert_desc | C17: varchar | D17: 94 | E17: care_alert_desc | F17: 94 | G17: =IF(I17=J17,"Pass","Fail") -> Pass | H17: =IF(AND(ISBLANK(D17),F17>=0),"Pass",IF(F17<=D17,"Pass","Fail")) -> Pass | I17: =SUBSTITUTE(B17,"_","") -> carealertdesc | J17: =SUBSTITUTE(E17,"_","") -> carealertdesc
B18: metric_Type | C18: varchar | D18: 50 | E18: metric_Type | F18: 15 | G18: =IF(I18=J18,"Pass","Fail") -> Pass | H18: =IF(AND(ISBLANK(D18),F18>=0),"Pass",IF(F18<=D18,"Pass","Fail")) -> Pass | I18: =SUBSTITUTE(B18,"_","") -> metricType | J18: =SUBSTITUTE(E18,"_","") -> metricType
B19: metric_name | C19: varchar | D19: 50 | E19: metric_name | F19: 15 | G19: =IF(I19=J19,"Pass","Fail") -> Pass | H19: =IF(AND(ISBLANK(D19),F19>=0),"Pass",IF(F19<=D19,"Pass","Fail")) -> Pass | I19: =SUBSTITUTE(B19,"_","") -> metricname | J19: =SUBSTITUTE(E19,"_","") -> metricname

Sheet Demographics
B1: Client layout | C1: Data Type | D1: Client Length | E1: Extract Layout | F1: Extract Length | G1: Layout Result | H1: Length Result | L1: Current Extract Count | M1: Previous Extract Count | N1: Difference | O1: Fail
B2: dw_record_id | C2: varchar | E2: dw_record_id | F2: 5 | G2: =IF(I2=J2,"Pass","Fail") -> Pass | H2: =IF(AND(ISBLANK(D2),F2>=0),"Pass",IF(F2<=D2,"Pass","Fail")) -> Pass | I2: =SUBSTITUTE(B2,"_","") -> dwrecordid | J2: =SUBSTITUTE(E2,"_","") -> dwrecordid | L2: 29303 | M2: 27446 | N2: =L2-M2 -> 1857
B3: dw_account_id | C3: varchar | D3: 10 | E3: dw_account_id | F3: 0 | G3: =IF(I3=J3,"Pass","Fail") -> Pass | H3: =IF(AND(ISBLANK(D3),F3>=0),"Pass",IF(F3<=D3,"Pass","Fail")) -> Pass | I3: =SUBSTITUTE(B3,"_","") -> dwaccountid | J3: =SUBSTITUTE(E3,"_","") -> dwaccountid
B4: dw_client_id | C4: varchar | D4: 10 | E4: dw_client_id | F4: 8 | G4: =IF(I4=J4,"Pass","Fail") -> Pass | H4: =IF(AND(ISBLANK(D4),F4>=0),"Pass",IF(F4<=D4,"Pass","Fail")) -> Pass | I4: =SUBSTITUTE(B4,"_","") -> dwclientid | J4: =SUBSTITUTE(E4,"_","") -> dwclientid | L4: Overall | M4: Result
B5: dw_member_id | C5: varchar | D5: 50 | E5: dw_member_id | F5: 32 | G5: =IF(I5=J5,"Pass","Fail") -> Pass | H5: =IF(AND(ISBLANK(D5),F5>=0),"Pass",IF(F5<=D5,"Pass","Fail")) -> Pass | I5: =SUBSTITUTE(B5,"_","") -> dwmemberid | J5: =SUBSTITUTE(E5,"_","") -> dwmemberid | L5: Layout Result | M5: =IF(ISERROR(VLOOKUP($O$1,$G$2:$G$27,1,)),"Pass","Fail") -> Pass
B6: mbr_id | C6: varchar | D6: 20 | E6: mbr_id | F6: 19 | G6: =IF(I6=J6,"Pass","Fail") -> Pass | H6: =IF(AND(ISBLANK(D6),F6>=0),"Pass",IF(F6<=D6,"Pass","Fail")) -> Pass | I6: =SUBSTITUTE(B6,"_","") -> mbrid | J6: =SUBSTITUTE(E6,"_","") -> mbrid | L6: Field Length Result | M6: =IF(ISERROR(VLOOKUP($O$1,$H$2:$H$27,1,)),"Pass","Fail") -> Pass
B7: mbr_ssn | C7: varchar | D7: 22 | E7: mbr_ssn | F7: 22 | G7: =IF(I7=J7,"Pass","Fail") -> Pass | H7: =IF(AND(ISBLANK(D7),F7>=0),"Pass",IF(F7<=D7,"Pass","Fail")) -> Pass | I7: =SUBSTITUTE(B7,"_","") -> mbrssn | J7: =SUBSTITUTE(E7,"_","") -> mbrssn | L7: % change in count with respect to previous count | M7: =IF(M2=0,0%,N2/M2) -> 0.067660133
B8: mbr_first_name | C8: varchar | D8: 100 | E8: mbr_first_name | F8: 17 | G8: =IF(I8=J8,"Pass","Fail") -> Pass | H8: =IF(AND(ISBLANK(D8),F8>=0),"Pass",IF(F8<=D8,"Pass","Fail")) -> Pass | I8: =SUBSTITUTE(B8,"_","") -> mbrfirstname | J8: =SUBSTITUTE(E8,"_","") -> mbrfirstname | L8: % change in file size with respect to previous file | M8: =File_Size_Comparision!F4 -> 0.097201767
B9: mbr_middle_name | C9: varchar | D9: 100 | E9: mbr_middle_name | F9: 0 | G9: =IF(I9=J9,"Pass","Fail") -> Pass | H9: =IF(AND(ISBLANK(D9),F9>=0),"Pass",IF(F9<=D9,"Pass","Fail")) -> Pass | I9: =SUBSTITUTE(B9,"_","") -> mbrmiddlename | J9: =SUBSTITUTE(E9,"_","") -> mbrmiddlename
B10: mbr_last_name | C10: date | D10: 100 | E10: mbr_last_name | F10: 19 | G10: =IF(I10=J10,"Pass","Fail") -> Pass | H10: =IF(AND(ISBLANK(D10),F10>=0),"Pass",IF(F10<=D10,"Pass","Fail")) -> Pass | I10: =SUBSTITUTE(B10,"_","") -> mbrlastname | J10: =SUBSTITUTE(E10,"_","") -> mbrlastname
B11: mbr_current_status | C11: varchar | D11: 10 | E11: mbr_current_status | F11: 6 | G11: =IF(I11=J11,"Pass","Fail") -> Pass | H11: =IF(AND(ISBLANK(D11),F11>=0),"Pass",IF(F11<=D11,"Pass","Fail")) -> Pass | I11: =SUBSTITUTE(B11,"_","") -> mbrcurrentstatus | J11: =SUBSTITUTE(E11,"_","") -> mbrcurrentstatus
B12: mbr_gender | C12: varchar | D12: 10 | E12: mbr_gender | F12: 1 | G12: =IF(I12=J12,"Pass","Fail") -> Pass | H12: =IF(AND(ISBLANK(D12),F12>=0),"Pass",IF(F12<=D12,"Pass","Fail")) -> Pass | I12: =SUBSTITUTE(B12,"_","") -> mbrgender | J12: =SUBSTITUTE(E12,"_","") -> mbrgender
B13: mbr_dob | C13: varchar | E13: mbr_dob | F13: 10 | G13: =IF(I13=J13,"Pass","Fail") -> Pass | H13: =IF(AND(ISBLANK(D13),F13>=0),"Pass",IF(F13<=D13,"Pass","Fail")) -> Pass | I13: =SUBSTITUTE(B13,"_","") -> mbrdob | J13: =SUBSTITUTE(E13,"_","") -> mbrdob
B14: mbr_street_1 | C14: varchar | D14: 100 | E14: mbr_street_1 | F14: 0 | G14: =IF(I14=J14,"Pass","Fail") -> Pass | H14: =IF(AND(ISBLANK(D14),F14>=0),"Pass",IF(F14<=D14,"Pass","Fail")) -> Pass | I14: =SUBSTITUTE(B14,"_","") -> mbrstreet1 | J14: =SUBSTITUTE(E14,"_","") -> mbrstreet1
B15: mbr_street_2 | C15: varchar | D15: 100 | E15: mbr_street_2 | F15: 0 | G15: =IF(I15=J15,"Pass","Fail") -> Pass | H15: =IF(AND(ISBLANK(D15),F15>=0),"Pass",IF(F15<=D15,"Pass","Fail")) -> Pass | I15: =SUBSTITUTE(B15,"_","") -> mbrstreet2 | J15: =SUBSTITUTE(E15,"_","") -> mbrstreet2
B16: mbr_city | C16: varchar | D16: 100 | E16: mbr_city | F16: 0 | G16: =IF(I16=J16,"Pass","Fail") -> Pass | H16: =IF(AND(ISBLANK(D16),F16>=0),"Pass",IF(F16<=D16,"Pass","Fail")) -> Pass | I16: =SUBSTITUTE(B16,"_","") -> mbrcity | J16: =SUBSTITUTE(E16,"_","") -> mbrcity
B17: mbr_county | C17: varchar | D17: 100 | E17: mbr_county | F17: 0 | G17: =IF(I17=J17,"Pass","Fail") -> Pass | H17: =IF(AND(ISBLANK(D17),F17>=0),"Pass",IF(F17<=D17,"Pass","Fail")) -> Pass | I17: =SUBSTITUTE(B17,"_","") -> mbrcounty | J17: =SUBSTITUTE(E17,"_","") -> mbrcounty
B18: mbr_state | C18: varchar | D18: 100 | E18: mbr_state | F18: 2 | G18: =IF(I18=J18,"Pass","Fail") -> Pass | H18: =IF(AND(ISBLANK(D18),F18>=0),"Pass",IF(F18<=D18,"Pass","Fail")) -> Pass | I18: =SUBSTITUTE(B18,"_","") -> mbrstate | J18: =SUBSTITUTE(E18,"_","") -> mbrstate
B19: mbr_zip | C19: varchar | D19: 100 | E19: mbr_zip | F19: 5 | G19: =IF(I19=J19,"Pass","Fail") -> Pass | H19: =IF(AND(ISBLANK(D19),F19>=0),"Pass",IF(F19<=D19,"Pass","Fail")) -> Pass | I19: =SUBSTITUTE(B19,"_","") -> mbrzip | J19: =SUBSTITUTE(E19,"_","") -> mbrzip
B20: mbr_phone | C20: varchar | D20: 100 | E20: mbr_phone | F20: 0 | G20: =IF(I20=J20,"Pass","Fail") -> Pass | H20: =IF(AND(ISBLANK(D20),F20>=0),"Pass",IF(F20<=D20,"Pass","Fail")) -> Pass | I20: =SUBSTITUTE(B20,"_","") -> mbrphone | J20: =SUBSTITUTE(E20,"_","") -> mbrphone
B21: mbr_region_code | C21: varchar | D21: 100 | E21: mbr_region_code | F21: 0 | G21: =IF(I21=J21,"Pass","Fail") -> Pass | H21: =IF(AND(ISBLANK(D21),F21>=0),"Pass",IF(F21<=D21,"Pass","Fail")) -> Pass | I21: =SUBSTITUTE(B21,"_","") -> mbrregioncode | J21: =SUBSTITUTE(E21,"_","") -> mbrregioncode
B22: mbr_region_name | C22: varchar | D22: 100 | E22: mbr_region_name | F22: 0 | G22: =IF(I22=J22,"Pass","Fail") -> Pass | H22: =IF(AND(ISBLANK(D22),F22>=0),"Pass",IF(F22<=D22,"Pass","Fail")) -> Pass | I22: =SUBSTITUTE(B22,"_","") -> mbrregionname | J22: =SUBSTITUTE(E22,"_","") -> mbrregionname
B23: mbr_relationship_code | C23: varchar | D23: 10 | E23: mbr_relationship_code | F23: 3 | G23: =IF(I23=J23,"Pass","Fail") -> Pass | H23: =IF(AND(ISBLANK(D23),F23>=0),"Pass",IF(F23<=D23,"Pass","Fail")) -> Pass | I23: =SUBSTITUTE(B23,"_","") -> mbrrelationshipcode | J23: =SUBSTITUTE(E23,"_","") -> mbrrelationshipcode
B24: mbr_relationship_desc | C24: varchar | D24: 50 | E24: mbr_relationship_desc | F24: 22 | G24: =IF(I24=J24,"Pass","Fail") -> Pass | H24: =IF(AND(ISBLANK(D24),F24>=0),"Pass",IF(F24<=D24,"Pass","Fail")) -> Pass | I24: =SUBSTITUTE(B24,"_","") -> mbrrelationshipdesc | J24: =SUBSTITUTE(E24,"_","") -> mbrrelationshipdesc
B25: dw_rawfilename | C25: varchar | D25: 100 | E25: dw_rawfilename | F25: 78 | G25: =IF(I25=J25,"Pass","Fail") -> Pass | H25: =IF(AND(ISBLANK(D25),F25>=0),"Pass",IF(F25<=D25,"Pass","Fail")) -> Pass | I25: =SUBSTITUTE(B25,"_","") -> dwrawfilename | J25: =SUBSTITUTE(E25,"_","") -> dwrawfilename
... B27: dw_vendor_name | C27: varchar | D27: 100 | E27: dw_vendor_name | F27: 33 | G27: =IF(I27=J27,"Pass","Fail") -> Pass | H27: =IF(AND(ISBLANK(D27),F27>=0),"Pass",IF(F27<=D27,"Pass","Fail")) -> Pass | I27: =SUBSTITUTE(B27,"_","") -> dwvendorname | J27: =SUBSTITUTE(E27,"_","") -> dwvendorname

Sheet Eligibility
B1: Client layout | C1: Data Type | D1: Client Length | E1: Extract Layout | F1: Extract Length | G1: Layout Result | H1: Length Result | L1: Extract Total Count | M1: Application Total Count | N1: Difference | O1: Fail
B2: mbr_id | C2: varchar | D2: 20 | E2: mbr_id | F2: 19 | G2: =IF(I2=J2,"Pass","Fail") -> Pass | H2: =IF(AND(ISBLANK(D2),F2>=0),"Pass",IF(F2<=D2,"Pass","Fail")) -> Pass | I2: =SUBSTITUTE(B2,"_","") -> mbrid | J2: =SUBSTITUTE(E2,"_","") -> mbrid | L2: 183840 | M2: 183840 | N2: =L2-M2 -> 0
B3: ins_policy_id | C3: varchar | D3: 20 | E3: ins_policy_id | F3: 0 | G3: =IF(I3=J3,"Pass","Fail") -> Pass | H3: =IF(AND(ISBLANK(D3),F3>=0),"Pass",IF(F3<=D3,"Pass","Fail")) -> Pass | I3: =SUBSTITUTE(B3,"_","") -> inspolicyid | J3: =SUBSTITUTE(E3,"_","") -> inspolicyid | L3: Prior Count | M3: 164648 | N3: =L2-M3 -> 19192
B4: mbr_ssn | C4: varchar | D4: 22 | E4: mbr_ssn | F4: 22 | G4: =IF(I4=J4,"Pass","Fail") -> Pass | H4: =IF(AND(ISBLANK(D4),F4>=0),"Pass",IF(F4<=D4,"Pass","Fail")) -> Pass | I4: =SUBSTITUTE(B4,"_","") -> mbrssn | J4: =SUBSTITUTE(E4,"_","") -> mbrssn
B5: mbr_first_name | C5: varchar | D5: 30 | E5: mbr_first_name | F5: 17 | G5: =IF(I5=J5,"Pass","Fail") -> Pass | H5: =IF(AND(ISBLANK(D5),F5>=0),"Pass",IF(F5<=D5,"Pass","Fail")) -> Pass | I5: =SUBSTITUTE(B5,"_","") -> mbrfirstname | J5: =SUBSTITUTE(E5,"_","") -> mbrfirstname | L5: Overall | M5: Result
B6: mbr_middle_name | C6: varchar | D6: 30 | E6: mbr_middle_name | F6: 0 | G6: =IF(I6=J6,"Pass","Fail") -> Pass | H6: =IF(AND(ISBLANK(D6),F6>=0),"Pass",IF(F6<=D6,"Pass","Fail")) -> Pass | I6: =SUBSTITUTE(B6,"_","") -> mbrmiddlename | J6: =SUBSTITUTE(E6,"_","") -> mbrmiddlename | L6: Layout Result | M6: =IF(ISERROR(VLOOKUP($O$1,$G$2:$G$94,1,)),"Pass","Fail") -> Pass
B7: mbr_last_name | C7: varchar | D7: 30 | E7: mbr_last_name | F7: 19 | G7: =IF(I7=J7,"Pass","Fail") -> Pass | H7: =IF(AND(ISBLANK(D7),F7>=0),"Pass",IF(F7<=D7,"Pass","Fail")) -> Pass | I7: =SUBSTITUTE(B7,"_","") -> mbrlastname | J7: =SUBSTITUTE(E7,"_","") -> mbrlastname | L7: Field Length Result | M7: =IF(ISERROR(VLOOKUP($O$1,$H$2:$H$94,1,)),"Pass","Fail") -> Pass
B8: mbr_current_status | C8: varchar | D8: 20 | E8: mbr_current_status | F8: 6 | G8: =IF(I8=J8,"Pass","Fail") -> Pass | H8: =IF(AND(ISBLANK(D8),F8>=0),"Pass",IF(F8<=D8,"Pass","Fail")) -> Pass | I8: =SUBSTITUTE(B8,"_","") -> mbrcurrentstatus | J8: =SUBSTITUTE(E8,"_","") -> mbrcurrentstatus | L8: Count Result | M8: =IF(N2=0,"Pass","Fail") -> Pass
B9: mbr_gender | C9: varchar | D9: 2 | E9: mbr_gender | F9: 1 | G9: =IF(I9=J9,"Pass","Fail") -> Pass | H9: =IF(AND(ISBLANK(D9),F9>=0),"Pass",IF(F9<=D9,"Pass","Fail")) -> Pass | I9: =SUBSTITUTE(B9,"_","") -> mbrgender | J9: =SUBSTITUTE(E9,"_","") -> mbrgender | L9: % change in count with respect to previous count | M9: =IF(M3=0,0%,N3/M3) -> 0.11656382
B10: mbr_dob | C10: date | E10: mbr_dob | F10: 10 | G10: =IF(I10=J10,"Pass","Fail") -> Pass | H10: =IF(AND(ISBLANK(D10),F10>=0),"Pass",IF(F10<=D10,"Pass","Fail")) -> Pass | I10: =SUBSTITUTE(B10,"_","") -> mbrdob | J10: =SUBSTITUTE(E10,"_","") -> mbrdob | L10: % change in file size with respect to previous file | M10: =File_Size_Comparision!F5 -> 0.10524629
B11: mbr_street_1 | C11: varchar | D11: 50 | E11: mbr_street_1 | F11: 0 | G11: =IF(I11=J11,"Pass","Fail") -> Pass | H11: =IF(AND(ISBLANK(D11),F11>=0),"Pass",IF(F11<=D11,"Pass","Fail")) -> Pass | I11: =SUBSTITUTE(B11,"_","") -> mbrstreet1 | J11: =SUBSTITUTE(E11,"_","") -> mbrstreet1
B12: mbr_street_2 | C12: varchar | D12: 50 | E12: mbr_street_2 | F12: 0 | G12: =IF(I12=J12,"Pass","Fail") -> Pass | H12: =IF(AND(ISBLANK(D12),F12>=0),"Pass",IF(F12<=D12,"Pass","Fail")) -> Pass | I12: =SUBSTITUTE(B12,"_","") -> mbrstreet2 | J12: =SUBSTITUTE(E12,"_","") -> mbrstreet2
B13: mbr_city | C13: varchar | D13: 100 | E13: mbr_city | F13: 0 | G13: =IF(I13=J13,"Pass","Fail") -> Pass | H13: =IF(AND(ISBLANK(D13),F13>=0),"Pass",IF(F13<=D13,"Pass","Fail")) -> Pass | I13: =SUBSTITUTE(B13,"_","") -> mbrcity | J13: =SUBSTITUTE(E13,"_","") -> mbrcity
B14: mbr_county | C14: varchar | D14: 20 | E14: mbr_county | F14: 0 | G14: =IF(I14=J14,"Pass","Fail") -> Pass | H14: =IF(AND(ISBLANK(D14),F14>=0),"Pass",IF(F14<=D14,"Pass","Fail")) -> Pass | I14: =SUBSTITUTE(B14,"_","") -> mbrcounty | J14: =SUBSTITUTE(E14,"_","") -> mbrcounty
B15: mbr_state | C15: varchar | D15: 2 | E15: mbr_state | F15: 2 | G15: =IF(I15=J15,"Pass","Fail") -> Pass | H15: =IF(AND(ISBLANK(D15),F15>=0),"Pass",IF(F15<=D15,"Pass","Fail")) -> Pass | I15: =SUBSTITUTE(B15,"_","") -> mbrstate | J15: =SUBSTITUTE(E15,"_","") -> mbrstate
B16: mbr_zip | C16: varchar | D16: 12 | E16: mbr_zip | F16: 5 | G16: =IF(I16=J16,"Pass","Fail") -> Pass | H16: =IF(AND(ISBLANK(D16),F16>=0),"Pass",IF(F16<=D16,"Pass","Fail")) -> Pass | I16: =SUBSTITUTE(B16,"_","") -> mbrzip | J16: =SUBSTITUTE(E16,"_","") -> mbrzip
B17: mbr_phone | C17: varchar | D17: 15 | E17: mbr_phone | F17: 0 | G17: =IF(I17=J17,"Pass","Fail") -> Pass | H17: =IF(AND(ISBLANK(D17),F17>=0),"Pass",IF(F17<=D17,"Pass","Fail")) -> Pass | I17: =SUBSTITUTE(B17,"_","") -> mbrphone | J17: =SUBSTITUTE(E17,"_","") -> mbrphone
B18: mbr_region_code | C18: varchar | D18: 32 | E18: mbr_region_code | F18: 0 | G18: =IF(I18=J18,"Pass","Fail") -> Pass | H18: =IF(AND(ISBLANK(D18),F18>=0),"Pass",IF(F18<=D18,"Pass","Fail")) -> Pass | I18: =SUBSTITUTE(B18,"_","") -> mbrregioncode | J18: =SUBSTITUTE(E18,"_","") -> mbrregioncode
B19: mbr_region_name | C19: varchar | D19: 50 | E19: mbr_region_name | F19: 0 | G19: =IF(I19=J19,"Pass","Fail") -> Pass | H19: =IF(AND(ISBLANK(D19),F19>=0),"Pass",IF(F19<=D19,"Pass","Fail")) -> Pass | I19: =SUBSTITUTE(B19,"_","") -> mbrregionname | J19: =SUBSTITUTE(E19,"_","") -> mbrregionname
B20: mbr_relationship_code | C20: varchar | D20: 5 | E20: mbr_relationship_code | F20: 3 | G20: =IF(I20=J20,"Pass","Fail") -> Pass | H20: =IF(AND(ISBLANK(D20),F20>=0),"Pass",IF(F20<=D20,"Pass","Fail")) -> Pass | I20: =SUBSTITUTE(B20,"_","") -> mbrrelationshipcode | J20: =SUBSTITUTE(E20,"_","") -> mbrrelationshipcode
B21: mbr_relationship_desc | C21: varchar | D21: 22 | E21: mbr_relationship_desc | F21: 22 | G21: =IF(I21=J21,"Pass","Fail") -> Pass | H21: =IF(AND(ISBLANK(D21),F21>=0),"Pass",IF(F21<=D21,"Pass","Fail")) -> Pass | I21: =SUBSTITUTE(B21,"_","") -> mbrrelationshipdesc | J21: =SUBSTITUTE(E21,"_","") -> mbrrelationshipdesc
B22: ins_plan_type_code | C22: varchar | D22: 20 | E22: ins_plan_type_code | F22: 3 | G22: =IF(I22=J22,"Pass","Fail") -> Pass | H22: =IF(AND(ISBLANK(D22),F22>=0),"Pass",IF(F22<=D22,"Pass","Fail")) -> Pass | I22: =SUBSTITUTE(B22,"_","") -> insplantypecode | J22: =SUBSTITUTE(E22,"_","") -> insplantypecode
... B35: ins_cobra_desc | C35: varchar | D35: 30 | E35: ins_cobra_desc | F35: 1 | G35: =IF(I35=J35,"Pass","Fail") -> Pass | H35: =IF(AND(ISBLANK(D35),F35>=0),"Pass",IF(F35<=D35,"Pass","Fail")) -> Pass | I35: =SUBSTITUTE(B35,"_","") -> inscobradesc | J35: =SUBSTITUTE(E35,"_","") -> inscobradesc
B36: ins_med_eff_date | C36: date | E36: ins_med_eff_date | F36: 10 | G36: =IF(I36=J36,"Pass","Fail") -> Pass | H36: =IF(AND(ISBLANK(D36),F36>=0),"Pass",IF(F36<=D36,"Pass","Fail")) -> Pass | I36: =SUBSTITUTE(B36,"_","") -> insmedeffdate | J36: =SUBSTITUTE(E36,"_","") -> insmedeffdate
B37: ins_med_term_date | C37: date | E37: ins_med_term_date | F37: 10 | G37: =IF(I37=J37,"Pass","Fail") -> Pass | H37: =IF(AND(ISBLANK(D37),F37>=0),"Pass",IF(F37<=D37,"Pass","Fail")) -> Pass | I37: =SUBSTITUTE(B37,"_","") -> insmedtermdate | J37: =SUBSTITUTE(E37,"_","") -> insmedtermdate
B38: ins_rx_eff_date | C38: date | E38: ins_rx_eff_date | F38: 0 | G38: =IF(I38=J38,"Pass","Fail") -> Pass | H38: =IF(AND(ISBLANK(D38),F38>=0),"Pass",IF(F38<=D38,"Pass","Fail")) -> Pass | I38: =SUBSTITUTE(B38,"_","") -> insrxeffdate | J38: =SUBSTITUTE(E38,"_","") -> insrxeffdate
B39: ins_rx_term_date | C39: date | E39: ins_rx_term_date | F39: 0 | G39: =IF(I39=J39,"Pass","Fail") -> Pass | H39: =IF(AND(ISBLANK(D39),F39>=0),"Pass",IF(F39<=D39,"Pass","Fail")) -> Pass | I39: =SUBSTITUTE(B39,"_","") -> insrxtermdate | J39: =SUBSTITUTE(E39,"_","") -> insrxtermdate
B40: ins_den_eff_date | C40: date | E40: ins_den_eff_date | F40: 0 | G40: =IF(I40=J40,"Pass","Fail") -> Pass | H40: =IF(AND(ISBLANK(D40),F40>=0),"Pass",IF(F40<=D40,"Pass","Fail")) -> Pass | I40: =SUBSTITUTE(B40,"_","") -> insdeneffdate | J40: =SUBSTITUTE(E40,"_","") -> insdeneffdate
B41: ins_den_term_date | C41: date | E41: ins_den_term_date | F41: 0 | G41: =IF(I41=J41,"Pass","Fail") -> Pass | H41: =IF(AND(ISBLANK(D41),F41>=0),"Pass",IF(F41<=D41,"Pass","Fail")) -> Pass | I41: =SUBSTITUTE(B41,"_","") -> insdentermdate | J41: =SUBSTITUTE(E41,"_","") -> insdentermdate
B42: ins_vis_eff_date | C42: date | E42: ins_vis_eff_date | F42: 0 | G42: =IF(I42=J42,"Pass","Fail") -> Pass | H42: =IF(AND(ISBLANK(D42),F42>=0),"Pass",IF(F42<=D42,"Pass","Fail")) -> Pass | I42: =SUBSTITUTE(B42,"_","") -> insviseffdate | J42: =SUBSTITUTE(E42,"_","") -> insviseffdate
B43: ins_vis_term_date | C43: date | E43: ins_vis_term_date | F43: 0 | G43: =IF(I43=J43,"Pass","Fail") -> Pass | H43: =IF(AND(ISBLANK(D43),F43>=0),"Pass",IF(F43<=D43,"Pass","Fail")) -> Pass | I43: =SUBSTITUTE(B43,"_","") -> insvistermdate | J43: =SUBSTITUTE(E43,"_","") -> insvistermdate
B44: ins_ltd_eff_date | C44: date | E44: ins_ltd_eff_date | F44: 0 | G44: =IF(I44=J44,"Pass","Fail") -> Pass | H44: =IF(AND(ISBLANK(D44),F44>=0),"Pass",IF(F44<=D44,"Pass","Fail")) -> Pass | I44: =SUBSTITUTE(B44,"_","") -> insltdeffdate | J44: =SUBSTITUTE(E44,"_","") -> insltdeffdate
B45: ins_ltd_term_date | C45: date | E45: ins_ltd_term_date | F45: 0 | G45: =IF(I45=J45,"Pass","Fail") -> Pass | H45: =IF(AND(ISBLANK(D45),F45>=0),"Pass",IF(F45<=D45,"Pass","Fail")) -> Pass | I45: =SUBSTITUTE(B45,"_","") -> insltdtermdate | J45: =SUBSTITUTE(E45,"_","") -> insltdtermdate
B46: ins_std_eff_date | C46: date | E46: ins_std_eff_date | F46: 0 | G46: =IF(I46=J46,"Pass","Fail") -> Pass | H46: =IF(AND(ISBLANK(D46),F46>=0),"Pass",IF(F46<=D46,"Pass","Fail")) -> Pass | I46: =SUBSTITUTE(B46,"_","") -> insstdeffdate | J46: =SUBSTITUTE(E46,"_","") -> insstdeffdate
B47: ins_std_term_date | C47: date | E47: ins_std_term_date | F47: 0 | G47: =IF(I47=J47,"Pass","Fail") -> Pass | H47: =IF(AND(ISBLANK(D47),F47>=0),"Pass",IF(F47<=D47,"Pass","Fail")) -> Pass | I47: =SUBSTITUTE(B47,"_","") -> insstdtermdate | J47: =SUBSTITUTE(E47,"_","") -> insstdtermdate
B48: prv_pcp_id | C48: varchar | D48: 50 | E48: prv_pcp_id | F48: 0 | G48: =IF(I48=J48,"Pass","Fail") -> Pass | H48: =IF(AND(ISBLANK(D48),F48>=0),"Pass",IF(F48<=D48,"Pass","Fail")) -> Pass | I48: =SUBSTITUTE(B48,"_","") -> prvpcpid | J48: =SUBSTITUTE(E48,"_","") -> prvpcpid
B49: prv_pcp_first_name | C49: varchar | D49: 100 | E49: prv_pcp_first_name | F49: 0 | G49: =IF(I49=J49,"Pass","Fail") -> Pass | H49: =IF(AND(ISBLANK(D49),F49>=0),"Pass",IF(F49<=D49,"Pass","Fail")) -> Pass | I49: =SUBSTITUTE(B49,"_","") -> prvpcpfirstname | J49: =SUBSTITUTE(E49,"_","") -> prvpcpfirstname
B50: prv_pcp_middle_name | C50: varchar | D50: 30 | E50: prv_pcp_middle_name | F50: 0 | G50: =IF(I50=J50,"Pass","Fail") -> Pass | H50: =IF(AND(ISBLANK(D50),F50>=0),"Pass",IF(F50<=D50,"Pass","Fail")) -> Pass | I50: =SUBSTITUTE(B50,"_","") -> prvpcpmiddlename | J50: =SUBSTITUTE(E50,"_","") -> prvpcpmiddlename
B51: prv_pcp_last_name | C51: varchar | D51: 30 | E51: prv_pcp_last_name | F51: 0 | G51: =IF(I51=J51,"Pass","Fail") -> Pass | H51: =IF(AND(ISBLANK(D51),F51>=0),"Pass",IF(F51<=D51,"Pass","Fail")) -> Pass | I51: =SUBSTITUTE(B51,"_","") -> prvpcplastname | J51: =SUBSTITUTE(E51,"_","") -> prvpcplastname
B52: prv_pcp_site_id | C52: varchar | D52: 15 | E52: prv_pcp_site_id | F52: 0 | G52: =IF(I52=J52,"Pass","Fail") -> Pass | H52: =IF(AND(ISBLANK(D52),F52>=0),"Pass",IF(F52<=D52,"Pass","Fail")) -> Pass | I52: =SUBSTITUTE(B52,"_","") -> prvpcpsiteid | J52: =SUBSTITUTE(E52,"_","") -> prvpcpsiteid
B53: udf1 | C53: varchar | D53: 100 | E53: udf1 | F53: 30 | G53: =IF(I53=J53,"Pass","Fail") -> Pass | H53: =IF(AND(ISBLANK(D53),F53>=0),"Pass",IF(F53<=D53,"Pass","Fail")) -> Pass | I53: =SUBSTITUTE(B53,"_","") -> udf1 | J53: =SUBSTITUTE(E53,"_","") -> udf1
B54: udf2 | C54: varchar | D54: 100 | E54: udf2 | F54: 0 | G54: =IF(I54=J54,"Pass","Fail") -> Pass | H54: =IF(AND(ISBLANK(D54),F54>=0),"Pass",IF(F54<=D54,"Pass","Fail")) -> Pass | I54: =SUBSTITUTE(B54,"_","") -> udf2 | J54: =SUBSTITUTE(E54,"_","") -> udf2
B55: udf3 | C55: varchar | D55: 100 | E55: udf3 | F55: 0 | G55: =IF(I55=J55,"Pass","Fail") -> Pass | H55: =IF(AND(ISBLANK(D55),F55>=0),"Pass",IF(F55<=D55,"Pass","Fail")) -> Pass | I55: =SUBSTITUTE(B55,"_","") -> udf3 | J55: =SUBSTITUTE(E55,"_","") -> udf3
B56: udf4 | C56: varchar | D56: 100 | E56: udf4 | F56: 0 | G56: =IF(I56=J56,"Pass","Fail") -> Pass | H56: =IF(AND(ISBLANK(D56),F56>=0),"Pass",IF(F56<=D56,"Pass","Fail")) -> Pass | I56: =SUBSTITUTE(B56,"_","") -> udf4 | J56: =SUBSTITUTE(E56,"_","") -> udf4
B57: udf5 | C57: varchar | D57: 100 | E57: udf5 | F57: 0 | G57: =IF(I57=J57,"Pass","Fail") -> Pass | H57: =IF(AND(ISBLANK(D57),F57>=0),"Pass",IF(F57<=D57,"Pass","Fail")) -> Pass | I57: =SUBSTITUTE(B57,"_","") -> udf5 | J57: =SUBSTITUTE(E57,"_","") -> udf5
B58: udf6 | C58: varchar | D58: 100 | E58: udf6 | F58: 0 | G58: =IF(I58=J58,"Pass","Fail") -> Pass | H58: =IF(AND(ISBLANK(D58),F58>=0),"Pass",IF(F58<=D58,"Pass","Fail")) -> Pass | I58: =SUBSTITUTE(B58,"_","") -> udf6 | J58: =SUBSTITUTE(E58,"_","") -> udf6
B59: udf7 | C59: varchar | D59: 100 | E59: udf7 | F59: 0 | G59: =IF(I59=J59,"Pass","Fail") -> Pass | H59: =IF(AND(ISBLANK(D59),F59>=0),"Pass",IF(F59<=D59,"Pass","Fail")) -> Pass | I59: =SUBSTITUTE(B59,"_","") -> udf7 | J59: =SUBSTITUTE(E59,"_","") -> udf7
... B94: udf40 | C94: varchar | D94: 100 | E94: udf40 | F94: 0 | G94: =IF(I94=J94,"Pass","Fail") -> Pass | H94: =IF(AND(ISBLANK(D94),F94>=0),"Pass",IF(F94<=D94,"Pass","Fail")) -> Pass | I94: =SUBSTITUTE(B94,"_","") -> udf40 | J94: =SUBSTITUTE(E94,"_","") -> udf40

Sheet High_Cost
B1: Client layout | C1: Data Type | D1: Client Length | E1: Extract Layout | F1: Extract Length | G1: Layout Result | H1: Length Result | L1: Current Extract Count | M1: Previous Extract Count | N1: Difference | O1: Fail
B2: dw_record_id | C2: varchar | E2: dw_record_id | F2: 5 | G2: =IF(I2=J2,"Pass","Fail") -> Pass | H2: =IF(AND(ISBLANK(D2),F2>=0),"Pass",IF(F2<=D2,"Pass","Fail")) -> Pass | I2: =SUBSTITUTE(B2,"_","") -> dwrecordid | J2: =SUBSTITUTE(E2,"_","") -> dwrecordid | L2: 29303 | M2: 27446 | N2: =L2-M2 -> 1857
B3: dw_account_id | C3: varchar | D3: 50 | E3: dw_account_id | F3: 8 | G3: =IF(I3=J3,"Pass","Fail") -> Pass | H3: =IF(AND(ISBLANK(D3),F3>=0),"Pass",IF(F3<=D3,"Pass","Fail")) -> Pass | I3: =SUBSTITUTE(B3,"_","") -> dwaccountid | J3: =SUBSTITUTE(E3,"_","") -> dwaccountid
B4: dw_client_id | C4: varchar | D4: 50 | E4: dw_client_id | F4: 8 | G4: =IF(I4=J4,"Pass","Fail") -> Pass | H4: =IF(AND(ISBLANK(D4),F4>=0),"Pass",IF(F4<=D4,"Pass","Fail")) -> Pass | I4: =SUBSTITUTE(B4,"_","") -> dwclientid | J4: =SUBSTITUTE(E4,"_","") -> dwclientid | L4: Overall | M4: Result
B5: dw_member_id | C5: varchar | D5: 50 | E5: dw_member_id | F5: 32 | G5: =IF(I5=J5,"Pass","Fail") -> Pass | H5: =IF(AND(ISBLANK(D5),F5>=0),"Pass",IF(F5<=D5,"Pass","Fail")) -> Pass | I5: =SUBSTITUTE(B5,"_","") -> dwmemberid | J5: =SUBSTITUTE(E5,"_","") -> dwmemberid | L5: Layout Result | M5: =IF(ISERROR(VLOOKUP($O$1,$G$2:$G$10,1,)),"Pass","Fail") -> Pass
B6: mbr_id | C6: varchar | D6: 20 | E6: mbr_id | F6: 19 | G6: =IF(I6=J6,"Pass","Fail") -> Pass | H6: =IF(AND(ISBLANK(D6),F6>=0),"Pass",IF(F6<=D6,"Pass","Fail")) -> Pass | I6: =SUBSTITUTE(B6,"_","") -> mbrid | J6: =SUBSTITUTE(E6,"_","") -> mbrid | L6: Field Length Result | M6: =IF(ISERROR(VLOOKUP($O$1,$H$2:$H$10,1,)),"Pass","Fail") -> Pass
B7: Diagnosis_code | C7: varchar | D7: 10 | E7: diagnosis_code | F7: 8 | G7: =IF(I7=J7,"Pass","Fail") -> Pass | H7: =IF(AND(ISBLANK(D7),F7>=0),"Pass",IF(F7<=D7,"Pass","Fail")) -> Pass | I7: =SUBSTITUTE(B7,"_","") -> Diagnosiscode | J7: =SUBSTITUTE(E7,"_","") -> diagnosiscode | L7: % change in count with respect to previous count | M7: =IF(M2=0,0%,N2/M2) -> 0.067660133
B8: Paid_Amount | C8: varchar | D8: 50 | E8: paid_amount | F8: 22 | G8: =IF(I8=J8,"Pass","Fail") -> Pass | H8: =IF(AND(ISBLANK(D8),F8>=0),"Pass",IF(F8<=D8,"Pass","Fail")) -> Pass | I8: =SUBSTITUTE(B8,"_","") -> PaidAmount | J8: =SUBSTITUTE(E8,"_","") -> paidamount | L8: % change in file size with respect to previous file | M8: =File_Size_Comparision!F6 -> 0.050167224
B9: SuperGrouperDescription | C9: varchar | D9: 50 | E9: superGrouperDescription | F9: 29 | G9: =IF(I9=J9,"Pass","Fail") -> Pass | H9: =IF(AND(ISBLANK(D9),F9>=0),"Pass",IF(F9<=D9,"Pass","Fail")) -> Pass | I9: =SUBSTITUTE(B9,"_","") -> SuperGrouperDescription | J9: =SUBSTITUTE(E9,"_","") -> superGrouperDescription
B10: GrouperDescription | C10: date | D10: 50 | E10: grouperDescription | F10: 40 | G10: =IF(I10=J10,"Pass","Fail") -> Pass | H10: =IF(AND(ISBLANK(D10),F10>=0),"Pass",IF(F10<=D10,"Pass","Fail")) -> Pass | I10: =SUBSTITUTE(B10,"_","") -> GrouperDescription | J10: =SUBSTITUTE(E10,"_","") -> grouperDescription

Sheet Historical_Scores
B1: Client layout | C1: Data Type | D1: Client Length | E1: Extract Layout | F1: Extract Length | G1: Layout Result | H1: Length Result | O1: Fail
B2: dw_record_id | C2: int | E2: dw_record_id | F2: 6 | G2: =IF(I2=J2,"Pass","Fail") -> Pass | H2: =IF(AND(ISBLANK(D2),F2>=0),"Pass",IF(F2<=D2,"Pass","Fail")) -> Pass | I2: =SUBSTITUTE(B2,"_","") -> dwrecordid | J2: =SUBSTITUTE(E2,"_","") -> dwrecordid | L2: Current Extract Count | M2: Previous Extract Count | N2: Difference
B3: dw_account_id | C3: varchar | D3: 50 | E3: dw_account_id | F3: 0 | G3: =IF(I3=J3,"Pass","Fail") -> Pass | H3: =IF(AND(ISBLANK(D3),F3>=0),"Pass",IF(F3<=D3,"Pass","Fail")) -> Pass | I3: =SUBSTITUTE(B3,"_","") -> dwaccountid | J3: =SUBSTITUTE(E3,"_","") -> dwaccountid | L3: 246826 | M3: 227993 | N3: =L3-M3 -> 18833
B4: dw_client_id | C4: varchar | D4: 50 | E4: dw_client_id | F4: 8 | G4: =IF(I4=J4,"Pass","Fail") -> Pass | H4: =IF(AND(ISBLANK(D4),F4>=0),"Pass",IF(F4<=D4,"Pass","Fail")) -> Pass | I4: =SUBSTITUTE(B4,"_","") -> dwclientid | J4: =SUBSTITUTE(E4,"_","") -> dwclientid
B5: dw_member_id | C5: varchar | D5: 50 | E5: dw_member_id | F5: 32 | G5: =IF(I5=J5,"Pass","Fail") -> Pass | H5: =IF(AND(ISBLANK(D5),F5>=0),"Pass",IF(F5<=D5,"Pass","Fail")) -> Pass | I5: =SUBSTITUTE(B5,"_","") -> dwmemberid | J5: =SUBSTITUTE(E5,"_","") -> dwmemberid | L5: Overall | M5: Result
B6: mbr_id | C6: varchar | D6: 20 | E6: mbr_id | F6: 11 | G6: =IF(I6=J6,"Pass","Fail") -> Pass | H6: =IF(AND(ISBLANK(D6),F6>=0),"Pass",IF(F6<=D6,"Pass","Fail")) -> Pass | I6: =SUBSTITUTE(B6,"_","") -> mbrid | J6: =SUBSTITUTE(E6,"_","") -> mbrid | L6: Layout Result | M6: =IF(ISERROR(VLOOKUP($O$1,$G$2:$G$26,1,)),"Pass","Fail") -> Pass
B7: score_type | C7: varchar | D7: 50 | E7: score_type | F7: 0 | G7: =IF(I7=J7,"Pass","Fail") -> Pass | H7: =IF(AND(ISBLANK(D7),F7>=0),"Pass",IF(F7<=D7,"Pass","Fail")) -> Pass | I7: =SUBSTITUTE(B7,"_","") -> scoretype | J7: =SUBSTITUTE(E7,"_","") -> scoretype | L7: Field Length Result | M7: =IF(ISERROR(VLOOKUP($O$1,$H$2:$H$26,1,)),"Pass","Fail") -> Pass
B8: score_start_date | C8: date | E8: score_start_date | F8: 10 | G8: =IF(I8=J8,"Pass","Fail") -> Pass | H8: =IF(AND(ISBLANK(D8),F8>=0),"Pass",IF(F8<=D8,"Pass","Fail")) -> Pass | I8: =SUBSTITUTE(B8,"_","") -> scorestartdate | J8: =SUBSTITUTE(E8,"_","") -> scorestartdate | L8: % change in count with respect to previous count | M8: =IF(M3=0,0%,N3/M3) -> 0.082603413
B9: score_end_date | C9: date | E9: score_end_date | F9: 10 | G9: =IF(I9=J9,"Pass","Fail") -> Pass | H9: =IF(AND(ISBLANK(D9),F9>=0),"Pass",IF(F9<=D9,"Pass","Fail")) -> Pass | I9: =SUBSTITUTE(B9,"_","") -> scoreenddate | J9: =SUBSTITUTE(E9,"_","") -> scoreenddate | L9: % change in file size with respect to previous file | M9: =File_Size_Comparision!F7 -> 0.076526668
B10: ip_score | C10: varchar | D10: 50 | E10: ip_score | F10: 5 | G10: =IF(I10=J10,"Pass","Fail") -> Pass | H10: =IF(AND(ISBLANK(D10),F10>=0),"Pass",IF(F10<=D10,"Pass","Fail")) -> Pass | I10: =SUBSTITUTE(B10,"_","") -> ipscore | J10: =SUBSTITUTE(E10,"_","") -> ipscore
B11: op_score | C11: varchar | D11: 50 | E11: op_score | F11: 5 | G11: =IF(I11=J11,"Pass","Fail") -> Pass | H11: =IF(AND(ISBLANK(D11),F11>=0),"Pass",IF(F11<=D11,"Pass","Fail")) -> Pass | I11: =SUBSTITUTE(B11,"_","") -> opscore | J11: =SUBSTITUTE(E11,"_","") -> opscore
B12: phy_score | C12: varchar | D12: 50 | E12: phy_score | F12: 5 | G12: =IF(I12=J12,"Pass","Fail") -> Pass | H12: =IF(AND(ISBLANK(D12),F12>=0),"Pass",IF(F12<=D12,"Pass","Fail")) -> Pass | I12: =SUBSTITUTE(B12,"_","") -> physcore | J12: =SUBSTITUTE(E12,"_","") -> physcore
B13: rx_score | C13: varchar | D13: 50 | E13: rx_score | F13: 5 | G13: =IF(I13=J13,"Pass","Fail") -> Pass | H13: =IF(AND(ISBLANK(D13),F13>=0),"Pass",IF(F13<=D13,"Pass","Fail")) -> Pass | I13: =SUBSTITUTE(B13,"_","") -> rxscore | J13: =SUBSTITUTE(E13,"_","") -> rxscore
B14: med_score | C14: varchar | D14: 50 | E14: med_score | F14: 5 | G14: =IF(I14=J14,"Pass","Fail") -> Pass | H14: =IF(AND(ISBLANK(D14),F14>=0),"Pass",IF(F14<=D14,"Pass","Fail")) -> Pass | I14: =SUBSTITUTE(B14,"_","") -> medscore | J14: =SUBSTITUTE(E14,"_","") -> medscore
B15: total_score | C15: varchar | D15: 50 | E15: total_score | F15: 5 | G15: =IF(I15=J15,"Pass","Fail") -> Pass | H15: =IF(AND(ISBLANK(D15),F15>=0),"Pass",IF(F15<=D15,"Pass","Fail")) -> Pass | I15: =SUBSTITUTE(B15,"_","") -> totalscore | J15: =SUBSTITUTE(E15,"_","") -> totalscore
B16: concurrent_total | C16: varchar | D16: 50 | E16: concurrent_total | F16: 6 | G16: =IF(I16=J16,"Pass","Fail") -> Pass | H16: =IF(AND(ISBLANK(D16),F16>=0),"Pass",IF(F16<=D16,"Pass","Fail")) -> Pass | I16: =SUBSTITUTE(B16,"_","") -> concurrenttotal | J16: =SUBSTITUTE(E16,"_","") -> concurrenttotal
B17: erScore | C17: varchar | D17: 50 | E17: erScore | F17: 4 | G17: =IF(I17=J17,"Pass","Fail") -> Pass | H17: =IF(AND(ISBLANK(D17),F17>=0),"Pass",IF(F17<=D17,"Pass","Fail")) -> Pass | I17: =SUBSTITUTE(B17,"_","") -> erScore | J17: =SUBSTITUTE(E17,"_","") -> erScore
B18: otherScore | C18: varchar | D18: 50 | E18: otherScore | F18: 4 | G18: =IF(I18=J18,"Pass","Fail") -> Pass | H18: =IF(AND(ISBLANK(D18),F18>=0),"Pass",IF(F18<=D18,"Pass","Fail")) -> Pass | I18: =SUBSTITUTE(B18,"_","") -> otherScore | J18: =SUBSTITUTE(E18,"_","") -> otherScore
B19: concurrentInpatient | C19: varchar | D19: 50 | E19: concurrentInpatient | F19: 5 | G19: =IF(I19=J19,"Pass","Fail") -> Pass | H19: =IF(AND(ISBLANK(D19),F19>=0),"Pass",IF(F19<=D19,"Pass","Fail")) -> Pass | I19: =SUBSTITUTE(B19,"_","") -> concurrentInpatient | J19: =SUBSTITUTE(E19,"_","") -> concurrentInpatient
B20: concurrentMedical | C20: varchar | D20: 50 | E20: concurrentMedical | F20: 6 | G20: =IF(I20=J20,"Pass","Fail") -> Pass | H20: =IF(AND(ISBLANK(D20),F20>=0),"Pass",IF(F20<=D20,"Pass","Fail")) -> Pass | I20: =SUBSTITUTE(B20,"_","") -> concurrentMedical | J20: =SUBSTITUTE(E20,"_","") -> concurrentMedical
B21: concurrentOutpatient | C21: varchar | D21: 50 | E21: concurrentOutpatient | F21: 5 | G21: =IF(I21=J21,"Pass","Fail") -> Pass | H21: =IF(AND(ISBLANK(D21),F21>=0),"Pass",IF(F21<=D21,"Pass","Fail")) -> Pass | I21: =SUBSTITUTE(B21,"_","") -> concurrentOutpatient | J21: =SUBSTITUTE(E21,"_","") -> concurrentOutpatient
... B26: concurrentPhyNormalizedToGroup | C26: varchar | D26: 50 | E26: concurrentPhyNormalizedToGroup | F26: 5 | G26: =IF(I26=J26,"Pass","Fail") -> Pass | H26: =IF(AND(ISBLANK(D26),F26>=0),"Pass",IF(F26<=D26,"Pass","Fail")) -> Pass | I26: =SUBSTITUTE(B26,"_","") -> concurrentPhyNormalizedToGroup | J26: =SUBSTITUTE(E26,"_","") -> concurrentPhyNormalizedToGroup

Sheet Medical_Claims
B1: Client layout | C1: Data Type | D1: Client Length | E1: Extract Layout | F1: Extract Length | G1: Layout Result | H1: Length Result | L1: Extract Total Count | M1: Application Total Count | N1: Difference | O1: Fail
B2: rev_claim_id | C2: varchar | D2: 37 | E2: rev_claim_id | F2: 37 | G2: =IF(I2=J2,"Pass","Fail") -> Pass | H2: =IF(AND(ISBLANK(D2),F2>=0),"Pass",IF(F2<=D2,"Pass","Fail")) -> Pass | I2: =SUBSTITUTE(B2,"_","") -> revclaimid | J2: =SUBSTITUTE(E2,"_","") -> revclaimid | L2: 1025013 | M2: 1025013 | N2: =L2-M2 -> 0
B3: rev_claim_line_id | C3: varchar | D3: 25 | E3: rev_claim_line_id | F3: 11 | G3: =IF(I3=J3,"Pass","Fail") -> Pass | H3: =IF(AND(ISBLANK(D3),F3>=0),"Pass",IF(F3<=D3,"Pass","Fail")) -> Pass | I3: =SUBSTITUTE(B3,"_","") -> revclaimlineid | J3: =SUBSTITUTE(E3,"_","") -> revclaimlineid | L3: Prior Count | M3: 984425 | N3: =L2-M3 -> 40588
B4: rev_claim_type | C4: varchar | D4: 15 | E4: rev_claim_type | F4: 4 | G4: =IF(I4=J4,"Pass","Fail") -> Pass | H4: =IF(AND(ISBLANK(D4),F4>=0),"Pass",IF(F4<=D4,"Pass","Fail")) -> Pass | I4: =SUBSTITUTE(B4,"_","") -> revclaimtype | J4: =SUBSTITUTE(E4,"_","") -> revclaimtype
B5: rev_claim_type_flag | C5: char | D5: 1 | E5: rev_claim_type_flag | F5: 0 | G5: =IF(I5=J5,"Pass","Fail") -> Pass | H5: =IF(AND(ISBLANK(D5),F5>=0),"Pass",IF(F5<=D5,"Pass","Fail")) -> Pass | I5: =SUBSTITUTE(B5,"_","") -> revclaimtypeflag | J5: =SUBSTITUTE(E5,"_","") -> revclaimtypeflag | L5: Overall | M5: Result
B6: ins_plan_type_code | C6: varchar | D6: 20 | E6: ins_plan_type_code | F6: 2 | G6: =IF(I6=J6,"Pass","Fail") -> Pass | H6: =IF(AND(ISBLANK(D6),F6>=0),"Pass",IF(F6<=D6,"Pass","Fail")) -> Pass | I6: =SUBSTITUTE(B6,"_","") -> insplantypecode | J6: =SUBSTITUTE(E6,"_","") -> insplantypecode | L6: Layout Result | M6: =IF(ISERROR(VLOOKUP($O$1,$G$2:$G$276,1,)),"Pass","Fail") -> Pass
B7: ins_plan_type_desc | C7: varchar | D7: 255 | E7: ins_plan_type_desc | F7: 5 | G7: =IF(I7=J7,"Pass","Fail") -> Pass | H7: =IF(AND(ISBLANK(D7),F7>=0),"Pass",IF(F7<=D7,"Pass","Fail")) -> Pass | I7: =SUBSTITUTE(B7,"_","") -> insplantypedesc | J7: =SUBSTITUTE(E7,"_","") -> insplantypedesc | L7: Field Length Result | M7: =IF(ISERROR(VLOOKUP($O$1,$H$2:$H$276,1,)),"Pass","Fail") -> Pass
B8: ins_carrier_id | C8: varchar | D8: 20 | E8: ins_carrier_id | F8: 13 | G8: =IF(I8=J8,"Pass","Fail") -> Pass | H8: =IF(AND(ISBLANK(D8),F8>=0),"Pass",IF(F8<=D8,"Pass","Fail")) -> Pass | I8: =SUBSTITUTE(B8,"_","") -> inscarrierid | J8: =SUBSTITUTE(E8,"_","") -> inscarrierid | L8: Count Result | M8: =IF(N2=0,"Pass","Fail") -> Pass
B9: ins_carrier_name | C9: varchar | D9: 50 | E9: ins_carrier_name | F9: 40 | G9: =IF(I9=J9,"Pass","Fail") -> Pass | H9: =IF(AND(ISBLANK(D9),F9>=0),"Pass",IF(F9<=D9,"Pass","Fail")) -> Pass | I9: =SUBSTITUTE(B9,"_","") -> inscarriername | J9: =SUBSTITUTE(E9,"_","") -> inscarriername | L9: % change in count with respect to previous count | M9: =IF(M3=0,0%,N3/M3) -> 0.04123016
B10: ins_coverage_type_code | C10: varchar | D10: 10 | E10: ins_coverage_type_code | F10: 2 | G10: =IF(I10=J10,"Pass","Fail") -> Pass | H10: =IF(AND(ISBLANK(D10),F10>=0),"Pass",IF(F10<=D10,"Pass","Fail")) -> Pass | I10: =SUBSTITUTE(B10,"_","") -> inscoveragetypecode | J10: =SUBSTITUTE(E10,"_","") -> inscoveragetypecode | L10: % change in file size with respect to previous file | M10: =File_Size_Comparision!F8 -> 0.19662921
B11: ins_coverage_type_desc | C11: varchar | D11: 50 | E11: ins_coverage_type_desc | F11: 5 | G11: =IF(I11=J11,"Pass","Fail") -> Pass | H11: =IF(AND(ISBLANK(D11),F11>=0),"Pass",IF(F11<=D11,"Pass","Fail")) -> Pass | I11: =SUBSTITUTE(B11,"_","") -> inscoveragetypedesc | J11: =SUBSTITUTE(E11,"_","") -> inscoveragetypedesc
B12: ins_plan_id | C12: varchar | D12: 43 | E12: ins_plan_id | F12: 13 | G12: =IF(I12=J12,"Pass","Fail") -> Pass | H12: =IF(AND(ISBLANK(D12),F12>=0),"Pass",IF(F12<=D12,"Pass","Fail")) -> Pass | I12: =SUBSTITUTE(B12,"_","") -> insplanid | J12: =SUBSTITUTE(E12,"_","") -> insplanid
B13: ins_emp_group_id | C13: varchar | D13: 20 | E13: ins_emp_group_id | F13: 13 | G13: =IF(I13=J13,"Pass","Fail") -> Pass | H13: =IF(AND(ISBLANK(D13),F13>=0),"Pass",IF(F13<=D13,"Pass","Fail")) -> Pass | I13: =SUBSTITUTE(B13,"_","") -> insempgroupid | J13: =SUBSTITUTE(E13,"_","") -> insempgroupid
B14: ins_emp_group_name | C14: varchar | D14: 50 | E14: ins_emp_group_name | F14: 31 | G14: =IF(I14=J14,"Pass","Fail") -> Pass | H14: =IF(AND(ISBLANK(D14),F14>=0),"Pass",IF(F14<=D14,"Pass","Fail")) -> Pass | I14: =SUBSTITUTE(B14,"_","") -> insempgroupname | J14: =SUBSTITUTE(E14,"_","") -> insempgroupname
B15: ins_division_id | C15: varchar | D15: 20 | E15: ins_division_id | F15: 8 | G15: =IF(I15=J15,"Pass","Fail") -> Pass | H15: =IF(AND(ISBLANK(D15),F15>=0),"Pass",IF(F15<=D15,"Pass","Fail")) -> Pass | I15: =SUBSTITUTE(B15,"_","") -> insdivisionid | J15: =SUBSTITUTE(E15,"_","") -> insdivisionid
B16: ins_division_name | C16: varchar | D16: 100 | E16: ins_division_name | F16: 56 | G16: =IF(I16=J16,"Pass","Fail") -> Pass | H16: =IF(AND(ISBLANK(D16),F16>=0),"Pass",IF(F16<=D16,"Pass","Fail")) -> Pass | I16: =SUBSTITUTE(B16,"_","") -> insdivisionname | J16: =SUBSTITUTE(E16,"_","") -> insdivisionname
B17: ins_cobra_code | C17: varchar | D17: 2 | E17: ins_cobra_code | F17: 0 | G17: =IF(I17=J17,"Pass","Fail") -> Pass | H17: =IF(AND(ISBLANK(D17),F17>=0),"Pass",IF(F17<=D17,"Pass","Fail")) -> Pass | I17: =SUBSTITUTE(B17,"_","") -> inscobracode | J17: =SUBSTITUTE(E17,"_","") -> inscobracode
B18: ins_cobra_desc | C18: varchar | D18: 30 | E18: ins_cobra_desc | F18: 0 | G18: =IF(I18=J18,"Pass","Fail") -> Pass | H18: =IF(AND(ISBLANK(D18),F18>=0),"Pass",IF(F18<=D18,"Pass","Fail")) -> Pass | I18: =SUBSTITUTE(B18,"_","") -> inscobradesc | J18: =SUBSTITUTE(E18,"_","") -> inscobradesc
B19: mbr_id | C19: varchar | D19: 22 | E19: mbr_id | F19: 11 | G19: =IF(I19=J19,"Pass","Fail") -> Pass | H19: =IF(AND(ISBLANK(D19),F19>=0),"Pass",IF(F19<=D19,"Pass","Fail")) -> Pass | I19: =SUBSTITUTE(B19,"_","") -> mbrid | J19: =SUBSTITUTE(E19,"_","") -> mbrid
B20: mbr_ssn | C20: varchar | D20: 22 | E20: mbr_ssn | F20: 22 | G20: =IF(I20=J20,"Pass","Fail") -> Pass | H20: =IF(AND(ISBLANK(D20),F20>=0),"Pass",IF(F20<=D20,"Pass","Fail")) -> Pass | I20: =SUBSTITUTE(B20,"_","") -> mbrssn | J20: =SUBSTITUTE(E20,"_","") -> mbrssn
B21: mbr_first_name | C21: varchar | D21: 30 | E21: mbr_first_name | F21: 17 | G21: =IF(I21=J21,"Pass","Fail") -> Pass | H21: =IF(AND(ISBLANK(D21),F21>=0),"Pass",IF(F21<=D21,"Pass","Fail")) -> Pass | I21: =SUBSTITUTE(B21,"_","") -> mbrfirstname | J21: =SUBSTITUTE(E21,"_","") -> mbrfirstname
B22: mbr_middle_name | C22: varchar | D22: 30 | E22: mbr_middle_name | F22: 0 | G22: =IF(I22=J22,"Pass","Fail") -> Pass | H22: =IF(AND(ISBLANK(D22),F22>=0),"Pass",IF(F22<=D22,"Pass","Fail")) -> Pass | I22: =SUBSTITUTE(B22,"_","") -> mbrmiddlename | J22: =SUBSTITUTE(E22,"_","") -> mbrmiddlename
... B24: mbr_gender | C24: varchar | D24: 2 | E24: mbr_gender | F24: 1 | G24: =IF(I24=J24,"Pass","Fail") -> Pass | H24: =IF(AND(ISBLANK(D24),F24>=0),"Pass",IF(F24<=D24,"Pass","Fail")) -> Pass | I24: =SUBSTITUTE(B24,"_","") -> mbrgender | J24: =SUBSTITUTE(E24,"_","") -> mbrgender
B25: mbr_dob | C25: date | E25: mbr_dob | F25: 10 | G25: =IF(I25=J25,"Pass","Fail") -> Pass | H25: =IF(AND(ISBLANK(D25),F25>=0),"Pass",IF(F25<=D25,"Pass","Fail")) -> Pass | I25: =SUBSTITUTE(B25,"_","") -> mbrdob | J25: =SUBSTITUTE(E25,"_","") -> mbrdob
B26: mbr_street_1 | C26: varchar | D26: 50 | E26: mbr_street_1 | F26: 0 | G26: =IF(I26=J26,"Pass","Fail") -> Pass | H26: =IF(AND(ISBLANK(D26),F26>=0),"Pass",IF(F26<=D26,"Pass","Fail")) -> Pass | I26: =SUBSTITUTE(B26,"_","") -> mbrstreet1 | J26: =SUBSTITUTE(E26,"_","") -> mbrstreet1
B27: mbr_street_2 | C27: varchar | D27: 50 | E27: mbr_street_2 | F27: 0 | G27: =IF(I27=J27,"Pass","Fail") -> Pass | H27: =IF(AND(ISBLANK(D27),F27>=0),"Pass",IF(F27<=D27,"Pass","Fail")) -> Pass | I27: =SUBSTITUTE(B27,"_","") -> mbrstreet2 | J27: =SUBSTITUTE(E27,"_","") -> mbrstreet2
B28: mbr_city | C28: varchar | D28: 50 | E28: mbr_city | F28: 0 | G28: =IF(I28=J28,"Pass","Fail") -> Pass | H28: =IF(AND(ISBLANK(D28),F28>=0),"Pass",IF(F28<=D28,"Pass","Fail")) -> Pass | I28: =SUBSTITUTE(B28,"_","") -> mbrcity | J28: =SUBSTITUTE(E28,"_","") -> mbrcity
B29: mbr_county | C29: varchar | D29: 20 | E29: mbr_county | F29: 0 | G29: =IF(I29=J29,"Pass","Fail") -> Pass | H29: =IF(AND(ISBLANK(D29),F29>=0),"Pass",IF(F29<=D29,"Pass","Fail")) -> Pass | I29: =SUBSTITUTE(B29,"_","") -> mbrcounty | J29: =SUBSTITUTE(E29,"_","") -> mbrcounty
B30: mbr_state | C30: varchar | D30: 2 | E30: mbr_state | F30: 2 | G30: =IF(I30=J30,"Pass","Fail") -> Pass | H30: =IF(AND(ISBLANK(D30),F30>=0),"Pass",IF(F30<=D30,"Pass","Fail")) -> Pass | I30: =SUBSTITUTE(B30,"_","") -> mbrstate | J30: =SUBSTITUTE(E30,"_","") -> mbrstate
B31: mbr_zip | C31: varchar | D31: 10 | E31: mbr_zip | F31: 5 | G31: =IF(I31=J31,"Pass","Fail") -> Pass | H31: =IF(AND(ISBLANK(D31),F31>=0),"Pass",IF(F31<=D31,"Pass","Fail")) -> Pass | I31: =SUBSTITUTE(B31,"_","") -> mbrzip | J31: =SUBSTITUTE(E31,"_","") -> mbrzip
B32: mbr_phone | C32: varchar | D32: 15 | E32: mbr_phone | F32: 0 | G32: =IF(I32=J32,"Pass","Fail") -> Pass | H32: =IF(AND(ISBLANK(D32),F32>=0),"Pass",IF(F32<=D32,"Pass","Fail")) -> Pass | I32: =SUBSTITUTE(B32,"_","") -> mbrphone | J32: =SUBSTITUTE(E32,"_","") -> mbrphone
B33: mbr_region_code | C33: varchar | D33: 32 | E33: mbr_region_code | F33: 0 | G33: =IF(I33=J33,"Pass","Fail") -> Pass | H33: =IF(AND(ISBLANK(D33),F33>=0),"Pass",IF(F33<=D33,"Pass","Fail")) -> Pass | I33: =SUBSTITUTE(B33,"_","") -> mbrregioncode | J33: =SUBSTITUTE(E33,"_","") -> mbrregioncode
B34: mbr_region_name | C34: varchar | D34: 50 | E34: mbr_region_name | F34: 0 | G34: =IF(I34=J34,"Pass","Fail") -> Pass | H34: =IF(AND(ISBLANK(D34),F34>=0),"Pass",IF(F34<=D34,"Pass","Fail")) -> Pass | I34: =SUBSTITUTE(B34,"_","") -> mbrregionname | J34: =SUBSTITUTE(E34,"_","") -> mbrregionname
B35: mbr_relationship_code | C35: varchar | D35: 10 | E35: mbr_relationship_code | F35: 3 | G35: =IF(I35=J35,"Pass","Fail") -> Pass | H35: =IF(AND(ISBLANK(D35),F35>=0),"Pass",IF(F35<=D35,"Pass","Fail")) -> Pass | I35: =SUBSTITUTE(B35,"_","") -> mbrrelationshipcode | J35: =SUBSTITUTE(E35,"_","") -> mbrrelationshipcode
B36: mbr_relationship_desc | C36: varchar | D36: 22 | E36: mbr_relationship_desc | F36: 22 | G36: =IF(I36=J36,"Pass","Fail") -> Pass | H36: =IF(AND(ISBLANK(D36),F36>=0),"Pass",IF(F36<=D36,"Pass","Fail")) -> Pass | I36: =SUBSTITUTE(B36,"_","") -> mbrrelationshipdesc | J36: =SUBSTITUTE(E36,"_","") -> mbrrelationshipdesc
B37: prv_service_provider_id | C37: varchar | D37: 36 | E37: prv_service_provider_id | F37: 10 | G37: =IF(I37=J37,"Pass","Fail") -> Pass | H37: =IF(AND(ISBLANK(D37),F37>=0),"Pass",IF(F37<=D37,"Pass","Fail")) -> Pass | I37: =SUBSTITUTE(B37,"_","") -> prvserviceproviderid | J37: =SUBSTITUTE(E37,"_","") -> prvserviceproviderid
... B112: svc_discharge_desc | C112: varchar | D112: 200 | E112: svc_discharge_desc | F112: 80 | G112: =IF(I112=J112,"Pass","Fail") -> Pass | H112: =IF(AND(ISBLANK(D112),F112>=0),"Pass",IF(F112<=D112,"Pass","Fail")) -> Pass | I112: =SUBSTITUTE(B112,"_","") -> svcdischargedesc | J112: =SUBSTITUTE(E112,"_","") -> svcdischargedesc
B113: svc_service_qty | C113: int | E113: svc_service_qty | F113: 6 | G113: =IF(I113=J113,"Pass","Fail") -> Pass | H113: =IF(AND(ISBLANK(D113),F113>=0),"Pass",IF(F113<=D113,"Pass","Fail")) -> Pass | I113: =SUBSTITUTE(B113,"_","") -> svcserviceqty | J113: =SUBSTITUTE(E113,"_","") -> svcserviceqty
B114: svc_ip_days | C114: int | E114: svc_ip_days | F114: 1 | G114: =IF(I114=J114,"Pass","Fail") -> Pass | H114: =IF(AND(ISBLANK(D114),F114>=0),"Pass",IF(F114<=D114,"Pass","Fail")) -> Pass | I114: =SUBSTITUTE(B114,"_","") -> svcipdays | J114: =SUBSTITUTE(E114,"_","") -> svcipdays
B115: svc_covered_days | C115: int | E115: svc_covered_days | F115: 1 | G115: =IF(I115=J115,"Pass","Fail") -> Pass | H115: =IF(AND(ISBLANK(D115),F115>=0),"Pass",IF(F115<=D115,"Pass","Fail")) -> Pass | I115: =SUBSTITUTE(B115,"_","") -> svccovereddays | J115: =SUBSTITUTE(E115,"_","") -> svccovereddays
B116: svc_admit_type | C116: varchar | D116: 6 | E116: svc_admit_type | F116: 0 | G116: =IF(I116=J116,"Pass","Fail") -> Pass | H116: =IF(AND(ISBLANK(D116),F116>=0),"Pass",IF(F116<=D116,"Pass","Fail")) -> Pass | I116: =SUBSTITUTE(B116,"_","") -> svcadmittype | J116: =SUBSTITUTE(E116,"_","") -> svcadmittype
B117: svc_service_frm_date | C117: date | E117: svc_service_frm_date | F117: 10 | G117: =IF(I117=J117,"Pass","Fail") -> Pass | H117: =IF(AND(ISBLANK(D117),F117>=0),"Pass",IF(F117<=D117,"Pass","Fail")) -> Pass | I117: =SUBSTITUTE(B117,"_","") -> svcservicefrmdate | J117: =SUBSTITUTE(E117,"_","") -> svcservicefrmdate
B118: svc_service_to_date | C118: date | E118: svc_service_to_date | F118: 10 | G118: =IF(I118=J118,"Pass","Fail") -> Pass | H118: =IF(AND(ISBLANK(D118),F118>=0),"Pass",IF(F118<=D118,"Pass","Fail")) -> Pass | I118: =SUBSTITUTE(B118,"_","") -> svcservicetodate | J118: =SUBSTITUTE(E118,"_","") -> svcservicetodate
B119: rev_adjudication_date | C119: date | E119: rev_adjudication_date | F119: 0 | G119: =IF(I119=J119,"Pass","Fail") -> Pass | H119: =IF(AND(ISBLANK(D119),F119>=0),"Pass",IF(F119<=D119,"Pass","Fail")) -> Pass | I119: =SUBSTITUTE(B119,"_","") -> revadjudicationdate | J119: =SUBSTITUTE(E119,"_","") -> revadjudicationdate
B120: rev_paid_date | C120: date | E120: rev_paid_date | F120: 10 | G120: =IF(I120=J120,"Pass","Fail") -> Pass | H120: =IF(AND(ISBLANK(D120),F120>=0),"Pass",IF(F120<=D120,"Pass","Fail")) -> Pass | I120: =SUBSTITUTE(B120,"_","") -> revpaiddate | J120: =SUBSTITUTE(E120,"_","") -> revpaiddate
B121: svc_benefit_code | C121: varchar | D121: 10 | E121: svc_benefit_code | F121: 7 | G121: =IF(I121=J121,"Pass","Fail") -> Pass | H121: =IF(AND(ISBLANK(D121),F121>=0),"Pass",IF(F121<=D121,"Pass","Fail")) -> Pass | I121: =SUBSTITUTE(B121,"_","") -> svcbenefitcode | J121: =SUBSTITUTE(E121,"_","") -> svcbenefitcode
B122: svc_benefit_desc | C122: varchar | D122: 100 | E122: svc_benefit_desc | F122: 7 | G122: =IF(I122=J122,"Pass","Fail") -> Pass | H122: =IF(AND(ISBLANK(D122),F122>=0),"Pass",IF(F122<=D122,"Pass","Fail")) -> Pass | I122: =SUBSTITUTE(B122,"_","") -> svcbenefitdesc | J122: =SUBSTITUTE(E122,"_","") -> svcbenefitdesc
B123: rev_allowed_amt | C123: numeric | D123: 19,2 | E123: rev_allowed_amt | F123: 4 | G123: =IF(I123=J123,"Pass","Fail") -> Pass | H123: =IF(AND(ISBLANK(D123),F123>=0),"Pass",IF(F123<=D123,"Pass","Fail")) -> Pass | I123: =SUBSTITUTE(B123,"_","") -> revallowedamt | J123: =SUBSTITUTE(E123,"_","") -> revallowedamt
B124: rev_billed_amt | C124: numeric | D124: 19,2 | E124: rev_billed_amt | F124: 4 | G124: =IF(I124=J124,"Pass","Fail") -> Pass | H124: =IF(AND(ISBLANK(D124),F124>=0),"Pass",IF(F124<=D124,"Pass","Fail")) -> Pass | I124: =SUBSTITUTE(B124,"_","") -> revbilledamt | J124: =SUBSTITUTE(E124,"_","") -> revbilledamt
B125: rev_cob_paid_amt | C125: numeric | D125: 19,2 | E125: rev_cob_paid_amt | F125: 4 | G125: =IF(I125=J125,"Pass","Fail") -> Pass | H125: =IF(AND(ISBLANK(D125),F125>=0),"Pass",IF(F125<=D125,"Pass","Fail")) -> Pass | I125: =SUBSTITUTE(B125,"_","") -> revcobpaidamt | J125: =SUBSTITUTE(E125,"_","") -> revcobpaidamt
B126: rev_coinsurance_amt | C126: numeric | D126: 19,2 | E126: rev_coinsurance_amt | F126: 4 | G126: =IF(I126=J126,"Pass","Fail") -> Pass | H126: =IF(AND(ISBLANK(D126),F126>=0),"Pass",IF(F126<=D126,"Pass","Fail")) -> Pass | I126: =SUBSTITUTE(B126,"_","") -> revcoinsuranceamt | J126: =SUBSTITUTE(E126,"_","") -> revcoinsuranceamt
B127: rev_copay_amt | C127: numeric | D127: 19,2 | E127: rev_copay_amt | F127: 4 | G127: =IF(I127=J127,"Pass","Fail") -> Pass | H127: =IF(AND(ISBLANK(D127),F127>=0),"Pass",IF(F127<=D127,"Pass","Fail")) -> Pass | I127: =SUBSTITUTE(B127,"_","") -> revcopayamt | J127: =SUBSTITUTE(E127,"_","") -> revcopayamt
B128: rev_coverage_charge_amt | C128: numeric | D128: 19,2 | E128: rev_coverage_charge_amt | F128: 4 | G128: =IF(I128=J128,"Pass","Fail") -> Pass | H128: =IF(AND(ISBLANK(D128),F128>=0),"Pass",IF(F128<=D128,"Pass","Fail")) -> Pass | I128: =SUBSTITUTE(B128,"_","") -> revcoveragechargeamt | J128: =SUBSTITUTE(E128,"_","") -> revcoveragechargeamt
B129: rev_deductible_amt | C129: numeric | D129: 19,2 | E129: rev_deductible_amt | F129: 4 | G129: =IF(I129=J129,"Pass","Fail") -> Pass | H129: =IF(AND(ISBLANK(D129),F129>=0),"Pass",IF(F129<=D129,"Pass","Fail")) -> Pass | I129: =SUBSTITUTE(B129,"_","") -> revdeductibleamt | J129: =SUBSTITUTE(E129,"_","") -> revdeductibleamt
B130: rev_not_covered_amt | C130: numeric | D130: 19,2 | E130: rev_not_covered_amt | F130: 4 | G130: =IF(I130=J130,"Pass","Fail") -> Pass | H130: =IF(AND(ISBLANK(D130),F130>=0),"Pass",IF(F130<=D130,"Pass","Fail")) -> Pass | I130: =SUBSTITUTE(B130,"_","") -> revnotcoveredamt | J130: =SUBSTITUTE(E130,"_","") -> revnotcoveredamt
B131: rev_other_savings | C131: numeric | D131: 19,2 | E131: rev_other_savings | F131: 4 | G131: =IF(I131=J131,"Pass","Fail") -> Pass | H131: =IF(AND(ISBLANK(D131),F131>=0),"Pass",IF(F131<=D131,"Pass","Fail")) -> Pass | I131: =SUBSTITUTE(B131,"_","") -> revothersavings | J131: =SUBSTITUTE(E131,"_","") -> revothersavings
B132: rev_ppo_savings | C132: numeric | D132: 19,2 | E132: rev_ppo_savings | F132: 4 | G132: =IF(I132=J132,"Pass","Fail") -> Pass | H132: =IF(AND(ISBLANK(D132),F132>=0),"Pass",IF(F132<=D132,"Pass","Fail")) -> Pass | I132: =SUBSTITUTE(B132,"_","") -> revpposavings | J132: =SUBSTITUTE(E132,"_","") -> revpposavings
B133: rev_paid_amt | C133: numeric | D133: 19,2 | E133: rev_paid_amt | F133: 10 | G133: =IF(I133=J133,"Pass","Fail") -> Pass | H133: =IF(AND(ISBLANK(D133),F133>=0),"Pass",IF(F133<=D133,"Pass","Fail")) -> Pass | I133: =SUBSTITUTE(B133,"_","") -> revpaidamt | J133: =SUBSTITUTE(E133,"_","") -> revpaidamt
B134: rev_pay_type | C134: varchar | D134: 4 | E134: rev_pay_type | F134: 0 | G134: =IF(I134=J134,"Pass","Fail") -> Pass | H134: =IF(AND(ISBLANK(D134),F134>=0),"Pass",IF(F134<=D134,"Pass","Fail")) -> Pass | I134: =SUBSTITUTE(B134,"_","") -> revpaytype | J134: =SUBSTITUTE(E134,"_","") -> revpaytype
B135: rev_check_num | C135: varchar | D135: 20 | E135: rev_check_num | F135: 0 | G135: =IF(I135=J135,"Pass","Fail") -> Pass | H135: =IF(AND(ISBLANK(D135),F135>=0),"Pass",IF(F135<=D135,"Pass","Fail")) -> Pass | I135: =SUBSTITUTE(B135,"_","") -> revchecknum | J135: =SUBSTITUTE(E135,"_","") -> revchecknum
B136: svc_pre_authorization | C136: varchar | D136: 50 | E136: svc_pre_authorization | F136: 0 | G136: =IF(I136=J136,"Pass","Fail") -> Pass | H136: =IF(AND(ISBLANK(D136),F136>=0),"Pass",IF(F136<=D136,"Pass","Fail")) -> Pass | I136: =SUBSTITUTE(B136,"_","") -> svcpreauthorization | J136: =SUBSTITUTE(E136,"_","") -> svcpreauthorization
B137: rev_adjudication_code | C137: varchar | D137: 8 | E137: rev_adjudication_code | F137: 0 | G137: =IF(I137=J137,"Pass","Fail") -> Pass | H137: =IF(AND(ISBLANK(D137),F137>=0),"Pass",IF(F137<=D137,"Pass","Fail")) -> Pass | I137: =SUBSTITUTE(B137,"_","") -> revadjudicationcode | J137: =SUBSTITUTE(E137,"_","") -> revadjudicationcode
B138: rev_adjudication_desc | C138: varchar | D138: 50 | E138: rev_adjudication_desc | F138: 0 | G138: =IF(I138=J138,"Pass","Fail") -> Pass | H138: =IF(AND(ISBLANK(D138),F138>=0),"Pass",IF(F138<=D138,"Pass","Fail")) -> Pass | I138: =SUBSTITUTE(B138,"_","") -> revadjudicationdesc | J138: =SUBSTITUTE(E138,"_","") -> revadjudicationdesc
B139: mbr_mrn | C139: varchar | D139: 30 | E139: mbr_mrn | F139: 0 | G139: =IF(I139=J139,"Pass","Fail") -> Pass | H139: =IF(AND(ISBLANK(D139),F139>=0),"Pass",IF(F139<=D139,"Pass","Fail")) -> Pass | I139: =SUBSTITUTE(B139,"_","") -> mbrmrn | J139: =SUBSTITUTE(E139,"_","") -> mbrmrn
B140: mbr_hicn | C140: varchar | D140: 11 | E140: mbr_hicn | F140: 0 | G140: =IF(I140=J140,"Pass","Fail") -> Pass | H140: =IF(AND(ISBLANK(D140),F140>=0),"Pass",IF(F140<=D140,"Pass","Fail")) -> Pass | I140: =SUBSTITUTE(B140,"_","") -> mbrhicn | J140: =SUBSTITUTE(E140,"_","") -> mbrhicn
B141: rev_bill_type_code | C141: varchar | D141: 3 | E141: rev_bill_type_code | F141: 0 | G141: =IF(I141=J141,"Pass","Fail") -> Pass | H141: =IF(AND(ISBLANK(D141),F141>=0),"Pass",IF(F141<=D141,"Pass","Fail")) -> Pass | I141: =SUBSTITUTE(B141,"_","") -> revbilltypecode | J141: =SUBSTITUTE(E141,"_","") -> revbilltypecode
B142: rev_bill_type_desc | C142: varchar | D142: 100 | E142: rev_bill_type_desc | F142: 0 | G142: =IF(I142=J142,"Pass","Fail") -> Pass | H142: =IF(AND(ISBLANK(D142),F142>=0),"Pass",IF(F142<=D142,"Pass","Fail")) -> Pass | I142: =SUBSTITUTE(B142,"_","") -> revbilltypedesc | J142: =SUBSTITUTE(E142,"_","") -> revbilltypedesc
B143: udf1 | C143: varchar | D143: 100 | E143: udf1 | F143: 0 | G143: =IF(I143=J143,"Pass","Fail") -> Pass | H143: =IF(AND(ISBLANK(D143),F143>=0),"Pass",IF(F143<=D143,"Pass","Fail")) -> Pass | I143: =SUBSTITUTE(B143,"_","") -> udf1 | J143: =SUBSTITUTE(E143,"_","") -> udf1
B144: udf2 | C144: varchar | D144: 100 | E144: udf2 | F144: 0 | G144: =IF(I144=J144,"Pass","Fail") -> Pass | H144: =IF(AND(ISBLANK(D144),F144>=0),"Pass",IF(F144<=D144,"Pass","Fail")) -> Pass | I144: =SUBSTITUTE(B144,"_","") -> udf2 | J144: =SUBSTITUTE(E144,"_","") -> udf2
B145: udf3 | C145: varchar | D145: 100 | E145: udf3 | F145: 0 | G145: =IF(I145=J145,"Pass","Fail") -> Pass | H145: =IF(AND(ISBLANK(D145),F145>=0),"Pass",IF(F145<=D145,"Pass","Fail")) -> Pass | I145: =SUBSTITUTE(B145,"_","") -> udf3 | J145: =SUBSTITUTE(E145,"_","") -> udf3
... B249: proc7_betos_sub_grouper | C249: varchar | D249: 100 | E249: proc7_betos_sub_grouper | F249: 11 | G249: =IF(I249=J249,"Pass","Fail") -> Pass | H249: =IF(AND(ISBLANK(D249),F249>=0),"Pass",IF(F249<=D249,"Pass","Fail")) -> Pass | I249: =SUBSTITUTE(B249,"_","") -> proc7betossubgrouper | J249: =SUBSTITUTE(E249,"_","") -> proc7betossubgrouper
B250: dw_creation_date | C250: date | E250: dw_creation_date | F250: 10 | G250: =IF(I250=J250,"Pass","Fail") -> Pass | H250: =IF(AND(ISBLANK(D250),F250>=0),"Pass",IF(F250<=D250,"Pass","Fail")) -> Pass | I250: =SUBSTITUTE(B250,"_","") -> dwcreationdate | J250: =SUBSTITUTE(E250,"_","") -> dwcreationdate
B251: dw_update_date | C251: date | E251: dw_update_date | F251: 10 | G251: =IF(I251=J251,"Pass","Fail") -> Pass | H251: =IF(AND(ISBLANK(D251),F251>=0),"Pass",IF(F251<=D251,"Pass","Fail")) -> Pass | I251: =SUBSTITUTE(B251,"_","") -> dwupdatedate | J251: =SUBSTITUTE(E251,"_","") -> dwupdatedate
B252: dw_rawfilename | C252: varchar | D252: 255 | E252: dw_rawfilename | F252: 73 | G252: =IF(I252=J252,"Pass","Fail") -> Pass | H252: =IF(AND(ISBLANK(D252),F252>=0),"Pass",IF(F252<=D252,"Pass","Fail")) -> Pass | I252: =SUBSTITUTE(B252,"_","") -> dwrawfilename | J252: =SUBSTITUTE(E252,"_","") -> dwrawfilename
B253: dw_recievedmonth | C253: varchar | D253: 10 | E253: dw_recievedmonth | F253: 10 | G253: =IF(I253=J253,"Pass","Fail") -> Pass | H253: =IF(AND(ISBLANK(D253),F253>=0),"Pass",IF(F253<=D253,"Pass","Fail")) -> Pass | I253: =SUBSTITUTE(B253,"_","") -> dwrecievedmonth | J253: =SUBSTITUTE(E253,"_","") -> dwrecievedmonth
B254: visit_id | C254: int | E254: visit_id | F254: 6 | G254: =IF(I254=J254,"Pass","Fail") -> Pass | H254: =IF(AND(ISBLANK(D254),F254>=0),"Pass",IF(F254<=D254,"Pass","Fail")) -> Pass | I254: =SUBSTITUTE(B254,"_","") -> visitid | J254: =SUBSTITUTE(E254,"_","") -> visitid
B255: dw_member_id | C255: varchar | D255: 50 | E255: dw_member_id | F255: 32 | G255: =IF(I255=J255,"Pass","Fail") -> Pass | H255: =IF(AND(ISBLANK(D255),F255>=0),"Pass",IF(F255<=D255,"Pass","Fail")) -> Pass | I255: =SUBSTITUTE(B255,"_","") -> dwmemberid | J255: =SUBSTITUTE(E255,"_","") -> dwmemberid
B256: is_makalu_used | C256: varchar | D256: 20 | E256: is_makalu_used | F256: 4 | G256: =IF(I256=J256,"Pass","Fail") -> Pass | H256: =IF(AND(ISBLANK(D256),F256>=0),"Pass",IF(F256<=D256,"Pass","Fail")) -> Pass | I256: =SUBSTITUTE(B256,"_","") -> ismakaluused | J256: =SUBSTITUTE(E256,"_","") -> ismakaluused
B257: udf21 | C257: Varchar | D257: 100 | E257: udf21 | F257: 14 | G257: =IF(I257=J257,"Pass","Fail") -> Pass | H257: =IF(AND(ISBLANK(D257),F257>=0),"Pass",IF(F257<=D257,"Pass","Fail")) -> Pass | I257: =SUBSTITUTE(B257,"_","") -> udf21 | J257: =SUBSTITUTE(E257,"_","") -> udf21
B258: udf22 | C258: Varchar | D258: 100 | E258: udf22 | F258: 5 | G258: =IF(I258=J258,"Pass","Fail") -> Pass | H258: =IF(AND(ISBLANK(D258),F258>=0),"Pass",IF(F258<=D258,"Pass","Fail")) -> Pass | I258: =SUBSTITUTE(B258,"_","") -> udf22 | J258: =SUBSTITUTE(E258,"_","") -> udf22
B259: udf23 | C259: Varchar | D259: 100 | E259: udf23 | F259: 5 | G259: =IF(I259=J259,"Pass","Fail") -> Pass | H259: =IF(AND(ISBLANK(D259),F259>=0),"Pass",IF(F259<=D259,"Pass","Fail")) -> Pass | I259: =SUBSTITUTE(B259,"_","") -> udf23 | J259: =SUBSTITUTE(E259,"_","") -> udf23
B260: udf24 | C260: Varchar | D260: 100 | E260: udf24 | F260: 5 | G260: =IF(I260=J260,"Pass","Fail") -> Pass | H260: =IF(AND(ISBLANK(D260),F260>=0),"Pass",IF(F260<=D260,"Pass","Fail")) -> Pass | I260: =SUBSTITUTE(B260,"_","") -> udf24 | J260: =SUBSTITUTE(E260,"_","") -> udf24
B261: udf25 | C261: Varchar | D261: 100 | E261: udf25 | F261: 5 | G261: =IF(I261=J261,"Pass","Fail") -> Pass | H261: =IF(AND(ISBLANK(D261),F261>=0),"Pass",IF(F261<=D261,"Pass","Fail")) -> Pass | I261: =SUBSTITUTE(B261,"_","") -> udf25 | J261: =SUBSTITUTE(E261,"_","") -> udf25
B262: udf26 | C262: Varchar | D262: 100 | E262: udf26 | F262: 0 | G262: =IF(I262=J262,"Pass","Fail") -> Pass | H262: =IF(AND(ISBLANK(D262),F262>=0),"Pass",IF(F262<=D262,"Pass","Fail")) -> Pass | I262: =SUBSTITUTE(B262,"_","") -> udf26 | J262: =SUBSTITUTE(E262,"_","") -> udf26
B263: udf27 | C263: Varchar | D263: 100 | E263: udf27 | F263: 0 | G263: =IF(I263=J263,"Pass","Fail") -> Pass | H263: =IF(AND(ISBLANK(D263),F263>=0),"Pass",IF(F263<=D263,"Pass","Fail")) -> Pass | I263: =SUBSTITUTE(B263,"_","") -> udf27 | J263: =SUBSTITUTE(E263,"_","") -> udf27
B264: udf28 | C264: Varchar | D264: 100 | E264: udf28 | F264: 0 | G264: =IF(I264=J264,"Pass","Fail") -> Pass | H264: =IF(AND(ISBLANK(D264),F264>=0),"Pass",IF(F264<=D264,"Pass","Fail")) -> Pass | I264: =SUBSTITUTE(B264,"_","") -> udf28 | J264: =SUBSTITUTE(E264,"_","") -> udf28
B265: udf29 | C265: Varchar | D265: 100 | E265: udf29 | F265: 0 | G265: =IF(I265=J265,"Pass","Fail") -> Pass | H265: =IF(AND(ISBLANK(D265),F265>=0),"Pass",IF(F265<=D265,"Pass","Fail")) -> Pass | I265: =SUBSTITUTE(B265,"_","") -> udf29 | J265: =SUBSTITUTE(E265,"_","") -> udf29
B266: udf30 | C266: Varchar | D266: 100 | E266: udf30 | F266: 0 | G266: =IF(I266=J266,"Pass","Fail") -> Pass | H266: =IF(AND(ISBLANK(D266),F266>=0),"Pass",IF(F266<=D266,"Pass","Fail")) -> Pass | I266: =SUBSTITUTE(B266,"_","") -> udf30 | J266: =SUBSTITUTE(E266,"_","") -> udf30
... B276: udf40 | C276: Varchar | D276: 100 | E276: udf40 | F276: 0 | G276: =IF(I276=J276,"Pass","Fail") -> Pass | H276: =IF(AND(ISBLANK(D276),F276>=0),"Pass",IF(F276<=D276,"Pass","Fail")) -> Pass | I276: =SUBSTITUTE(B276,"_","") -> udf40 | J276: =SUBSTITUTE(E276,"_","") -> udf40

Sheet Participation
B1: Client layout | C1: Data Type | D1: Client Length | E1: Extract Layout | F1: Extract Length | G1: Layout Result | H1: Length Result | O1: Fail
B2: dw_record_id | C2: int | G2: =IF(I2=J2,"Pass","Fail") -> Fail | H2: =IF(AND(ISBLANK(D2),F2>=0),"Pass",IF(F2<=D2,"Pass","Fail")) -> Pass | I2: =SUBSTITUTE(B2,"_","") -> dwrecordid | J2: =SUBSTITUTE(E2,"_","") | L2: Extract Total Count | M2: Application Total Count | N2: Difference
B3: dw_account_id | C3: varchar | D3: 50 | G3: =IF(I3=J3,"Pass","Fail") -> Fail | H3: =IF(AND(ISBLANK(D3),F3>=0),"Pass",IF(F3<=D3,"Pass","Fail")) -> Pass | I3: =SUBSTITUTE(B3,"_","") -> dwaccountid | J3: =SUBSTITUTE(E3,"_","") | N3: =L3-M3 -> 0
B4: dw_client_id | C4: varchar | D4: 50 | G4: =IF(I4=J4,"Pass","Fail") -> Fail | H4: =IF(AND(ISBLANK(D4),F4>=0),"Pass",IF(F4<=D4,"Pass","Fail")) -> Pass | I4: =SUBSTITUTE(B4,"_","") -> dwclientid | J4: =SUBSTITUTE(E4,"_","") | L4: Prior Count | N4: =L3-M4 -> 0
B5: dw_member_id | C5: varchar | D5: 50 | G5: =IF(I5=J5,"Pass","Fail") -> Fail | H5: =IF(AND(ISBLANK(D5),F5>=0),"Pass",IF(F5<=D5,"Pass","Fail")) -> Pass | I5: =SUBSTITUTE(B5,"_","") -> dwmemberid | J5: =SUBSTITUTE(E5,"_","")
B6: mbr_id | C6: varchar | D6: 20 | G6: =IF(I6=J6,"Pass","Fail") -> Fail | H6: =IF(AND(ISBLANK(D6),F6>=0),"Pass",IF(F6<=D6,"Pass","Fail")) -> Pass | I6: =SUBSTITUTE(B6,"_","") -> mbrid | J6: =SUBSTITUTE(E6,"_","") | L6: Overall | M6: Result
B7: program_type | C7: varchar | D7: 50 | G7: =IF(I7=J7,"Pass","Fail") -> Fail | H7: =IF(AND(ISBLANK(D7),F7>=0),"Pass",IF(F7<=D7,"Pass","Fail")) -> Pass | I7: =SUBSTITUTE(B7,"_","") -> programtype | J7: =SUBSTITUTE(E7,"_","") | L7: Layout Result | M7: =IF(ISERROR(VLOOKUP($O$1,$G$2:$G$12,1,)),"Pass","Fail") -> Fail
B8: program_code | C8: varchar | D8: 20 | G8: =IF(I8=J8,"Pass","Fail") -> Fail | H8: =IF(AND(ISBLANK(D8),F8>=0),"Pass",IF(F8<=D8,"Pass","Fail")) -> Pass | I8: =SUBSTITUTE(B8,"_","") -> programcode | J8: =SUBSTITUTE(E8,"_","") | L8: Field Length Result | M8: =IF(ISERROR(VLOOKUP($O$1,$H$2:$H$12,1,)),"Pass","Fail") -> Pass
B9: program_name | C9: date | D9: 50 | G9: =IF(I9=J9,"Pass","Fail") -> Fail | H9: =IF(AND(ISBLANK(D9),F9>=0),"Pass",IF(F9<=D9,"Pass","Fail")) -> Pass | I9: =SUBSTITUTE(B9,"_","") -> programname | J9: =SUBSTITUTE(E9,"_","") | L9: Count Result | M9: =IF(N3=0,"Pass","Fail") -> Pass
B10: program_status | C10: date | D10: 20 | G10: =IF(I10=J10,"Pass","Fail") -> Fail | H10: =IF(AND(ISBLANK(D10),F10>=0),"Pass",IF(F10<=D10,"Pass","Fail")) -> Pass | I10: =SUBSTITUTE(B10,"_","") -> programstatus | J10: =SUBSTITUTE(E10,"_","") | L10: % change in count with respect to previous count | M10: =IF(M4=0,0%,N4/M4) -> 0
B11: program_start_date | G11: =IF(I11=J11,"Pass","Fail") -> Fail | H11: =IF(AND(ISBLANK(D11),F11>=0),"Pass",IF(F11<=D11,"Pass","Fail")) -> Pass | I11: =SUBSTITUTE(B11,"_","") -> programstartdate | J11: =SUBSTITUTE(E11,"_","") | L11: % change in file size with respect to previous file | M11: =File_Size_Comparision!#REF! -> #REF!
B12: program_end_date | G12: =IF(I12=J12,"Pass","Fail") -> Fail | H12: =IF(AND(ISBLANK(D12),F12>=0),"Pass",IF(F12<=D12,"Pass","Fail")) -> Pass | I12: =SUBSTITUTE(B12,"_","") -> programenddate | J12: =SUBSTITUTE(E12,"_","")

Sheet Member_PCP
B1: Client layout | C1: Data Type | D1: Client Length | E1: Extract Layout | F1: Extract Length | G1: Layout Result | H1: Length Result | O1: Fail
B2: dw_record_id | C2: int | E2: dw_record_id | F2: 5 | G2: =IF(I2=J2,"Pass","Fail") -> Pass | H2: =IF(AND(ISBLANK(D2),F2>=0),"Pass",IF(F2<=D2,"Pass","Fail")) -> Pass | I2: =SUBSTITUTE(B2,"_","") -> dwrecordid | J2: =SUBSTITUTE(E2,"_","") -> dwrecordid | L2: Current Extract Count | M2: Previous Extract Count | N2: Difference
B3: dw_account_id | C3: varchar | D3: 10 | E3: dw_account_id | F3: 0 | G3: =IF(I3=J3,"Pass","Fail") -> Pass | H3: =IF(AND(ISBLANK(D3),F3>=0),"Pass",IF(F3<=D3,"Pass","Fail")) -> Pass | I3: =SUBSTITUTE(B3,"_","") -> dwaccountid | J3: =SUBSTITUTE(E3,"_","") -> dwaccountid | L3: 10929 | M3: 10923 | N3: =L3-M3 -> 6
B4: dw_client_id | C4: varchar | D4: 10 | E4: dw_client_id | F4: 8 | G4: =IF(I4=J4,"Pass","Fail") -> Pass | H4: =IF(AND(ISBLANK(D4),F4>=0),"Pass",IF(F4<=D4,"Pass","Fail")) -> Pass | I4: =SUBSTITUTE(B4,"_","") -> dwclientid | J4: =SUBSTITUTE(E4,"_","") -> dwclientid
B5: dw_member_id | C5: varchar | D5: 50 | E5: dw_member_id | F5: 32 | G5: =IF(I5=J5,"Pass","Fail") -> Pass | H5: =IF(AND(ISBLANK(D5),F5>=0),"Pass",IF(F5<=D5,"Pass","Fail")) -> Pass | I5: =SUBSTITUTE(B5,"_","") -> dwmemberid | J5: =SUBSTITUTE(E5,"_","") -> dwmemberid | L5: Overall | M5: Result
B6: mbr_id | C6: varchar | D6: 20 | E6: mbr_id | F6: 19 | G6: =IF(I6=J6,"Pass","Fail") -> Pass | H6: =IF(AND(ISBLANK(D6),F6>=0),"Pass",IF(F6<=D6,"Pass","Fail")) -> Pass | I6: =SUBSTITUTE(B6,"_","") -> mbrid | J6: =SUBSTITUTE(E6,"_","") -> mbrid | L6: Layout Result | M6: =IF(ISERROR(VLOOKUP($O$1,$G$2:$G$10,1,)),"Pass","Fail") -> Pass
B7: pcp_name | C7: varchar | D7: 100 | E7: pcp_name | F7: 10 | G7: =IF(I7=J7,"Pass","Fail") -> Pass | H7: =IF(AND(ISBLANK(D7),F7>=0),"Pass",IF(F7<=D7,"Pass","Fail")) -> Pass | I7: =SUBSTITUTE(B7,"_","") -> pcpname | J7: =SUBSTITUTE(E7,"_","") -> pcpname | L7: Field Length Result | M7: =IF(ISERROR(VLOOKUP($O$1,$H$2:$H$10,1,)),"Pass","Fail") -> Pass
B8: pcp_npi | C8: varchar | D8: 100 | E8: pcp_npi | F8: 0 | G8: =IF(I8=J8,"Pass","Fail") -> Pass | H8: =IF(AND(ISBLANK(D8),F8>=0),"Pass",IF(F8<=D8,"Pass","Fail")) -> Pass | I8: =SUBSTITUTE(B8,"_","") -> pcpnpi | J8: =SUBSTITUTE(E8,"_","") -> pcpnpi | L8: % change in count with respect to previous count | M8: =IF(M3=0,0%,N3/M3) -> 0.00054929964
B9: start_date | C9: date | E9: start_date | F9: 10 | G9: =IF(I9=J9,"Pass","Fail") -> Pass | H9: =IF(AND(ISBLANK(D9),F9>=0),"Pass",IF(F9<=D9,"Pass","Fail")) -> Pass | I9: =SUBSTITUTE(B9,"_","") -> startdate | J9: =SUBSTITUTE(E9,"_","") -> startdate | L9: % change in file size with respect to previous file | M9: =File_Size_Comparision!F9 -> 0.001003009
B10: end_date | C10: date | E10: end_date | F10: 10 | G10: =IF(I10=J10,"Pass","Fail") -> Pass | H10: =IF(AND(ISBLANK(D10),F10>=0),"Pass",IF(F10<=D10,"Pass","Fail")) -> Pass | I10: =SUBSTITUTE(B10,"_","") -> enddate | J10: =SUBSTITUTE(E10,"_","") -> enddate

Sheet Pharmacy
B1: Client layout | C1: Data Type | D1: Client Length | E1: Extract Layout | F1: Extract Length | G1: Layout Result | H1: Length Result | L1: Extract Total Count | M1: Application Total Count | N1: Difference | O1: Fail
B2: rev_transaction_num | C2: varchar | D2: 80 | E2: rev_transaction_num | F2: 20 | G2: =IF(I2=J2,"Pass","Fail") -> Pass | H2: =IF(AND(ISBLANK(D2),F2>=0),"Pass",IF(F2<=D2,"Pass","Fail")) -> Pass | I2: =SUBSTITUTE(B2,"_","") -> revtransactionnum | J2: =SUBSTITUTE(E2,"_","") -> revtransactionnum | L2: 300537 | M2: 300537 | N2: =L2-M2 -> 0
B3: ins_plan_type_code | C3: varchar | D3: 20 | E3: ins_plan_type_code | F3: 2 | G3: =IF(I3=J3,"Pass","Fail") -> Pass | H3: =IF(AND(ISBLANK(D3),F3>=0),"Pass",IF(F3<=D3,"Pass","Fail")) -> Pass | I3: =SUBSTITUTE(B3,"_","") -> insplantypecode | J3: =SUBSTITUTE(E3,"_","") -> insplantypecode | L3: Prior Count | M3: 288378 | N3: =L2-M3 -> 12159
B4: ins_plan_type_desc | C4: varchar | D4: 255 | E4: ins_plan_type_desc | F4: 5 | G4: =IF(I4=J4,"Pass","Fail") -> Pass | H4: =IF(AND(ISBLANK(D4),F4>=0),"Pass",IF(F4<=D4,"Pass","Fail")) -> Pass | I4: =SUBSTITUTE(B4,"_","") -> insplantypedesc | J4: =SUBSTITUTE(E4,"_","") -> insplantypedesc
B5: mbr_id | C5: varchar | D5: 30 | E5: mbr_id | F5: 19 | G5: =IF(I5=J5,"Pass","Fail") -> Pass | H5: =IF(AND(ISBLANK(D5),F5>=0),"Pass",IF(F5<=D5,"Pass","Fail")) -> Pass | I5: =SUBSTITUTE(B5,"_","") -> mbrid | J5: =SUBSTITUTE(E5,"_","") -> mbrid | L5: Overall | M5: Result
B6: mbr_first_name | C6: varchar | D6: 30 | E6: mbr_first_name | F6: 15 | G6: =IF(I6=J6,"Pass","Fail") -> Pass | H6: =IF(AND(ISBLANK(D6),F6>=0),"Pass",IF(F6<=D6,"Pass","Fail")) -> Pass | I6: =SUBSTITUTE(B6,"_","") -> mbrfirstname | J6: =SUBSTITUTE(E6,"_","") -> mbrfirstname | L6: Layout Result | M6: =IF(ISERROR(VLOOKUP($O$1,$G$2:$G$113,1,)),"Pass","Fail") -> Pass
B7: mbr_middle_name | C7: varchar | D7: 30 | E7: mbr_middle_name | F7: 1 | G7: =IF(I7=J7,"Pass","Fail") -> Pass | H7: =IF(AND(ISBLANK(D7),F7>=0),"Pass",IF(F7<=D7,"Pass","Fail")) -> Pass | I7: =SUBSTITUTE(B7,"_","") -> mbrmiddlename | J7: =SUBSTITUTE(E7,"_","") -> mbrmiddlename | L7: Field Length Result | M7: =IF(ISERROR(VLOOKUP($O$1,$H$2:$H$113,1,)),"Pass","Fail") -> Pass
B8: mbr_last_name | C8: varchar | D8: 30 | E8: mbr_last_name | F8: 19 | G8: =IF(I8=J8,"Pass","Fail") -> Pass | H8: =IF(AND(ISBLANK(D8),F8>=0),"Pass",IF(F8<=D8,"Pass","Fail")) -> Pass | I8: =SUBSTITUTE(B8,"_","") -> mbrlastname | J8: =SUBSTITUTE(E8,"_","") -> mbrlastname | L8: Count Result | M8: =IF(N2=0,"Pass","Fail") -> Pass
B9: mbr_gender | C9: varchar | D9: 2 | E9: mbr_gender | F9: 1 | G9: =IF(I9=J9,"Pass","Fail") -> Pass | H9: =IF(AND(ISBLANK(D9),F9>=0),"Pass",IF(F9<=D9,"Pass","Fail")) -> Pass | I9: =SUBSTITUTE(B9,"_","") -> mbrgender | J9: =SUBSTITUTE(E9,"_","") -> mbrgender | L9: % change in count with respect to previous count | M9: =IF(M3=0,0%,N3/M3) -> 0.042163411
B10: mbr_dob | C10: date | E10: mbr_dob | F10: 10 | G10: =IF(I10=J10,"Pass","Fail") -> Pass | H10: =IF(AND(ISBLANK(D10),F10>=0),"Pass",IF(F10<=D10,"Pass","Fail")) -> Pass | I10: =SUBSTITUTE(B10,"_","") -> mbrdob | J10: =SUBSTITUTE(E10,"_","") -> mbrdob | L10: % change in file size with respect to previous file | M10: =File_Size_Comparision!F10 -> 0.040173775
B11: mbr_city | C11: varchar | D11: 20 | E11: mbr_city | F11: 0 | G11: =IF(I11=J11,"Pass","Fail") -> Pass | H11: =IF(AND(ISBLANK(D11),F11>=0),"Pass",IF(F11<=D11,"Pass","Fail")) -> Pass | I11: =SUBSTITUTE(B11,"_","") -> mbrcity | J11: =SUBSTITUTE(E11,"_","") -> mbrcity
B12: mbr_county | C12: varchar | D12: 20 | E12: mbr_county | F12: 0 | G12: =IF(I12=J12,"Pass","Fail") -> Pass | H12: =IF(AND(ISBLANK(D12),F12>=0),"Pass",IF(F12<=D12,"Pass","Fail")) -> Pass | I12: =SUBSTITUTE(B12,"_","") -> mbrcounty | J12: =SUBSTITUTE(E12,"_","") -> mbrcounty
B13: mbr_zip | C13: varchar | D13: 10 | E13: mbr_zip | F13: 5 | G13: =IF(I13=J13,"Pass","Fail") -> Pass | H13: =IF(AND(ISBLANK(D13),F13>=0),"Pass",IF(F13<=D13,"Pass","Fail")) -> Pass | I13: =SUBSTITUTE(B13,"_","") -> mbrzip | J13: =SUBSTITUTE(E13,"_","") -> mbrzip
B14: mbr_relationship_code | C14: varchar | D14: 5 | E14: mbr_relationship_code | F14: 3 | G14: =IF(I14=J14,"Pass","Fail") -> Pass | H14: =IF(AND(ISBLANK(D14),F14>=0),"Pass",IF(F14<=D14,"Pass","Fail")) -> Pass | I14: =SUBSTITUTE(B14,"_","") -> mbrrelationshipcode | J14: =SUBSTITUTE(E14,"_","") -> mbrrelationshipcode
B15: mbr_relationship_desc | C15: varchar | D15: 22 | E15: mbr_relationship_desc | F15: 22 | G15: =IF(I15=J15,"Pass","Fail") -> Pass | H15: =IF(AND(ISBLANK(D15),F15>=0),"Pass",IF(F15<=D15,"Pass","Fail")) -> Pass | I15: =SUBSTITUTE(B15,"_","") -> mbrrelationshipdesc | J15: =SUBSTITUTE(E15,"_","") -> mbrrelationshipdesc
B16: ins_carrier_id | C16: varchar | D16: 20 | E16: ins_carrier_id | F16: 13 | G16: =IF(I16=J16,"Pass","Fail") -> Pass | H16: =IF(AND(ISBLANK(D16),F16>=0),"Pass",IF(F16<=D16,"Pass","Fail")) -> Pass | I16: =SUBSTITUTE(B16,"_","") -> inscarrierid | J16: =SUBSTITUTE(E16,"_","") -> inscarrierid
B17: ins_carrier_name | C17: varchar | D17: 50 | E17: ins_carrier_name | F17: 40 | G17: =IF(I17=J17,"Pass","Fail") -> Pass | H17: =IF(AND(ISBLANK(D17),F17>=0),"Pass",IF(F17<=D17,"Pass","Fail")) -> Pass | I17: =SUBSTITUTE(B17,"_","") -> inscarriername | J17: =SUBSTITUTE(E17,"_","") -> inscarriername
B18: ins_coverage_type_code | C18: varchar | D18: 20 | E18: ins_coverage_type_code | F18: 2 | G18: =IF(I18=J18,"Pass","Fail") -> Pass | H18: =IF(AND(ISBLANK(D18),F18>=0),"Pass",IF(F18<=D18,"Pass","Fail")) -> Pass | I18: =SUBSTITUTE(B18,"_","") -> inscoveragetypecode | J18: =SUBSTITUTE(E18,"_","") -> inscoveragetypecode
B19: ins_coverage_type_desc | C19: varchar | D19: 50 | E19: ins_coverage_type_desc | F19: 5 | G19: =IF(I19=J19,"Pass","Fail") -> Pass | H19: =IF(AND(ISBLANK(D19),F19>=0),"Pass",IF(F19<=D19,"Pass","Fail")) -> Pass | I19: =SUBSTITUTE(B19,"_","") -> inscoveragetypedesc | J19: =SUBSTITUTE(E19,"_","") -> inscoveragetypedesc
B20: ins_emp_group_id | C20: varchar | D20: 20 | E20: ins_emp_group_id | F20: 13 | G20: =IF(I20=J20,"Pass","Fail") -> Pass | H20: =IF(AND(ISBLANK(D20),F20>=0),"Pass",IF(F20<=D20,"Pass","Fail")) -> Pass | I20: =SUBSTITUTE(B20,"_","") -> insempgroupid | J20: =SUBSTITUTE(E20,"_","") -> insempgroupid
B21: ins_emp_group_name | C21: varchar | D21: 100 | E21: ins_emp_group_name | F21: 31 | G21: =IF(I21=J21,"Pass","Fail") -> Pass | H21: =IF(AND(ISBLANK(D21),F21>=0),"Pass",IF(F21<=D21,"Pass","Fail")) -> Pass | I21: =SUBSTITUTE(B21,"_","") -> insempgroupname | J21: =SUBSTITUTE(E21,"_","") -> insempgroupname
B22: ins_division_id | C22: varchar | D22: 20 | E22: ins_division_id | F22: 8 | G22: =IF(I22=J22,"Pass","Fail") -> Pass | H22: =IF(AND(ISBLANK(D22),F22>=0),"Pass",IF(F22<=D22,"Pass","Fail")) -> Pass | I22: =SUBSTITUTE(B22,"_","") -> insdivisionid | J22: =SUBSTITUTE(E22,"_","") -> insdivisionid
... B35: prv_type_code | C35: varchar | D35: 10 | E35: prv_type_code | F35: 0 | G35: =IF(I35=J35,"Pass","Fail") -> Pass | H35: =IF(AND(ISBLANK(D35),F35>=0),"Pass",IF(F35<=D35,"Pass","Fail")) -> Pass | I35: =SUBSTITUTE(B35,"_","") -> prvtypecode | J35: =SUBSTITUTE(E35,"_","") -> prvtypecode
B36: svc_written_date | C36: date | E36: svc_written_date | F36: 10 | G36: =IF(I36=J36,"Pass","Fail") -> Pass | H36: =IF(AND(ISBLANK(D36),F36>=0),"Pass",IF(F36<=D36,"Pass","Fail")) -> Pass | I36: =SUBSTITUTE(B36,"_","") -> svcwrittendate | J36: =SUBSTITUTE(E36,"_","") -> svcwrittendate
B37: svc_filled_date | C37: date | E37: svc_filled_date | F37: 10 | G37: =IF(I37=J37,"Pass","Fail") -> Pass | H37: =IF(AND(ISBLANK(D37),F37>=0),"Pass",IF(F37<=D37,"Pass","Fail")) -> Pass | I37: =SUBSTITUTE(B37,"_","") -> svcfilleddate | J37: =SUBSTITUTE(E37,"_","") -> svcfilleddate
B38: svc_service_date | C38: date | E38: svc_service_date | F38: 10 | G38: =IF(I38=J38,"Pass","Fail") -> Pass | H38: =IF(AND(ISBLANK(D38),F38>=0),"Pass",IF(F38<=D38,"Pass","Fail")) -> Pass | I38: =SUBSTITUTE(B38,"_","") -> svcservicedate | J38: =SUBSTITUTE(E38,"_","") -> svcservicedate
B39: rev_paid_date | C39: date | E39: rev_paid_date | F39: 10 | G39: =IF(I39=J39,"Pass","Fail") -> Pass | H39: =IF(AND(ISBLANK(D39),F39>=0),"Pass",IF(F39<=D39,"Pass","Fail")) -> Pass | I39: =SUBSTITUTE(B39,"_","") -> revpaiddate | J39: =SUBSTITUTE(E39,"_","") -> revpaiddate
B40: svc_ndc_code | C40: varchar | D40: 11 | E40: svc_ndc_code | F40: 11 | G40: =IF(I40=J40,"Pass","Fail") -> Pass | H40: =IF(AND(ISBLANK(D40),F40>=0),"Pass",IF(F40<=D40,"Pass","Fail")) -> Pass | I40: =SUBSTITUTE(B40,"_","") -> svcndccode | J40: =SUBSTITUTE(E40,"_","") -> svcndccode
B41: svc_ndc_desc | C41: varchar | D41: 256 | E41: svc_ndc_desc | F41: 34 | G41: =IF(I41=J41,"Pass","Fail") -> Pass | H41: =IF(AND(ISBLANK(D41),F41>=0),"Pass",IF(F41<=D41,"Pass","Fail")) -> Pass | I41: =SUBSTITUTE(B41,"_","") -> svcndcdesc | J41: =SUBSTITUTE(E41,"_","") -> svcndcdesc
B42: svc_rx_class_code | C42: varchar | D42: 12 | E42: svc_rx_class_code | F42: 4 | G42: =IF(I42=J42,"Pass","Fail") -> Pass | H42: =IF(AND(ISBLANK(D42),F42>=0),"Pass",IF(F42<=D42,"Pass","Fail")) -> Pass | I42: =SUBSTITUTE(B42,"_","") -> svcrxclasscode | J42: =SUBSTITUTE(E42,"_","") -> svcrxclasscode
B43: svc_rx_class_desc | C43: varchar | D43: 200 | E43: svc_rx_class_desc | F43: 40 | G43: =IF(I43=J43,"Pass","Fail") -> Pass | H43: =IF(AND(ISBLANK(D43),F43>=0),"Pass",IF(F43<=D43,"Pass","Fail")) -> Pass | I43: =SUBSTITUTE(B43,"_","") -> svcrxclassdesc | J43: =SUBSTITUTE(E43,"_","") -> svcrxclassdesc
B44: svc_drug_name | C44: varchar | D44: 200 | E44: svc_drug_name | F44: 30 | G44: =IF(I44=J44,"Pass","Fail") -> Pass | H44: =IF(AND(ISBLANK(D44),F44>=0),"Pass",IF(F44<=D44,"Pass","Fail")) -> Pass | I44: =SUBSTITUTE(B44,"_","") -> svcdrugname | J44: =SUBSTITUTE(E44,"_","") -> svcdrugname
B45: svc_dosage | C45: varchar | D45: 10 | E45: svc_dosage | F45: 0 | G45: =IF(I45=J45,"Pass","Fail") -> Pass | H45: =IF(AND(ISBLANK(D45),F45>=0),"Pass",IF(F45<=D45,"Pass","Fail")) -> Pass | I45: =SUBSTITUTE(B45,"_","") -> svcdosage | J45: =SUBSTITUTE(E45,"_","") -> svcdosage
B46: svc_drug_strength | C46: varchar | D46: 100 | E46: svc_drug_strength | F46: 60 | G46: =IF(I46=J46,"Pass","Fail") -> Pass | H46: =IF(AND(ISBLANK(D46),F46>=0),"Pass",IF(F46<=D46,"Pass","Fail")) -> Pass | I46: =SUBSTITUTE(B46,"_","") -> svcdrugstrength | J46: =SUBSTITUTE(E46,"_","") -> svcdrugstrength
B47: svc_unit_qty | C47: int | E47: svc_unit_qty | F47: 5 | G47: =IF(I47=J47,"Pass","Fail") -> Pass | H47: =IF(AND(ISBLANK(D47),F47>=0),"Pass",IF(F47<=D47,"Pass","Fail")) -> Pass | I47: =SUBSTITUTE(B47,"_","") -> svcunitqty | J47: =SUBSTITUTE(E47,"_","") -> svcunitqty
B48: svc_days_of_supply | C48: int | E48: svc_days_of_supply | F48: 4 | G48: =IF(I48=J48,"Pass","Fail") -> Pass | H48: =IF(AND(ISBLANK(D48),F48>=0),"Pass",IF(F48<=D48,"Pass","Fail")) -> Pass | I48: =SUBSTITUTE(B48,"_","") -> svcdaysofsupply | J48: =SUBSTITUTE(E48,"_","") -> svcdaysofsupply
B49: svc_label_name | C49: varchar | D49: 200 | E49: svc_label_name | F49: 30 | G49: =IF(I49=J49,"Pass","Fail") -> Pass | H49: =IF(AND(ISBLANK(D49),F49>=0),"Pass",IF(F49<=D49,"Pass","Fail")) -> Pass | I49: =SUBSTITUTE(B49,"_","") -> svclabelname | J49: =SUBSTITUTE(E49,"_","") -> svclabelname
B50: svc_formulary_plan_code | C50: varchar | D50: 10 | E50: svc_formulary_plan_code | F50: 0 | G50: =IF(I50=J50,"Pass","Fail") -> Pass | H50: =IF(AND(ISBLANK(D50),F50>=0),"Pass",IF(F50<=D50,"Pass","Fail")) -> Pass | I50: =SUBSTITUTE(B50,"_","") -> svcformularyplancode | J50: =SUBSTITUTE(E50,"_","") -> svcformularyplancode
B51: svc_formulary_flag | C51: varchar | D51: 1 | E51: svc_formulary_flag | F51: 1 | G51: =IF(I51=J51,"Pass","Fail") -> Pass | H51: =IF(AND(ISBLANK(D51),F51>=0),"Pass",IF(F51<=D51,"Pass","Fail")) -> Pass | I51: =SUBSTITUTE(B51,"_","") -> svcformularyflag | J51: =SUBSTITUTE(E51,"_","") -> svcformularyflag
B52: svc_generic_flag | C52: varchar | D52: 1 | E52: svc_generic_flag | F52: 1 | G52: =IF(I52=J52,"Pass","Fail") -> Pass | H52: =IF(AND(ISBLANK(D52),F52>=0),"Pass",IF(F52<=D52,"Pass","Fail")) -> Pass | I52: =SUBSTITUTE(B52,"_","") -> svcgenericflag | J52: =SUBSTITUTE(E52,"_","") -> svcgenericflag
B53: svc_mail_order_flag | C53: varchar | D53: 1 | E53: svc_mail_order_flag | F53: 1 | G53: =IF(I53=J53,"Pass","Fail") -> Pass | H53: =IF(AND(ISBLANK(D53),F53>=0),"Pass",IF(F53<=D53,"Pass","Fail")) -> Pass | I53: =SUBSTITUTE(B53,"_","") -> svcmailorderflag | J53: =SUBSTITUTE(E53,"_","") -> svcmailorderflag
B54: svc_refill_qty | C54: int | E54: svc_refill_qty | F54: 2 | G54: =IF(I54=J54,"Pass","Fail") -> Pass | H54: =IF(AND(ISBLANK(D54),F54>=0),"Pass",IF(F54<=D54,"Pass","Fail")) -> Pass | I54: =SUBSTITUTE(B54,"_","") -> svcrefillqty | J54: =SUBSTITUTE(E54,"_","") -> svcrefillqty
B55: svc_refill_allowed | C55: int | E55: svc_refill_allowed | F55: 2 | G55: =IF(I55=J55,"Pass","Fail") -> Pass | H55: =IF(AND(ISBLANK(D55),F55>=0),"Pass",IF(F55<=D55,"Pass","Fail")) -> Pass | I55: =SUBSTITUTE(B55,"_","") -> svcrefillallowed | J55: =SUBSTITUTE(E55,"_","") -> svcrefillallowed
B56: svc_counter_allow | C56: int | E56: svc_counter_allow | F56: 0 | G56: =IF(I56=J56,"Pass","Fail") -> Pass | H56: =IF(AND(ISBLANK(D56),F56>=0),"Pass",IF(F56<=D56,"Pass","Fail")) -> Pass | I56: =SUBSTITUTE(B56,"_","") -> svccounterallow | J56: =SUBSTITUTE(E56,"_","") -> svccounterallow
B57: svc_daw_code | C57: varchar | D57: 10 | E57: svc_daw_code | F57: 1 | G57: =IF(I57=J57,"Pass","Fail") -> Pass | H57: =IF(AND(ISBLANK(D57),F57>=0),"Pass",IF(F57<=D57,"Pass","Fail")) -> Pass | I57: =SUBSTITUTE(B57,"_","") -> svcdawcode | J57: =SUBSTITUTE(E57,"_","") -> svcdawcode
B58: svc_daw_desc | C58: varchar | D58: 64 | E58: svc_daw_desc | F58: 64 | G58: =IF(I58=J58,"Pass","Fail") -> Pass | H58: =IF(AND(ISBLANK(D58),F58>=0),"Pass",IF(F58<=D58,"Pass","Fail")) -> Pass | I58: =SUBSTITUTE(B58,"_","") -> svcdawdesc | J58: =SUBSTITUTE(E58,"_","") -> svcdawdesc
B59: rev_allowed_amt | C59: numeric | D59: 19,2 | E59: rev_allowed_amt | F59: 8 | G59: =IF(I59=J59,"Pass","Fail") -> Pass | H59: =IF(AND(ISBLANK(D59),F59>=0),"Pass",IF(F59<=D59,"Pass","Fail")) -> Pass | I59: =SUBSTITUTE(B59,"_","") -> revallowedamt | J59: =SUBSTITUTE(E59,"_","") -> revallowedamt
B60: rev_billed_amt | C60: numeric | D60: 19,2 | E60: rev_billed_amt | F60: 9 | G60: =IF(I60=J60,"Pass","Fail") -> Pass | H60: =IF(AND(ISBLANK(D60),F60>=0),"Pass",IF(F60<=D60,"Pass","Fail")) -> Pass | I60: =SUBSTITUTE(B60,"_","") -> revbilledamt | J60: =SUBSTITUTE(E60,"_","") -> revbilledamt
B61: rev_coinsurance_amt | C61: numeric | D61: 19,2 | E61: rev_coinsurance_amt | F61: 8 | G61: =IF(I61=J61,"Pass","Fail") -> Pass | H61: =IF(AND(ISBLANK(D61),F61>=0),"Pass",IF(F61<=D61,"Pass","Fail")) -> Pass | I61: =SUBSTITUTE(B61,"_","") -> revcoinsuranceamt | J61: =SUBSTITUTE(E61,"_","") -> revcoinsuranceamt
B62: rev_copay_amt | C62: numeric | D62: 19,2 | E62: rev_copay_amt | F62: 6 | G62: =IF(I62=J62,"Pass","Fail") -> Pass | H62: =IF(AND(ISBLANK(D62),F62>=0),"Pass",IF(F62<=D62,"Pass","Fail")) -> Pass | I62: =SUBSTITUTE(B62,"_","") -> revcopayamt | J62: =SUBSTITUTE(E62,"_","") -> revcopayamt
B63: rev_deductible_amt | C63: numeric | D63: 19,2 | E63: rev_deductible_amt | F63: 8 | G63: =IF(I63=J63,"Pass","Fail") -> Pass | H63: =IF(AND(ISBLANK(D63),F63>=0),"Pass",IF(F63<=D63,"Pass","Fail")) -> Pass | I63: =SUBSTITUTE(B63,"_","") -> revdeductibleamt | J63: =SUBSTITUTE(E63,"_","") -> revdeductibleamt
B64: rev_disp_fee_amt | C64: numeric | D64: 19,2 | E64: rev_disp_fee_amt | F64: 5 | G64: =IF(I64=J64,"Pass","Fail") -> Pass | H64: =IF(AND(ISBLANK(D64),F64>=0),"Pass",IF(F64<=D64,"Pass","Fail")) -> Pass | I64: =SUBSTITUTE(B64,"_","") -> revdispfeeamt | J64: =SUBSTITUTE(E64,"_","") -> revdispfeeamt
B65: rev_ingred_cost_amt | C65: numeric | D65: 19,2 | E65: rev_ingred_cost_amt | F65: 9 | G65: =IF(I65=J65,"Pass","Fail") -> Pass | H65: =IF(AND(ISBLANK(D65),F65>=0),"Pass",IF(F65<=D65,"Pass","Fail")) -> Pass | I65: =SUBSTITUTE(B65,"_","") -> revingredcostamt | J65: =SUBSTITUTE(E65,"_","") -> revingredcostamt
B66: rev_stax_amt | C66: numeric | D66: 19,2 | E66: rev_stax_amt | F66: 6 | G66: =IF(I66=J66,"Pass","Fail") -> Pass | H66: =IF(AND(ISBLANK(D66),F66>=0),"Pass",IF(F66<=D66,"Pass","Fail")) -> Pass | I66: =SUBSTITUTE(B66,"_","") -> revstaxamt | J66: =SUBSTITUTE(E66,"_","") -> revstaxamt
B67: rev_usual_cust_amt | C67: numeric | D67: 19,2 | E67: rev_usual_cust_amt | F67: 9 | G67: =IF(I67=J67,"Pass","Fail") -> Pass | H67: =IF(AND(ISBLANK(D67),F67>=0),"Pass",IF(F67<=D67,"Pass","Fail")) -> Pass | I67: =SUBSTITUTE(B67,"_","") -> revusualcustamt | J67: =SUBSTITUTE(E67,"_","") -> revusualcustamt
B68: rev_paid_amt | C68: numeric | D68: 19,2 | E68: rev_paid_amt | F68: 9 | G68: =IF(I68=J68,"Pass","Fail") -> Pass | H68: =IF(AND(ISBLANK(D68),F68>=0),"Pass",IF(F68<=D68,"Pass","Fail")) -> Pass | I68: =SUBSTITUTE(B68,"_","") -> revpaidamt | J68: =SUBSTITUTE(E68,"_","") -> revpaidamt
B69: rev_adjudication_code | C69: varchar | D69: 8 | E69: rev_adjudication_code | F69: 2 | G69: =IF(I69=J69,"Pass","Fail") -> Pass | H69: =IF(AND(ISBLANK(D69),F69>=0),"Pass",IF(F69<=D69,"Pass","Fail")) -> Pass | I69: =SUBSTITUTE(B69,"_","") -> revadjudicationcode | J69: =SUBSTITUTE(E69,"_","") -> revadjudicationcode
B70: rev_adjudication_desc | C70: varchar | D70: 50 | E70: rev_adjudication_desc | F70: 13 | G70: =IF(I70=J70,"Pass","Fail") -> Pass | H70: =IF(AND(ISBLANK(D70),F70>=0),"Pass",IF(F70<=D70,"Pass","Fail")) -> Pass | I70: =SUBSTITUTE(B70,"_","") -> revadjudicationdesc | J70: =SUBSTITUTE(E70,"_","") -> revadjudicationdesc
B71: udf1 | C71: varchar | D71: 100 | E71: udf1 | F71: 0 | G71: =IF(I71=J71,"Pass","Fail") -> Pass | H71: =IF(AND(ISBLANK(D71),F71>=0),"Pass",IF(F71<=D71,"Pass","Fail")) -> Pass | I71: =SUBSTITUTE(B71,"_","") -> udf1 | J71: =SUBSTITUTE(E71,"_","") -> udf1
B72: udf2 | C72: varchar | D72: 100 | E72: udf2 | F72: 0 | G72: =IF(I72=J72,"Pass","Fail") -> Pass | H72: =IF(AND(ISBLANK(D72),F72>=0),"Pass",IF(F72<=D72,"Pass","Fail")) -> Pass | I72: =SUBSTITUTE(B72,"_","") -> udf2 | J72: =SUBSTITUTE(E72,"_","") -> udf2
B73: udf3 | C73: varchar | D73: 100 | E73: udf3 | F73: 0 | G73: =IF(I73=J73,"Pass","Fail") -> Pass | H73: =IF(AND(ISBLANK(D73),F73>=0),"Pass",IF(F73<=D73,"Pass","Fail")) -> Pass | I73: =SUBSTITUTE(B73,"_","") -> udf3 | J73: =SUBSTITUTE(E73,"_","") -> udf3
B74: udf4 | C74: varchar | D74: 100 | E74: udf4 | F74: 0 | G74: =IF(I74=J74,"Pass","Fail") -> Pass | H74: =IF(AND(ISBLANK(D74),F74>=0),"Pass",IF(F74<=D74,"Pass","Fail")) -> Pass | I74: =SUBSTITUTE(B74,"_","") -> udf4 | J74: =SUBSTITUTE(E74,"_","") -> udf4
B75: udf5 | C75: varchar | D75: 100 | E75: udf5 | F75: 0 | G75: =IF(I75=J75,"Pass","Fail") -> Pass | H75: =IF(AND(ISBLANK(D75),F75>=0),"Pass",IF(F75<=D75,"Pass","Fail")) -> Pass | I75: =SUBSTITUTE(B75,"_","") -> udf5 | J75: =SUBSTITUTE(E75,"_","") -> udf5
B76: udf6 | C76: varchar | D76: 100 | E76: udf6 | F76: 0 | G76: =IF(I76=J76,"Pass","Fail") -> Pass | H76: =IF(AND(ISBLANK(D76),F76>=0),"Pass",IF(F76<=D76,"Pass","Fail")) -> Pass | I76: =SUBSTITUTE(B76,"_","") -> udf6 | J76: =SUBSTITUTE(E76,"_","") -> udf6
B77: udf7 | C77: varchar | D77: 100 | E77: udf7 | F77: 0 | G77: =IF(I77=J77,"Pass","Fail") -> Pass | H77: =IF(AND(ISBLANK(D77),F77>=0),"Pass",IF(F77<=D77,"Pass","Fail")) -> Pass | I77: =SUBSTITUTE(B77,"_","") -> udf7 | J77: =SUBSTITUTE(E77,"_","") -> udf7
B78: udf8 | C78: varchar | D78: 100 | E78: udf8 | F78: 0 | G78: =IF(I78=J78,"Pass","Fail") -> Pass | H78: =IF(AND(ISBLANK(D78),F78>=0),"Pass",IF(F78<=D78,"Pass","Fail")) -> Pass | I78: =SUBSTITUTE(B78,"_","") -> udf8 | J78: =SUBSTITUTE(E78,"_","") -> udf8
B79: udf9 | C79: varchar | D79: 100 | E79: udf9 | F79: 0 | G79: =IF(I79=J79,"Pass","Fail") -> Pass | H79: =IF(AND(ISBLANK(D79),F79>=0),"Pass",IF(F79<=D79,"Pass","Fail")) -> Pass | I79: =SUBSTITUTE(B79,"_","") -> udf9 | J79: =SUBSTITUTE(E79,"_","") -> udf9
B80: udf10 | C80: varchar | D80: 100 | E80: udf10 | F80: 0 | G80: =IF(I80=J80,"Pass","Fail") -> Pass | H80: =IF(AND(ISBLANK(D80),F80>=0),"Pass",IF(F80<=D80,"Pass","Fail")) -> Pass | I80: =SUBSTITUTE(B80,"_","") -> udf10 | J80: =SUBSTITUTE(E80,"_","") -> udf10
... B113: udf40 | C113: varchar | D113: 100 | E113: udf40 | F113: 0 | G113: =IF(I113=J113,"Pass","Fail") -> Pass | H113: =IF(AND(ISBLANK(D113),F113>=0),"Pass",IF(F113<=D113,"Pass","Fail")) -> Pass | I113: =SUBSTITUTE(B113,"_","") -> udf40 | J113: =SUBSTITUTE(E113,"_","") -> udf40

Sheet Quality_Metrics
B1: Client layout | C1: Data Type | D1: Client Length | E1: Extract Layout | F1: Extract Length | G1: Layout Result | H1: Length Result | O1: Fail
B2: dw_record_id | C2: int | E2: dw_record_id | F2: 6 | G2: =IF(I2=J2,"Pass","Fail") -> Pass | H2: =IF(AND(ISBLANK(D2),F2>=0),"Pass",IF(F2<=D2,"Pass","Fail")) -> Pass | I2: =SUBSTITUTE(B2,"_","") -> dwrecordid | J2: =SUBSTITUTE(E2,"_","") -> dwrecordid | L2: Current Extract Count | M2: Previous Extract Count | N2: Difference
B3: dw_member_id | C3: varchar | D3: 50 | E3: dw_member_id | F3: 32 | G3: =IF(I3=J3,"Pass","Fail") -> Pass | H3: =IF(AND(ISBLANK(D3),F3>=0),"Pass",IF(F3<=D3,"Pass","Fail")) -> Pass | I3: =SUBSTITUTE(B3,"_","") -> dwmemberid | J3: =SUBSTITUTE(E3,"_","") -> dwmemberid | L3: 457358 | M3: 427856 | N3: =L3-M3 -> 29502
B4: memberFirstName | C4: varchar | D4: 30 | E4: memberFirstName | F4: 17 | G4: =IF(I4=J4,"Pass","Fail") -> Pass | H4: =IF(AND(ISBLANK(D4),F4>=0),"Pass",IF(F4<=D4,"Pass","Fail")) -> Pass | I4: =SUBSTITUTE(B4,"_","") -> memberFirstName | J4: =SUBSTITUTE(E4,"_","") -> memberFirstName
B5: memberLastName | C5: varchar | D5: 30 | E5: memberLastName | F5: 19 | G5: =IF(I5=J5,"Pass","Fail") -> Pass | H5: =IF(AND(ISBLANK(D5),F5>=0),"Pass",IF(F5<=D5,"Pass","Fail")) -> Pass | I5: =SUBSTITUTE(B5,"_","") -> memberLastName | J5: =SUBSTITUTE(E5,"_","") -> memberLastName | L5: Overall | M5: Result
B6: memberGender | C6: varchar | D6: 5 | E6: memberGender | F6: 1 | G6: =IF(I6=J6,"Pass","Fail") -> Pass | H6: =IF(AND(ISBLANK(D6),F6>=0),"Pass",IF(F6<=D6,"Pass","Fail")) -> Pass | I6: =SUBSTITUTE(B6,"_","") -> memberGender | J6: =SUBSTITUTE(E6,"_","") -> memberGender | L6: Layout Result | M6: =IF(ISERROR(VLOOKUP($O$1,$G$2:$G$15,1,)),"Pass","Fail") -> Pass
B7: memberDOB | C7: date | E7: memberDOB | F7: 10 | G7: =IF(I7=J7,"Pass","Fail") -> Pass | H7: =IF(AND(ISBLANK(D7),F7>=0),"Pass",IF(F7<=D7,"Pass","Fail")) -> Pass | I7: =SUBSTITUTE(B7,"_","") -> memberDOB | J7: =SUBSTITUTE(E7,"_","") -> memberDOB | L7: Field Length Result | M7: =IF(ISERROR(VLOOKUP($O$1,$H$2:$H$15,1,)),"Pass","Fail") -> Pass
B8: measureId | C8: varchar | D8: 50 | E8: measureId | F8: 4 | G8: =IF(I8=J8,"Pass","Fail") -> Pass | H8: =IF(AND(ISBLANK(D8),F8>=0),"Pass",IF(F8<=D8,"Pass","Fail")) -> Pass | I8: =SUBSTITUTE(B8,"_","") -> measureId | J8: =SUBSTITUTE(E8,"_","") -> measureId | L8: % change in count with respect to previous count | M8: =IF(M3=0,0%,N3/M3) -> 0.068953106
B9: measureDesc | C9: varchar | D9: 200 | E9: measureDesc | F9: 108 | G9: =IF(I9=J9,"Pass","Fail") -> Pass | H9: =IF(AND(ISBLANK(D9),F9>=0),"Pass",IF(F9<=D9,"Pass","Fail")) -> Pass | I9: =SUBSTITUTE(B9,"_","") -> measureDesc | J9: =SUBSTITUTE(E9,"_","") -> measureDesc | L9: % change in file size with respect to previous file | M9: =File_Size_Comparision!F11 -> 0.065932659
B10: Positive/Negative | C10: varchar | D10: 50 | E10: Positive/Negative | F10: 1 | G10: =IF(I10=J10,"Pass","Fail") -> Pass | H10: =IF(AND(ISBLANK(D10),F10>=0),"Pass",IF(F10<=D10,"Pass","Fail")) -> Pass | I10: =SUBSTITUTE(B10,"_","") -> Positive/Negative | J10: =SUBSTITUTE(E10,"_","") -> Positive/Negative
B11: measureName | C11: varchar | D11: 200 | E11: measureName | F11: 55 | G11: =IF(I11=J11,"Pass","Fail") -> Pass | H11: =IF(AND(ISBLANK(D11),F11>=0),"Pass",IF(F11<=D11,"Pass","Fail")) -> Pass | I11: =SUBSTITUTE(B11,"_","") -> measureName | J11: =SUBSTITUTE(E11,"_","") -> measureName
B12: startDate | C12: date | E12: startDate | F12: 10 | G12: =IF(I12=J12,"Pass","Fail") -> Pass | H12: =IF(AND(ISBLANK(D12),F12>=0),"Pass",IF(F12<=D12,"Pass","Fail")) -> Pass | I12: =SUBSTITUTE(B12,"_","") -> startDate | J12: =SUBSTITUTE(E12,"_","") -> startDate
B13: EndDate | C13: date | E13: EndDate | F13: 10 | G13: =IF(I13=J13,"Pass","Fail") -> Pass | H13: =IF(AND(ISBLANK(D13),F13>=0),"Pass",IF(F13<=D13,"Pass","Fail")) -> Pass | I13: =SUBSTITUTE(B13,"_","") -> EndDate | J13: =SUBSTITUTE(E13,"_","") -> EndDate
B14: numerator | C14: varchar | D14: 1 | E14: numerator | F14: 1 | G14: =IF(I14=J14,"Pass","Fail") -> Pass | H14: =IF(AND(ISBLANK(D14),F14>=0),"Pass",IF(F14<=D14,"Pass","Fail")) -> Pass | I14: =SUBSTITUTE(B14,"_","") -> numerator | J14: =SUBSTITUTE(E14,"_","") -> numerator
B15: denomenator | C15: varchar | D15: 1 | E15: denomenator | F15: 1 | G15: =IF(I15=J15,"Pass","Fail") -> Pass | H15: =IF(AND(ISBLANK(D15),F15>=0),"Pass",IF(F15<=D15,"Pass","Fail")) -> Pass | I15: =SUBSTITUTE(B15,"_","") -> denomenator | J15: =SUBSTITUTE(E15,"_","") -> denomenator

Sheet Scores
B1: Client layout | C1: Data Type | D1: Client Length | E1: Extract Layout | F1: Extract Length | G1: Layout Result | H1: Length Result | O1: Fail
B2: dw_record_id | C2: int | E2: dw_record_id | F2: 5 | G2: =IF(I2=J2,"Pass","Fail") -> Pass | H2: =IF(AND(ISBLANK(D2),F2>=0),"Pass",IF(F2<=D2,"Pass","Fail")) -> Pass | I2: =SUBSTITUTE(B2,"_","") -> dwrecordid | J2: =SUBSTITUTE(E2,"_","") -> dwrecordid | L2: Current Extract Count | M2: Previous Extract Count | N2: Difference
B3: dw_account_id | C3: varchar | D3: 50 | E3: dw_account_id | F3: 0 | G3: =IF(I3=J3,"Pass","Fail") -> Pass | H3: =IF(AND(ISBLANK(D3),F3>=0),"Pass",IF(F3<=D3,"Pass","Fail")) -> Pass | I3: =SUBSTITUTE(B3,"_","") -> dwaccountid | J3: =SUBSTITUTE(E3,"_","") -> dwaccountid | L3: 18833 | M3: 17705 | N3: =L3-M3 -> 1128
B4: dw_client_id | C4: varchar | D4: 50 | E4: dw_client_id | F4: 8 | G4: =IF(I4=J4,"Pass","Fail") -> Pass | H4: =IF(AND(ISBLANK(D4),F4>=0),"Pass",IF(F4<=D4,"Pass","Fail")) -> Pass | I4: =SUBSTITUTE(B4,"_","") -> dwclientid | J4: =SUBSTITUTE(E4,"_","") -> dwclientid
B5: dw_member_id | C5: varchar | D5: 50 | E5: dw_member_id | F5: 32 | G5: =IF(I5=J5,"Pass","Fail") -> Pass | H5: =IF(AND(ISBLANK(D5),F5>=0),"Pass",IF(F5<=D5,"Pass","Fail")) -> Pass | I5: =SUBSTITUTE(B5,"_","") -> dwmemberid | J5: =SUBSTITUTE(E5,"_","") -> dwmemberid | L5: Overall | M5: Result
B6: mbr_id | C6: varchar | D6: 20 | E6: mbr_id | F6: 11 | G6: =IF(I6=J6,"Pass","Fail") -> Pass | H6: =IF(AND(ISBLANK(D6),F6>=0),"Pass",IF(F6<=D6,"Pass","Fail")) -> Pass | I6: =SUBSTITUTE(B6,"_","") -> mbrid | J6: =SUBSTITUTE(E6,"_","") -> mbrid | L6: Layout Result | M6: =IF(ISERROR(VLOOKUP($O$1,$G$2:$G$26,1,)),"Pass","Fail") -> Pass
B7: score_type | C7: varchar | D7: 50 | E7: score_type | F7: 0 | G7: =IF(I7=J7,"Pass","Fail") -> Pass | H7: =IF(AND(ISBLANK(D7),F7>=0),"Pass",IF(F7<=D7,"Pass","Fail")) -> Pass | I7: =SUBSTITUTE(B7,"_","") -> scoretype | J7: =SUBSTITUTE(E7,"_","") -> scoretype | L7: Field Length Result | M7: =IF(ISERROR(VLOOKUP($O$1,$H$2:$H$26,1,)),"Pass","Fail") -> Pass
B8: score_start_date | C8: date | E8: score_start_date | F8: 10 | G8: =IF(I8=J8,"Pass","Fail") -> Pass | H8: =IF(AND(ISBLANK(D8),F8>=0),"Pass",IF(F8<=D8,"Pass","Fail")) -> Pass | I8: =SUBSTITUTE(B8,"_","") -> scorestartdate | J8: =SUBSTITUTE(E8,"_","") -> scorestartdate | L8: % change in count with respect to previous count | M8: =IF(M3=0,0%,N3/M3) -> 0.063710816
B9: score_end_date | C9: date | E9: score_end_date | F9: 10 | G9: =IF(I9=J9,"Pass","Fail") -> Pass | H9: =IF(AND(ISBLANK(D9),F9>=0),"Pass",IF(F9<=D9,"Pass","Fail")) -> Pass | I9: =SUBSTITUTE(B9,"_","") -> scoreenddate | J9: =SUBSTITUTE(E9,"_","") -> scoreenddate | L9: % change in file size with respect to previous file | M9: =File_Size_Comparision!F12 -> 0.057823129
B10: ip_score | C10: varchar | D10: 50 | E10: ip_score | F10: 5 | G10: =IF(I10=J10,"Pass","Fail") -> Pass | H10: =IF(AND(ISBLANK(D10),F10>=0),"Pass",IF(F10<=D10,"Pass","Fail")) -> Pass | I10: =SUBSTITUTE(B10,"_","") -> ipscore | J10: =SUBSTITUTE(E10,"_","") -> ipscore
B11: op_score | C11: varchar | D11: 50 | E11: op_score | F11: 5 | G11: =IF(I11=J11,"Pass","Fail") -> Pass | H11: =IF(AND(ISBLANK(D11),F11>=0),"Pass",IF(F11<=D11,"Pass","Fail")) -> Pass | I11: =SUBSTITUTE(B11,"_","") -> opscore | J11: =SUBSTITUTE(E11,"_","") -> opscore
B12: phy_score | C12: varchar | D12: 50 | E12: phy_score | F12: 4 | G12: =IF(I12=J12,"Pass","Fail") -> Pass | H12: =IF(AND(ISBLANK(D12),F12>=0),"Pass",IF(F12<=D12,"Pass","Fail")) -> Pass | I12: =SUBSTITUTE(B12,"_","") -> physcore | J12: =SUBSTITUTE(E12,"_","") -> physcore
B13: rx_score | C13: varchar | D13: 50 | E13: rx_score | F13: 5 | G13: =IF(I13=J13,"Pass","Fail") -> Pass | H13: =IF(AND(ISBLANK(D13),F13>=0),"Pass",IF(F13<=D13,"Pass","Fail")) -> Pass | I13: =SUBSTITUTE(B13,"_","") -> rxscore | J13: =SUBSTITUTE(E13,"_","") -> rxscore
B14: med_score | C14: varchar | D14: 50 | E14: med_score | F14: 5 | G14: =IF(I14=J14,"Pass","Fail") -> Pass | H14: =IF(AND(ISBLANK(D14),F14>=0),"Pass",IF(F14<=D14,"Pass","Fail")) -> Pass | I14: =SUBSTITUTE(B14,"_","") -> medscore | J14: =SUBSTITUTE(E14,"_","") -> medscore
B15: total_score | C15: varchar | D15: 50 | E15: total_score | F15: 5 | G15: =IF(I15=J15,"Pass","Fail") -> Pass | H15: =IF(AND(ISBLANK(D15),F15>=0),"Pass",IF(F15<=D15,"Pass","Fail")) -> Pass | I15: =SUBSTITUTE(B15,"_","") -> totalscore | J15: =SUBSTITUTE(E15,"_","") -> totalscore
B16: concurrent_total | C16: varchar | D16: 50 | E16: concurrent_total | F16: 5 | G16: =IF(I16=J16,"Pass","Fail") -> Pass | H16: =IF(AND(ISBLANK(D16),F16>=0),"Pass",IF(F16<=D16,"Pass","Fail")) -> Pass | I16: =SUBSTITUTE(B16,"_","") -> concurrenttotal | J16: =SUBSTITUTE(E16,"_","") -> concurrenttotal
B17: erScore | C17: varchar | D17: 50 | E17: erScore | F17: 4 | G17: =IF(I17=J17,"Pass","Fail") -> Pass | H17: =IF(AND(ISBLANK(D17),F17>=0),"Pass",IF(F17<=D17,"Pass","Fail")) -> Pass | I17: =SUBSTITUTE(B17,"_","") -> erScore | J17: =SUBSTITUTE(E17,"_","") -> erScore
B18: otherScore | C18: varchar | D18: 50 | E18: otherScore | F18: 4 | G18: =IF(I18=J18,"Pass","Fail") -> Pass | H18: =IF(AND(ISBLANK(D18),F18>=0),"Pass",IF(F18<=D18,"Pass","Fail")) -> Pass | I18: =SUBSTITUTE(B18,"_","") -> otherScore | J18: =SUBSTITUTE(E18,"_","") -> otherScore
B19: concurrentInpatient | C19: varchar | D19: 50 | E19: concurrentInpatient | F19: 5 | G19: =IF(I19=J19,"Pass","Fail") -> Pass | H19: =IF(AND(ISBLANK(D19),F19>=0),"Pass",IF(F19<=D19,"Pass","Fail")) -> Pass | I19: =SUBSTITUTE(B19,"_","") -> concurrentInpatient | J19: =SUBSTITUTE(E19,"_","") -> concurrentInpatient
B20: concurrentMedical | C20: varchar | D20: 50 | E20: concurrentMedical | F20: 5 | G20: =IF(I20=J20,"Pass","Fail") -> Pass | H20: =IF(AND(ISBLANK(D20),F20>=0),"Pass",IF(F20<=D20,"Pass","Fail")) -> Pass | I20: =SUBSTITUTE(B20,"_","") -> concurrentMedical | J20: =SUBSTITUTE(E20,"_","") -> concurrentMedical
B21: concurrentOutpatient | C21: varchar | D21: 50 | E21: concurrentOutpatient | F21: 5 | G21: =IF(I21=J21,"Pass","Fail") -> Pass | H21: =IF(AND(ISBLANK(D21),F21>=0),"Pass",IF(F21<=D21,"Pass","Fail")) -> Pass | I21: =SUBSTITUTE(B21,"_","") -> concurrentOutpatient | J21: =SUBSTITUTE(E21,"_","") -> concurrentOutpatient
... B26: concurrentPhyNormalizedToGroup | C26: varchar | D26: 50 | E26: concurrentPhyNormalizedToGroup | F26: 4 | G26: =IF(I26=J26,"Pass","Fail") -> Pass | H26: =IF(AND(ISBLANK(D26),F26>=0),"Pass",IF(F26<=D26,"Pass","Fail")) -> Pass | I26: =SUBSTITUTE(B26,"_","") -> concurrentPhyNormalizedToGroup | J26: =SUBSTITUTE(E26,"_","") -> concurrentPhyNormalizedToGroup

Sheet Visit
B1: Client layout | C1: Data Type | D1: Client Length | E1: Extract Layout | F1: Extract Length | G1: Layout Result | H1: Length Result | O1: Fail
B2: dw_record_id | C2: int | E2: dw_record_id | F2: 6 | G2: =IF(I2=J2,"Pass","Fail") -> Pass | H2: =IF(AND(ISBLANK(D2),F2>=0),"Pass",IF(F2<=D2,"Pass","Fail")) -> Pass | I2: =SUBSTITUTE(B2,"_","") -> dwrecordid | J2: =SUBSTITUTE(E2,"_","") -> dwrecordid | L2: Current Extract Count | M2: Previous Extract Count | N2: Difference
B3: dw_account_id | C3: varchar | D3: 50 | E3: dw_account_id | F3: 0 | G3: =IF(I3=J3,"Pass","Fail") -> Pass | H3: =IF(AND(ISBLANK(D3),F3>=0),"Pass",IF(F3<=D3,"Pass","Fail")) -> Pass | I3: =SUBSTITUTE(B3,"_","") -> dwaccountid | J3: =SUBSTITUTE(E3,"_","") -> dwaccountid | L3: 112525 | M3: 109154 | N3: =L3-M3 -> 3371
B4: dw_client_id | C4: varchar | D4: 50 | E4: dw_client_id | F4: 8 | G4: =IF(I4=J4,"Pass","Fail") -> Pass | H4: =IF(AND(ISBLANK(D4),F4>=0),"Pass",IF(F4<=D4,"Pass","Fail")) -> Pass | I4: =SUBSTITUTE(B4,"_","") -> dwclientid | J4: =SUBSTITUTE(E4,"_","") -> dwclientid
B5: dw_member_id | C5: varchar | D5: 50 | E5: dw_member_id | F5: 32 | G5: =IF(I5=J5,"Pass","Fail") -> Pass | H5: =IF(AND(ISBLANK(D5),F5>=0),"Pass",IF(F5<=D5,"Pass","Fail")) -> Pass | I5: =SUBSTITUTE(B5,"_","") -> dwmemberid | J5: =SUBSTITUTE(E5,"_","") -> dwmemberid | L5: Overall | M5: Result
B6: mbr_id | C6: varchar | D6: 20 | E6: mbr_id | F6: 11 | G6: =IF(I6=J6,"Pass","Fail") -> Pass | H6: =IF(AND(ISBLANK(D6),F6>=0),"Pass",IF(F6<=D6,"Pass","Fail")) -> Pass | I6: =SUBSTITUTE(B6,"_","") -> mbrid | J6: =SUBSTITUTE(E6,"_","") -> mbrid | L6: Layout Result | M6: =IF(ISERROR(VLOOKUP($O$1,$G$2:$G$13,1,)),"Pass","Fail") -> Pass
B7: mbr_visit_type | C7: varchar | D7: 50 | E7: mbr_visit_type | F7: 29 | G7: =IF(I7=J7,"Pass","Fail") -> Pass | H7: =IF(AND(ISBLANK(D7),F7>=0),"Pass",IF(F7<=D7,"Pass","Fail")) -> Pass | I7: =SUBSTITUTE(B7,"_","") -> mbrvisittype | J7: =SUBSTITUTE(E7,"_","") -> mbrvisittype | L7: Field Length Result | M7: =IF(ISERROR(VLOOKUP($O$1,$H$2:$H$13,1,)),"Pass","Fail") -> Pass
B8: mbr_start_date | C8: date | E8: mbr_start_date | F8: 10 | G8: =IF(I8=J8,"Pass","Fail") -> Pass | H8: =IF(AND(ISBLANK(D8),F8>=0),"Pass",IF(F8<=D8,"Pass","Fail")) -> Pass | I8: =SUBSTITUTE(B8,"_","") -> mbrstartdate | J8: =SUBSTITUTE(E8,"_","") -> mbrstartdate | L8: % change in count with respect to previous count | M8: =IF(M3=0,0%,N3/M3) -> 0.030882973
B9: mbr_end_date | C9: date | E9: mbr_end_date | F9: 10 | G9: =IF(I9=J9,"Pass","Fail") -> Pass | H9: =IF(AND(ISBLANK(D9),F9>=0),"Pass",IF(F9<=D9,"Pass","Fail")) -> Pass | I9: =SUBSTITUTE(B9,"_","") -> mbrenddate | J9: =SUBSTITUTE(E9,"_","") -> mbrenddate | L9: % change in file size with respect to previous file | M9: =File_Size_Comparision!F13 -> 0.032939189
B10: value | C10: varchar | D10: 20 | E10: value | F10: 1 | G10: =IF(I10=J10,"Pass","Fail") -> Pass | H10: =IF(AND(ISBLANK(D10),F10>=0),"Pass",IF(F10<=D10,"Pass","Fail")) -> Pass | I10: =SUBSTITUTE(B10,"_","") -> value | J10: =SUBSTITUTE(E10,"_","") -> value
B11: admission_type | C11: varchar | D11: 55 | E11: admission_type | F11: 26 | G11: =IF(I11=J11,"Pass","Fail") -> Pass | H11: =IF(AND(ISBLANK(D11),F11>=0),"Pass",IF(F11<=D11,"Pass","Fail")) -> Pass | I11: =SUBSTITUTE(B11,"_","") -> admissiontype | J11: =SUBSTITUTE(E11,"_","") -> admissiontype
B12: ip_days | C12: numeric | E12: ip_days | F12: 3 | G12: =IF(I12=J12,"Pass","Fail") -> Pass | H12: =IF(AND(ISBLANK(D12),F12>=0),"Pass",IF(F12<=D12,"Pass","Fail")) -> Pass | I12: =SUBSTITUTE(B12,"_","") -> ipdays | J12: =SUBSTITUTE(E12,"_","") -> ipdays
B13: admission_from_er | C13: varchar | D13: 1 | E13: admissionFromEr | F13: 1 | G13: =IF(I13=J13,"Pass","Fail") -> Pass | H13: =IF(AND(ISBLANK(D13),F13>=0),"Pass",IF(F13<=D13,"Pass","Fail")) -> Pass | I13: =SUBSTITUTE(B13,"_","") -> admissionfromer | J13: =SUBSTITUTE(E13,"_","") -> admissionFromEr
